WARNING - 2025-11-25 07:53:47 --> [DEPRECATED] Passing lowercase HTTP method "get" is deprecated. Use uppercase HTTP method like "GET". in SYSTEMPATH/Router/RouteCollection.php on line 1027.
 1 SYSTEMPATH/Router/RouteCollection.php(1027): trigger_error('Passing lowercase HTTP method "get" is deprecated. Use uppercase HTTP method like "GET".', 16384)
 2 APPPATH/Config/Routes.php(51): CodeIgniter\Router\RouteCollection->match([...], 'compte/repondre/(:num)', 'Compte::repondre/$1')
 3 SYSTEMPATH/Router/RouteCollection.php(340): require('/home/2025DIFAL3/e22308557/public_html/V1/ci/app/Config/Routes.php')
 4 SYSTEMPATH/CodeIgniter.php(823): CodeIgniter\Router\RouteCollection->loadRoutes()
 5 SYSTEMPATH/CodeIgniter.php(457): CodeIgniter\CodeIgniter->tryToRouteIt(null)
 6 SYSTEMPATH/CodeIgniter.php(355): CodeIgniter\CodeIgniter->handleRequest(null, Object(Config\Cache), false)
 7 SYSTEMPATH/Boot.php(325): CodeIgniter\CodeIgniter->run()
 8 SYSTEMPATH/Boot.php(67): CodeIgniter\Boot::runCodeIgniter(Object(CodeIgniter\CodeIgniter))
 9 FCPATH/index.php(56): CodeIgniter\Boot::bootWeb(Object(Config\Paths))
WARNING - 2025-11-25 07:53:47 --> [DEPRECATED] Passing lowercase HTTP method "post" is deprecated. Use uppercase HTTP method like "POST". in SYSTEMPATH/Router/RouteCollection.php on line 1027.
 1 SYSTEMPATH/Router/RouteCollection.php(1027): trigger_error('Passing lowercase HTTP method "post" is deprecated. Use uppercase HTTP method like "POST".', 16384)
 2 APPPATH/Config/Routes.php(51): CodeIgniter\Router\RouteCollection->match([...], 'compte/repondre/(:num)', 'Compte::repondre/$1')
 3 SYSTEMPATH/Router/RouteCollection.php(340): require('/home/2025DIFAL3/e22308557/public_html/V1/ci/app/Config/Routes.php')
 4 SYSTEMPATH/CodeIgniter.php(823): CodeIgniter\Router\RouteCollection->loadRoutes()
 5 SYSTEMPATH/CodeIgniter.php(457): CodeIgniter\CodeIgniter->tryToRouteIt(null)
 6 SYSTEMPATH/CodeIgniter.php(355): CodeIgniter\CodeIgniter->handleRequest(null, Object(Config\Cache), false)
 7 SYSTEMPATH/Boot.php(325): CodeIgniter\CodeIgniter->run()
 8 SYSTEMPATH/Boot.php(67): CodeIgniter\Boot::runCodeIgniter(Object(CodeIgniter\CodeIgniter))
 9 FCPATH/index.php(56): CodeIgniter\Boot::bootWeb(Object(Config\Paths))
WARNING - 2025-11-25 07:53:51 --> [DEPRECATED] Passing lowercase HTTP method "get" is deprecated. Use uppercase HTTP method like "GET". in SYSTEMPATH/Router/RouteCollection.php on line 1027.
 1 SYSTEMPATH/Router/RouteCollection.php(1027): trigger_error('Passing lowercase HTTP method "get" is deprecated. Use uppercase HTTP method like "GET".', 16384)
 2 APPPATH/Config/Routes.php(51): CodeIgniter\Router\RouteCollection->match([...], 'compte/repondre/(:num)', 'Compte::repondre/$1')
 3 SYSTEMPATH/Router/RouteCollection.php(340): require('/home/2025DIFAL3/e22308557/public_html/V1/ci/app/Config/Routes.php')
 4 SYSTEMPATH/CodeIgniter.php(823): CodeIgniter\Router\RouteCollection->loadRoutes()
 5 SYSTEMPATH/CodeIgniter.php(457): CodeIgniter\CodeIgniter->tryToRouteIt(null)
 6 SYSTEMPATH/CodeIgniter.php(355): CodeIgniter\CodeIgniter->handleRequest(null, Object(Config\Cache), false)
 7 SYSTEMPATH/Boot.php(325): CodeIgniter\CodeIgniter->run()
 8 SYSTEMPATH/Boot.php(67): CodeIgniter\Boot::runCodeIgniter(Object(CodeIgniter\CodeIgniter))
 9 FCPATH/index.php(56): CodeIgniter\Boot::bootWeb(Object(Config\Paths))
WARNING - 2025-11-25 07:53:51 --> [DEPRECATED] Passing lowercase HTTP method "post" is deprecated. Use uppercase HTTP method like "POST". in SYSTEMPATH/Router/RouteCollection.php on line 1027.
 1 SYSTEMPATH/Router/RouteCollection.php(1027): trigger_error('Passing lowercase HTTP method "post" is deprecated. Use uppercase HTTP method like "POST".', 16384)
 2 APPPATH/Config/Routes.php(51): CodeIgniter\Router\RouteCollection->match([...], 'compte/repondre/(:num)', 'Compte::repondre/$1')
 3 SYSTEMPATH/Router/RouteCollection.php(340): require('/home/2025DIFAL3/e22308557/public_html/V1/ci/app/Config/Routes.php')
 4 SYSTEMPATH/CodeIgniter.php(823): CodeIgniter\Router\RouteCollection->loadRoutes()
 5 SYSTEMPATH/CodeIgniter.php(457): CodeIgniter\CodeIgniter->tryToRouteIt(null)
 6 SYSTEMPATH/CodeIgniter.php(355): CodeIgniter\CodeIgniter->handleRequest(null, Object(Config\Cache), false)
 7 SYSTEMPATH/Boot.php(325): CodeIgniter\CodeIgniter->run()
 8 SYSTEMPATH/Boot.php(67): CodeIgniter\Boot::runCodeIgniter(Object(CodeIgniter\CodeIgniter))
 9 FCPATH/index.php(56): CodeIgniter\Boot::bootWeb(Object(Config\Paths))
WARNING - 2025-11-25 07:53:51 --> [DEPRECATED] Creation of dynamic property App\Controllers\Compte::$model is deprecated in APPPATH/Controllers/Compte.php on line 11.
 1 SYSTEMPATH/CodeIgniter.php(903): App\Controllers\Compte->__construct()
 2 SYSTEMPATH/CodeIgniter.php(500): CodeIgniter\CodeIgniter->createController()
 3 SYSTEMPATH/CodeIgniter.php(355): CodeIgniter\CodeIgniter->handleRequest(null, Object(Config\Cache), false)
 4 SYSTEMPATH/Boot.php(325): CodeIgniter\CodeIgniter->run()
 5 SYSTEMPATH/Boot.php(67): CodeIgniter\Boot::runCodeIgniter(Object(CodeIgniter\CodeIgniter))
 6 FCPATH/index.php(56): CodeIgniter\Boot::bootWeb(Object(Config\Paths))
INFO - 2025-11-25 07:53:51 --> Session: Class initialized using 'CodeIgniter\Session\Handlers\FileHandler' driver.
WARNING - 2025-11-25 07:54:08 --> [DEPRECATED] Passing lowercase HTTP method "get" is deprecated. Use uppercase HTTP method like "GET". in SYSTEMPATH/Router/RouteCollection.php on line 1027.
 1 SYSTEMPATH/Router/RouteCollection.php(1027): trigger_error('Passing lowercase HTTP method "get" is deprecated. Use uppercase HTTP method like "GET".', 16384)
 2 APPPATH/Config/Routes.php(51): CodeIgniter\Router\RouteCollection->match([...], 'compte/repondre/(:num)', 'Compte::repondre/$1')
 3 SYSTEMPATH/Router/RouteCollection.php(340): require('/home/2025DIFAL3/e22308557/public_html/V1/ci/app/Config/Routes.php')
 4 SYSTEMPATH/CodeIgniter.php(823): CodeIgniter\Router\RouteCollection->loadRoutes()
 5 SYSTEMPATH/CodeIgniter.php(457): CodeIgniter\CodeIgniter->tryToRouteIt(null)
 6 SYSTEMPATH/CodeIgniter.php(355): CodeIgniter\CodeIgniter->handleRequest(null, Object(Config\Cache), false)
 7 SYSTEMPATH/Boot.php(325): CodeIgniter\CodeIgniter->run()
 8 SYSTEMPATH/Boot.php(67): CodeIgniter\Boot::runCodeIgniter(Object(CodeIgniter\CodeIgniter))
 9 FCPATH/index.php(56): CodeIgniter\Boot::bootWeb(Object(Config\Paths))
WARNING - 2025-11-25 07:54:08 --> [DEPRECATED] Passing lowercase HTTP method "post" is deprecated. Use uppercase HTTP method like "POST". in SYSTEMPATH/Router/RouteCollection.php on line 1027.
 1 SYSTEMPATH/Router/RouteCollection.php(1027): trigger_error('Passing lowercase HTTP method "post" is deprecated. Use uppercase HTTP method like "POST".', 16384)
 2 APPPATH/Config/Routes.php(51): CodeIgniter\Router\RouteCollection->match([...], 'compte/repondre/(:num)', 'Compte::repondre/$1')
 3 SYSTEMPATH/Router/RouteCollection.php(340): require('/home/2025DIFAL3/e22308557/public_html/V1/ci/app/Config/Routes.php')
 4 SYSTEMPATH/CodeIgniter.php(823): CodeIgniter\Router\RouteCollection->loadRoutes()
 5 SYSTEMPATH/CodeIgniter.php(457): CodeIgniter\CodeIgniter->tryToRouteIt(null)
 6 SYSTEMPATH/CodeIgniter.php(355): CodeIgniter\CodeIgniter->handleRequest(null, Object(Config\Cache), false)
 7 SYSTEMPATH/Boot.php(325): CodeIgniter\CodeIgniter->run()
 8 SYSTEMPATH/Boot.php(67): CodeIgniter\Boot::runCodeIgniter(Object(CodeIgniter\CodeIgniter))
 9 FCPATH/index.php(56): CodeIgniter\Boot::bootWeb(Object(Config\Paths))
WARNING - 2025-11-25 07:54:08 --> [DEPRECATED] Creation of dynamic property App\Controllers\Compte::$model is deprecated in APPPATH/Controllers/Compte.php on line 11.
 1 SYSTEMPATH/CodeIgniter.php(903): App\Controllers\Compte->__construct()
 2 SYSTEMPATH/CodeIgniter.php(500): CodeIgniter\CodeIgniter->createController()
 3 SYSTEMPATH/CodeIgniter.php(355): CodeIgniter\CodeIgniter->handleRequest(null, Object(Config\Cache), false)
 4 SYSTEMPATH/Boot.php(325): CodeIgniter\CodeIgniter->run()
 5 SYSTEMPATH/Boot.php(67): CodeIgniter\Boot::runCodeIgniter(Object(CodeIgniter\CodeIgniter))
 6 FCPATH/index.php(56): CodeIgniter\Boot::bootWeb(Object(Config\Paths))
INFO - 2025-11-25 07:54:08 --> Session: Class initialized using 'CodeIgniter\Session\Handlers\FileHandler' driver.
WARNING - 2025-11-25 07:54:08 --> [DEPRECATED] Passing lowercase HTTP method "get" is deprecated. Use uppercase HTTP method like "GET". in SYSTEMPATH/Router/RouteCollection.php on line 1027.
 1 SYSTEMPATH/Router/RouteCollection.php(1027): trigger_error('Passing lowercase HTTP method "get" is deprecated. Use uppercase HTTP method like "GET".', 16384)
 2 APPPATH/Config/Routes.php(51): CodeIgniter\Router\RouteCollection->match([...], 'compte/repondre/(:num)', 'Compte::repondre/$1')
 3 SYSTEMPATH/Router/RouteCollection.php(340): require('/home/2025DIFAL3/e22308557/public_html/V1/ci/app/Config/Routes.php')
 4 SYSTEMPATH/CodeIgniter.php(823): CodeIgniter\Router\RouteCollection->loadRoutes()
 5 SYSTEMPATH/CodeIgniter.php(457): CodeIgniter\CodeIgniter->tryToRouteIt(null)
 6 SYSTEMPATH/CodeIgniter.php(355): CodeIgniter\CodeIgniter->handleRequest(null, Object(Config\Cache), false)
 7 SYSTEMPATH/Boot.php(325): CodeIgniter\CodeIgniter->run()
 8 SYSTEMPATH/Boot.php(67): CodeIgniter\Boot::runCodeIgniter(Object(CodeIgniter\CodeIgniter))
 9 FCPATH/index.php(56): CodeIgniter\Boot::bootWeb(Object(Config\Paths))
WARNING - 2025-11-25 07:54:08 --> [DEPRECATED] Passing lowercase HTTP method "post" is deprecated. Use uppercase HTTP method like "POST". in SYSTEMPATH/Router/RouteCollection.php on line 1027.
 1 SYSTEMPATH/Router/RouteCollection.php(1027): trigger_error('Passing lowercase HTTP method "post" is deprecated. Use uppercase HTTP method like "POST".', 16384)
 2 APPPATH/Config/Routes.php(51): CodeIgniter\Router\RouteCollection->match([...], 'compte/repondre/(:num)', 'Compte::repondre/$1')
 3 SYSTEMPATH/Router/RouteCollection.php(340): require('/home/2025DIFAL3/e22308557/public_html/V1/ci/app/Config/Routes.php')
 4 SYSTEMPATH/CodeIgniter.php(823): CodeIgniter\Router\RouteCollection->loadRoutes()
 5 SYSTEMPATH/CodeIgniter.php(457): CodeIgniter\CodeIgniter->tryToRouteIt(null)
 6 SYSTEMPATH/CodeIgniter.php(355): CodeIgniter\CodeIgniter->handleRequest(null, Object(Config\Cache), false)
 7 SYSTEMPATH/Boot.php(325): CodeIgniter\CodeIgniter->run()
 8 SYSTEMPATH/Boot.php(67): CodeIgniter\Boot::runCodeIgniter(Object(CodeIgniter\CodeIgniter))
 9 FCPATH/index.php(56): CodeIgniter\Boot::bootWeb(Object(Config\Paths))
WARNING - 2025-11-25 07:54:08 --> [DEPRECATED] Creation of dynamic property App\Controllers\Compte::$model is deprecated in APPPATH/Controllers/Compte.php on line 11.
 1 SYSTEMPATH/CodeIgniter.php(903): App\Controllers\Compte->__construct()
 2 SYSTEMPATH/CodeIgniter.php(500): CodeIgniter\CodeIgniter->createController()
 3 SYSTEMPATH/CodeIgniter.php(355): CodeIgniter\CodeIgniter->handleRequest(null, Object(Config\Cache), false)
 4 SYSTEMPATH/Boot.php(325): CodeIgniter\CodeIgniter->run()
 5 SYSTEMPATH/Boot.php(67): CodeIgniter\Boot::runCodeIgniter(Object(CodeIgniter\CodeIgniter))
 6 FCPATH/index.php(56): CodeIgniter\Boot::bootWeb(Object(Config\Paths))
INFO - 2025-11-25 07:54:08 --> Session: Class initialized using 'CodeIgniter\Session\Handlers\FileHandler' driver.
WARNING - 2025-11-25 07:54:16 --> [DEPRECATED] Passing lowercase HTTP method "get" is deprecated. Use uppercase HTTP method like "GET". in SYSTEMPATH/Router/RouteCollection.php on line 1027.
 1 SYSTEMPATH/Router/RouteCollection.php(1027): trigger_error('Passing lowercase HTTP method "get" is deprecated. Use uppercase HTTP method like "GET".', 16384)
 2 APPPATH/Config/Routes.php(51): CodeIgniter\Router\RouteCollection->match([...], 'compte/repondre/(:num)', 'Compte::repondre/$1')
 3 SYSTEMPATH/Router/RouteCollection.php(340): require('/home/2025DIFAL3/e22308557/public_html/V1/ci/app/Config/Routes.php')
 4 SYSTEMPATH/CodeIgniter.php(823): CodeIgniter\Router\RouteCollection->loadRoutes()
 5 SYSTEMPATH/CodeIgniter.php(457): CodeIgniter\CodeIgniter->tryToRouteIt(null)
 6 SYSTEMPATH/CodeIgniter.php(355): CodeIgniter\CodeIgniter->handleRequest(null, Object(Config\Cache), false)
 7 SYSTEMPATH/Boot.php(325): CodeIgniter\CodeIgniter->run()
 8 SYSTEMPATH/Boot.php(67): CodeIgniter\Boot::runCodeIgniter(Object(CodeIgniter\CodeIgniter))
 9 FCPATH/index.php(56): CodeIgniter\Boot::bootWeb(Object(Config\Paths))
WARNING - 2025-11-25 07:54:16 --> [DEPRECATED] Passing lowercase HTTP method "post" is deprecated. Use uppercase HTTP method like "POST". in SYSTEMPATH/Router/RouteCollection.php on line 1027.
 1 SYSTEMPATH/Router/RouteCollection.php(1027): trigger_error('Passing lowercase HTTP method "post" is deprecated. Use uppercase HTTP method like "POST".', 16384)
 2 APPPATH/Config/Routes.php(51): CodeIgniter\Router\RouteCollection->match([...], 'compte/repondre/(:num)', 'Compte::repondre/$1')
 3 SYSTEMPATH/Router/RouteCollection.php(340): require('/home/2025DIFAL3/e22308557/public_html/V1/ci/app/Config/Routes.php')
 4 SYSTEMPATH/CodeIgniter.php(823): CodeIgniter\Router\RouteCollection->loadRoutes()
 5 SYSTEMPATH/CodeIgniter.php(457): CodeIgniter\CodeIgniter->tryToRouteIt(null)
 6 SYSTEMPATH/CodeIgniter.php(355): CodeIgniter\CodeIgniter->handleRequest(null, Object(Config\Cache), false)
 7 SYSTEMPATH/Boot.php(325): CodeIgniter\CodeIgniter->run()
 8 SYSTEMPATH/Boot.php(67): CodeIgniter\Boot::runCodeIgniter(Object(CodeIgniter\CodeIgniter))
 9 FCPATH/index.php(56): CodeIgniter\Boot::bootWeb(Object(Config\Paths))
WARNING - 2025-11-25 07:54:16 --> [DEPRECATED] Creation of dynamic property App\Controllers\Compte::$model is deprecated in APPPATH/Controllers/Compte.php on line 11.
 1 SYSTEMPATH/CodeIgniter.php(903): App\Controllers\Compte->__construct()
 2 SYSTEMPATH/CodeIgniter.php(500): CodeIgniter\CodeIgniter->createController()
 3 SYSTEMPATH/CodeIgniter.php(355): CodeIgniter\CodeIgniter->handleRequest(null, Object(Config\Cache), false)
 4 SYSTEMPATH/Boot.php(325): CodeIgniter\CodeIgniter->run()
 5 SYSTEMPATH/Boot.php(67): CodeIgniter\Boot::runCodeIgniter(Object(CodeIgniter\CodeIgniter))
 6 FCPATH/index.php(56): CodeIgniter\Boot::bootWeb(Object(Config\Paths))
INFO - 2025-11-25 07:54:16 --> Session: Class initialized using 'CodeIgniter\Session\Handlers\FileHandler' driver.
WARNING - 2025-11-25 07:54:21 --> [DEPRECATED] Passing lowercase HTTP method "get" is deprecated. Use uppercase HTTP method like "GET". in SYSTEMPATH/Router/RouteCollection.php on line 1027.
 1 SYSTEMPATH/Router/RouteCollection.php(1027): trigger_error('Passing lowercase HTTP method "get" is deprecated. Use uppercase HTTP method like "GET".', 16384)
 2 APPPATH/Config/Routes.php(51): CodeIgniter\Router\RouteCollection->match([...], 'compte/repondre/(:num)', 'Compte::repondre/$1')
 3 SYSTEMPATH/Router/RouteCollection.php(340): require('/home/2025DIFAL3/e22308557/public_html/V1/ci/app/Config/Routes.php')
 4 SYSTEMPATH/CodeIgniter.php(823): CodeIgniter\Router\RouteCollection->loadRoutes()
 5 SYSTEMPATH/CodeIgniter.php(457): CodeIgniter\CodeIgniter->tryToRouteIt(null)
 6 SYSTEMPATH/CodeIgniter.php(355): CodeIgniter\CodeIgniter->handleRequest(null, Object(Config\Cache), false)
 7 SYSTEMPATH/Boot.php(325): CodeIgniter\CodeIgniter->run()
 8 SYSTEMPATH/Boot.php(67): CodeIgniter\Boot::runCodeIgniter(Object(CodeIgniter\CodeIgniter))
 9 FCPATH/index.php(56): CodeIgniter\Boot::bootWeb(Object(Config\Paths))
WARNING - 2025-11-25 07:54:21 --> [DEPRECATED] Passing lowercase HTTP method "post" is deprecated. Use uppercase HTTP method like "POST". in SYSTEMPATH/Router/RouteCollection.php on line 1027.
 1 SYSTEMPATH/Router/RouteCollection.php(1027): trigger_error('Passing lowercase HTTP method "post" is deprecated. Use uppercase HTTP method like "POST".', 16384)
 2 APPPATH/Config/Routes.php(51): CodeIgniter\Router\RouteCollection->match([...], 'compte/repondre/(:num)', 'Compte::repondre/$1')
 3 SYSTEMPATH/Router/RouteCollection.php(340): require('/home/2025DIFAL3/e22308557/public_html/V1/ci/app/Config/Routes.php')
 4 SYSTEMPATH/CodeIgniter.php(823): CodeIgniter\Router\RouteCollection->loadRoutes()
 5 SYSTEMPATH/CodeIgniter.php(457): CodeIgniter\CodeIgniter->tryToRouteIt(null)
 6 SYSTEMPATH/CodeIgniter.php(355): CodeIgniter\CodeIgniter->handleRequest(null, Object(Config\Cache), false)
 7 SYSTEMPATH/Boot.php(325): CodeIgniter\CodeIgniter->run()
 8 SYSTEMPATH/Boot.php(67): CodeIgniter\Boot::runCodeIgniter(Object(CodeIgniter\CodeIgniter))
 9 FCPATH/index.php(56): CodeIgniter\Boot::bootWeb(Object(Config\Paths))
WARNING - 2025-11-25 07:54:21 --> [DEPRECATED] Creation of dynamic property App\Controllers\Compte::$model is deprecated in APPPATH/Controllers/Compte.php on line 11.
 1 SYSTEMPATH/CodeIgniter.php(903): App\Controllers\Compte->__construct()
 2 SYSTEMPATH/CodeIgniter.php(500): CodeIgniter\CodeIgniter->createController()
 3 SYSTEMPATH/CodeIgniter.php(355): CodeIgniter\CodeIgniter->handleRequest(null, Object(Config\Cache), false)
 4 SYSTEMPATH/Boot.php(325): CodeIgniter\CodeIgniter->run()
 5 SYSTEMPATH/Boot.php(67): CodeIgniter\Boot::runCodeIgniter(Object(CodeIgniter\CodeIgniter))
 6 FCPATH/index.php(56): CodeIgniter\Boot::bootWeb(Object(Config\Paths))
INFO - 2025-11-25 07:54:22 --> Session: Class initialized using 'CodeIgniter\Session\Handlers\FileHandler' driver.
WARNING - 2025-11-25 07:54:27 --> [DEPRECATED] Passing lowercase HTTP method "get" is deprecated. Use uppercase HTTP method like "GET". in SYSTEMPATH/Router/RouteCollection.php on line 1027.
 1 SYSTEMPATH/Router/RouteCollection.php(1027): trigger_error('Passing lowercase HTTP method "get" is deprecated. Use uppercase HTTP method like "GET".', 16384)
 2 APPPATH/Config/Routes.php(51): CodeIgniter\Router\RouteCollection->match([...], 'compte/repondre/(:num)', 'Compte::repondre/$1')
 3 SYSTEMPATH/Router/RouteCollection.php(340): require('/home/2025DIFAL3/e22308557/public_html/V1/ci/app/Config/Routes.php')
 4 SYSTEMPATH/CodeIgniter.php(823): CodeIgniter\Router\RouteCollection->loadRoutes()
 5 SYSTEMPATH/CodeIgniter.php(457): CodeIgniter\CodeIgniter->tryToRouteIt(null)
 6 SYSTEMPATH/CodeIgniter.php(355): CodeIgniter\CodeIgniter->handleRequest(null, Object(Config\Cache), false)
 7 SYSTEMPATH/Boot.php(325): CodeIgniter\CodeIgniter->run()
 8 SYSTEMPATH/Boot.php(67): CodeIgniter\Boot::runCodeIgniter(Object(CodeIgniter\CodeIgniter))
 9 FCPATH/index.php(56): CodeIgniter\Boot::bootWeb(Object(Config\Paths))
WARNING - 2025-11-25 07:54:27 --> [DEPRECATED] Passing lowercase HTTP method "post" is deprecated. Use uppercase HTTP method like "POST". in SYSTEMPATH/Router/RouteCollection.php on line 1027.
 1 SYSTEMPATH/Router/RouteCollection.php(1027): trigger_error('Passing lowercase HTTP method "post" is deprecated. Use uppercase HTTP method like "POST".', 16384)
 2 APPPATH/Config/Routes.php(51): CodeIgniter\Router\RouteCollection->match([...], 'compte/repondre/(:num)', 'Compte::repondre/$1')
 3 SYSTEMPATH/Router/RouteCollection.php(340): require('/home/2025DIFAL3/e22308557/public_html/V1/ci/app/Config/Routes.php')
 4 SYSTEMPATH/CodeIgniter.php(823): CodeIgniter\Router\RouteCollection->loadRoutes()
 5 SYSTEMPATH/CodeIgniter.php(457): CodeIgniter\CodeIgniter->tryToRouteIt(null)
 6 SYSTEMPATH/CodeIgniter.php(355): CodeIgniter\CodeIgniter->handleRequest(null, Object(Config\Cache), false)
 7 SYSTEMPATH/Boot.php(325): CodeIgniter\CodeIgniter->run()
 8 SYSTEMPATH/Boot.php(67): CodeIgniter\Boot::runCodeIgniter(Object(CodeIgniter\CodeIgniter))
 9 FCPATH/index.php(56): CodeIgniter\Boot::bootWeb(Object(Config\Paths))
WARNING - 2025-11-25 07:54:27 --> [DEPRECATED] Creation of dynamic property App\Controllers\Compte::$model is deprecated in APPPATH/Controllers/Compte.php on line 11.
 1 SYSTEMPATH/CodeIgniter.php(903): App\Controllers\Compte->__construct()
 2 SYSTEMPATH/CodeIgniter.php(500): CodeIgniter\CodeIgniter->createController()
 3 SYSTEMPATH/CodeIgniter.php(355): CodeIgniter\CodeIgniter->handleRequest(null, Object(Config\Cache), false)
 4 SYSTEMPATH/Boot.php(325): CodeIgniter\CodeIgniter->run()
 5 SYSTEMPATH/Boot.php(67): CodeIgniter\Boot::runCodeIgniter(Object(CodeIgniter\CodeIgniter))
 6 FCPATH/index.php(56): CodeIgniter\Boot::bootWeb(Object(Config\Paths))
INFO - 2025-11-25 07:54:27 --> Session: Class initialized using 'CodeIgniter\Session\Handlers\FileHandler' driver.
WARNING - 2025-11-25 07:54:29 --> [DEPRECATED] Passing lowercase HTTP method "get" is deprecated. Use uppercase HTTP method like "GET". in SYSTEMPATH/Router/RouteCollection.php on line 1027.
 1 SYSTEMPATH/Router/RouteCollection.php(1027): trigger_error('Passing lowercase HTTP method "get" is deprecated. Use uppercase HTTP method like "GET".', 16384)
 2 APPPATH/Config/Routes.php(51): CodeIgniter\Router\RouteCollection->match([...], 'compte/repondre/(:num)', 'Compte::repondre/$1')
 3 SYSTEMPATH/Router/RouteCollection.php(340): require('/home/2025DIFAL3/e22308557/public_html/V1/ci/app/Config/Routes.php')
 4 SYSTEMPATH/CodeIgniter.php(823): CodeIgniter\Router\RouteCollection->loadRoutes()
 5 SYSTEMPATH/CodeIgniter.php(457): CodeIgniter\CodeIgniter->tryToRouteIt(null)
 6 SYSTEMPATH/CodeIgniter.php(355): CodeIgniter\CodeIgniter->handleRequest(null, Object(Config\Cache), false)
 7 SYSTEMPATH/Boot.php(325): CodeIgniter\CodeIgniter->run()
 8 SYSTEMPATH/Boot.php(67): CodeIgniter\Boot::runCodeIgniter(Object(CodeIgniter\CodeIgniter))
 9 FCPATH/index.php(56): CodeIgniter\Boot::bootWeb(Object(Config\Paths))
WARNING - 2025-11-25 07:54:29 --> [DEPRECATED] Passing lowercase HTTP method "post" is deprecated. Use uppercase HTTP method like "POST". in SYSTEMPATH/Router/RouteCollection.php on line 1027.
 1 SYSTEMPATH/Router/RouteCollection.php(1027): trigger_error('Passing lowercase HTTP method "post" is deprecated. Use uppercase HTTP method like "POST".', 16384)
 2 APPPATH/Config/Routes.php(51): CodeIgniter\Router\RouteCollection->match([...], 'compte/repondre/(:num)', 'Compte::repondre/$1')
 3 SYSTEMPATH/Router/RouteCollection.php(340): require('/home/2025DIFAL3/e22308557/public_html/V1/ci/app/Config/Routes.php')
 4 SYSTEMPATH/CodeIgniter.php(823): CodeIgniter\Router\RouteCollection->loadRoutes()
 5 SYSTEMPATH/CodeIgniter.php(457): CodeIgniter\CodeIgniter->tryToRouteIt(null)
 6 SYSTEMPATH/CodeIgniter.php(355): CodeIgniter\CodeIgniter->handleRequest(null, Object(Config\Cache), false)
 7 SYSTEMPATH/Boot.php(325): CodeIgniter\CodeIgniter->run()
 8 SYSTEMPATH/Boot.php(67): CodeIgniter\Boot::runCodeIgniter(Object(CodeIgniter\CodeIgniter))
 9 FCPATH/index.php(56): CodeIgniter\Boot::bootWeb(Object(Config\Paths))
WARNING - 2025-11-25 07:54:29 --> [DEPRECATED] Creation of dynamic property App\Controllers\Compte::$model is deprecated in APPPATH/Controllers/Compte.php on line 11.
 1 SYSTEMPATH/CodeIgniter.php(903): App\Controllers\Compte->__construct()
 2 SYSTEMPATH/CodeIgniter.php(500): CodeIgniter\CodeIgniter->createController()
 3 SYSTEMPATH/CodeIgniter.php(355): CodeIgniter\CodeIgniter->handleRequest(null, Object(Config\Cache), false)
 4 SYSTEMPATH/Boot.php(325): CodeIgniter\CodeIgniter->run()
 5 SYSTEMPATH/Boot.php(67): CodeIgniter\Boot::runCodeIgniter(Object(CodeIgniter\CodeIgniter))
 6 FCPATH/index.php(56): CodeIgniter\Boot::bootWeb(Object(Config\Paths))
INFO - 2025-11-25 07:54:29 --> Session: Class initialized using 'CodeIgniter\Session\Handlers\FileHandler' driver.
WARNING - 2025-11-25 07:54:31 --> [DEPRECATED] Passing lowercase HTTP method "get" is deprecated. Use uppercase HTTP method like "GET". in SYSTEMPATH/Router/RouteCollection.php on line 1027.
 1 SYSTEMPATH/Router/RouteCollection.php(1027): trigger_error('Passing lowercase HTTP method "get" is deprecated. Use uppercase HTTP method like "GET".', 16384)
 2 APPPATH/Config/Routes.php(51): CodeIgniter\Router\RouteCollection->match([...], 'compte/repondre/(:num)', 'Compte::repondre/$1')
 3 SYSTEMPATH/Router/RouteCollection.php(340): require('/home/2025DIFAL3/e22308557/public_html/V1/ci/app/Config/Routes.php')
 4 SYSTEMPATH/CodeIgniter.php(823): CodeIgniter\Router\RouteCollection->loadRoutes()
 5 SYSTEMPATH/CodeIgniter.php(457): CodeIgniter\CodeIgniter->tryToRouteIt(null)
 6 SYSTEMPATH/CodeIgniter.php(355): CodeIgniter\CodeIgniter->handleRequest(null, Object(Config\Cache), false)
 7 SYSTEMPATH/Boot.php(325): CodeIgniter\CodeIgniter->run()
 8 SYSTEMPATH/Boot.php(67): CodeIgniter\Boot::runCodeIgniter(Object(CodeIgniter\CodeIgniter))
 9 FCPATH/index.php(56): CodeIgniter\Boot::bootWeb(Object(Config\Paths))
WARNING - 2025-11-25 07:54:31 --> [DEPRECATED] Passing lowercase HTTP method "post" is deprecated. Use uppercase HTTP method like "POST". in SYSTEMPATH/Router/RouteCollection.php on line 1027.
 1 SYSTEMPATH/Router/RouteCollection.php(1027): trigger_error('Passing lowercase HTTP method "post" is deprecated. Use uppercase HTTP method like "POST".', 16384)
 2 APPPATH/Config/Routes.php(51): CodeIgniter\Router\RouteCollection->match([...], 'compte/repondre/(:num)', 'Compte::repondre/$1')
 3 SYSTEMPATH/Router/RouteCollection.php(340): require('/home/2025DIFAL3/e22308557/public_html/V1/ci/app/Config/Routes.php')
 4 SYSTEMPATH/CodeIgniter.php(823): CodeIgniter\Router\RouteCollection->loadRoutes()
 5 SYSTEMPATH/CodeIgniter.php(457): CodeIgniter\CodeIgniter->tryToRouteIt(null)
 6 SYSTEMPATH/CodeIgniter.php(355): CodeIgniter\CodeIgniter->handleRequest(null, Object(Config\Cache), false)
 7 SYSTEMPATH/Boot.php(325): CodeIgniter\CodeIgniter->run()
 8 SYSTEMPATH/Boot.php(67): CodeIgniter\Boot::runCodeIgniter(Object(CodeIgniter\CodeIgniter))
 9 FCPATH/index.php(56): CodeIgniter\Boot::bootWeb(Object(Config\Paths))
WARNING - 2025-11-25 07:54:31 --> [DEPRECATED] Creation of dynamic property App\Controllers\Compte::$model is deprecated in APPPATH/Controllers/Compte.php on line 11.
 1 SYSTEMPATH/CodeIgniter.php(903): App\Controllers\Compte->__construct()
 2 SYSTEMPATH/CodeIgniter.php(500): CodeIgniter\CodeIgniter->createController()
 3 SYSTEMPATH/CodeIgniter.php(355): CodeIgniter\CodeIgniter->handleRequest(null, Object(Config\Cache), false)
 4 SYSTEMPATH/Boot.php(325): CodeIgniter\CodeIgniter->run()
 5 SYSTEMPATH/Boot.php(67): CodeIgniter\Boot::runCodeIgniter(Object(CodeIgniter\CodeIgniter))
 6 FCPATH/index.php(56): CodeIgniter\Boot::bootWeb(Object(Config\Paths))
INFO - 2025-11-25 07:54:31 --> Session: Class initialized using 'CodeIgniter\Session\Handlers\FileHandler' driver.
WARNING - 2025-11-25 07:54:34 --> [DEPRECATED] Passing lowercase HTTP method "get" is deprecated. Use uppercase HTTP method like "GET". in SYSTEMPATH/Router/RouteCollection.php on line 1027.
 1 SYSTEMPATH/Router/RouteCollection.php(1027): trigger_error('Passing lowercase HTTP method "get" is deprecated. Use uppercase HTTP method like "GET".', 16384)
 2 APPPATH/Config/Routes.php(51): CodeIgniter\Router\RouteCollection->match([...], 'compte/repondre/(:num)', 'Compte::repondre/$1')
 3 SYSTEMPATH/Router/RouteCollection.php(340): require('/home/2025DIFAL3/e22308557/public_html/V1/ci/app/Config/Routes.php')
 4 SYSTEMPATH/CodeIgniter.php(823): CodeIgniter\Router\RouteCollection->loadRoutes()
 5 SYSTEMPATH/CodeIgniter.php(457): CodeIgniter\CodeIgniter->tryToRouteIt(null)
 6 SYSTEMPATH/CodeIgniter.php(355): CodeIgniter\CodeIgniter->handleRequest(null, Object(Config\Cache), false)
 7 SYSTEMPATH/Boot.php(325): CodeIgniter\CodeIgniter->run()
 8 SYSTEMPATH/Boot.php(67): CodeIgniter\Boot::runCodeIgniter(Object(CodeIgniter\CodeIgniter))
 9 FCPATH/index.php(56): CodeIgniter\Boot::bootWeb(Object(Config\Paths))
WARNING - 2025-11-25 07:54:34 --> [DEPRECATED] Passing lowercase HTTP method "post" is deprecated. Use uppercase HTTP method like "POST". in SYSTEMPATH/Router/RouteCollection.php on line 1027.
 1 SYSTEMPATH/Router/RouteCollection.php(1027): trigger_error('Passing lowercase HTTP method "post" is deprecated. Use uppercase HTTP method like "POST".', 16384)
 2 APPPATH/Config/Routes.php(51): CodeIgniter\Router\RouteCollection->match([...], 'compte/repondre/(:num)', 'Compte::repondre/$1')
 3 SYSTEMPATH/Router/RouteCollection.php(340): require('/home/2025DIFAL3/e22308557/public_html/V1/ci/app/Config/Routes.php')
 4 SYSTEMPATH/CodeIgniter.php(823): CodeIgniter\Router\RouteCollection->loadRoutes()
 5 SYSTEMPATH/CodeIgniter.php(457): CodeIgniter\CodeIgniter->tryToRouteIt(null)
 6 SYSTEMPATH/CodeIgniter.php(355): CodeIgniter\CodeIgniter->handleRequest(null, Object(Config\Cache), false)
 7 SYSTEMPATH/Boot.php(325): CodeIgniter\CodeIgniter->run()
 8 SYSTEMPATH/Boot.php(67): CodeIgniter\Boot::runCodeIgniter(Object(CodeIgniter\CodeIgniter))
 9 FCPATH/index.php(56): CodeIgniter\Boot::bootWeb(Object(Config\Paths))
WARNING - 2025-11-25 07:54:34 --> [DEPRECATED] Creation of dynamic property App\Controllers\Compte::$model is deprecated in APPPATH/Controllers/Compte.php on line 11.
 1 SYSTEMPATH/CodeIgniter.php(903): App\Controllers\Compte->__construct()
 2 SYSTEMPATH/CodeIgniter.php(500): CodeIgniter\CodeIgniter->createController()
 3 SYSTEMPATH/CodeIgniter.php(355): CodeIgniter\CodeIgniter->handleRequest(null, Object(Config\Cache), false)
 4 SYSTEMPATH/Boot.php(325): CodeIgniter\CodeIgniter->run()
 5 SYSTEMPATH/Boot.php(67): CodeIgniter\Boot::runCodeIgniter(Object(CodeIgniter\CodeIgniter))
 6 FCPATH/index.php(56): CodeIgniter\Boot::bootWeb(Object(Config\Paths))
INFO - 2025-11-25 07:54:34 --> Session: Class initialized using 'CodeIgniter\Session\Handlers\FileHandler' driver.
WARNING - 2025-11-25 07:54:37 --> [DEPRECATED] Passing lowercase HTTP method "get" is deprecated. Use uppercase HTTP method like "GET". in SYSTEMPATH/Router/RouteCollection.php on line 1027.
 1 SYSTEMPATH/Router/RouteCollection.php(1027): trigger_error('Passing lowercase HTTP method "get" is deprecated. Use uppercase HTTP method like "GET".', 16384)
 2 APPPATH/Config/Routes.php(51): CodeIgniter\Router\RouteCollection->match([...], 'compte/repondre/(:num)', 'Compte::repondre/$1')
 3 SYSTEMPATH/Router/RouteCollection.php(340): require('/home/2025DIFAL3/e22308557/public_html/V1/ci/app/Config/Routes.php')
 4 SYSTEMPATH/CodeIgniter.php(823): CodeIgniter\Router\RouteCollection->loadRoutes()
 5 SYSTEMPATH/CodeIgniter.php(457): CodeIgniter\CodeIgniter->tryToRouteIt(null)
 6 SYSTEMPATH/CodeIgniter.php(355): CodeIgniter\CodeIgniter->handleRequest(null, Object(Config\Cache), false)
 7 SYSTEMPATH/Boot.php(325): CodeIgniter\CodeIgniter->run()
 8 SYSTEMPATH/Boot.php(67): CodeIgniter\Boot::runCodeIgniter(Object(CodeIgniter\CodeIgniter))
 9 FCPATH/index.php(56): CodeIgniter\Boot::bootWeb(Object(Config\Paths))
WARNING - 2025-11-25 07:54:37 --> [DEPRECATED] Passing lowercase HTTP method "post" is deprecated. Use uppercase HTTP method like "POST". in SYSTEMPATH/Router/RouteCollection.php on line 1027.
 1 SYSTEMPATH/Router/RouteCollection.php(1027): trigger_error('Passing lowercase HTTP method "post" is deprecated. Use uppercase HTTP method like "POST".', 16384)
 2 APPPATH/Config/Routes.php(51): CodeIgniter\Router\RouteCollection->match([...], 'compte/repondre/(:num)', 'Compte::repondre/$1')
 3 SYSTEMPATH/Router/RouteCollection.php(340): require('/home/2025DIFAL3/e22308557/public_html/V1/ci/app/Config/Routes.php')
 4 SYSTEMPATH/CodeIgniter.php(823): CodeIgniter\Router\RouteCollection->loadRoutes()
 5 SYSTEMPATH/CodeIgniter.php(457): CodeIgniter\CodeIgniter->tryToRouteIt(null)
 6 SYSTEMPATH/CodeIgniter.php(355): CodeIgniter\CodeIgniter->handleRequest(null, Object(Config\Cache), false)
 7 SYSTEMPATH/Boot.php(325): CodeIgniter\CodeIgniter->run()
 8 SYSTEMPATH/Boot.php(67): CodeIgniter\Boot::runCodeIgniter(Object(CodeIgniter\CodeIgniter))
 9 FCPATH/index.php(56): CodeIgniter\Boot::bootWeb(Object(Config\Paths))
WARNING - 2025-11-25 07:54:37 --> [DEPRECATED] Creation of dynamic property App\Controllers\Compte::$model is deprecated in APPPATH/Controllers/Compte.php on line 11.
 1 SYSTEMPATH/CodeIgniter.php(903): App\Controllers\Compte->__construct()
 2 SYSTEMPATH/CodeIgniter.php(500): CodeIgniter\CodeIgniter->createController()
 3 SYSTEMPATH/CodeIgniter.php(355): CodeIgniter\CodeIgniter->handleRequest(null, Object(Config\Cache), false)
 4 SYSTEMPATH/Boot.php(325): CodeIgniter\CodeIgniter->run()
 5 SYSTEMPATH/Boot.php(67): CodeIgniter\Boot::runCodeIgniter(Object(CodeIgniter\CodeIgniter))
 6 FCPATH/index.php(56): CodeIgniter\Boot::bootWeb(Object(Config\Paths))
INFO - 2025-11-25 07:54:37 --> Session: Class initialized using 'CodeIgniter\Session\Handlers\FileHandler' driver.
WARNING - 2025-11-25 07:54:40 --> [DEPRECATED] Passing lowercase HTTP method "get" is deprecated. Use uppercase HTTP method like "GET". in SYSTEMPATH/Router/RouteCollection.php on line 1027.
 1 SYSTEMPATH/Router/RouteCollection.php(1027): trigger_error('Passing lowercase HTTP method "get" is deprecated. Use uppercase HTTP method like "GET".', 16384)
 2 APPPATH/Config/Routes.php(51): CodeIgniter\Router\RouteCollection->match([...], 'compte/repondre/(:num)', 'Compte::repondre/$1')
 3 SYSTEMPATH/Router/RouteCollection.php(340): require('/home/2025DIFAL3/e22308557/public_html/V1/ci/app/Config/Routes.php')
 4 SYSTEMPATH/CodeIgniter.php(823): CodeIgniter\Router\RouteCollection->loadRoutes()
 5 SYSTEMPATH/CodeIgniter.php(457): CodeIgniter\CodeIgniter->tryToRouteIt(null)
 6 SYSTEMPATH/CodeIgniter.php(355): CodeIgniter\CodeIgniter->handleRequest(null, Object(Config\Cache), false)
 7 SYSTEMPATH/Boot.php(325): CodeIgniter\CodeIgniter->run()
 8 SYSTEMPATH/Boot.php(67): CodeIgniter\Boot::runCodeIgniter(Object(CodeIgniter\CodeIgniter))
 9 FCPATH/index.php(56): CodeIgniter\Boot::bootWeb(Object(Config\Paths))
WARNING - 2025-11-25 07:54:40 --> [DEPRECATED] Passing lowercase HTTP method "post" is deprecated. Use uppercase HTTP method like "POST". in SYSTEMPATH/Router/RouteCollection.php on line 1027.
 1 SYSTEMPATH/Router/RouteCollection.php(1027): trigger_error('Passing lowercase HTTP method "post" is deprecated. Use uppercase HTTP method like "POST".', 16384)
 2 APPPATH/Config/Routes.php(51): CodeIgniter\Router\RouteCollection->match([...], 'compte/repondre/(:num)', 'Compte::repondre/$1')
 3 SYSTEMPATH/Router/RouteCollection.php(340): require('/home/2025DIFAL3/e22308557/public_html/V1/ci/app/Config/Routes.php')
 4 SYSTEMPATH/CodeIgniter.php(823): CodeIgniter\Router\RouteCollection->loadRoutes()
 5 SYSTEMPATH/CodeIgniter.php(457): CodeIgniter\CodeIgniter->tryToRouteIt(null)
 6 SYSTEMPATH/CodeIgniter.php(355): CodeIgniter\CodeIgniter->handleRequest(null, Object(Config\Cache), false)
 7 SYSTEMPATH/Boot.php(325): CodeIgniter\CodeIgniter->run()
 8 SYSTEMPATH/Boot.php(67): CodeIgniter\Boot::runCodeIgniter(Object(CodeIgniter\CodeIgniter))
 9 FCPATH/index.php(56): CodeIgniter\Boot::bootWeb(Object(Config\Paths))
WARNING - 2025-11-25 07:54:40 --> [DEPRECATED] Creation of dynamic property App\Controllers\Compte::$model is deprecated in APPPATH/Controllers/Compte.php on line 11.
 1 SYSTEMPATH/CodeIgniter.php(903): App\Controllers\Compte->__construct()
 2 SYSTEMPATH/CodeIgniter.php(500): CodeIgniter\CodeIgniter->createController()
 3 SYSTEMPATH/CodeIgniter.php(355): CodeIgniter\CodeIgniter->handleRequest(null, Object(Config\Cache), false)
 4 SYSTEMPATH/Boot.php(325): CodeIgniter\CodeIgniter->run()
 5 SYSTEMPATH/Boot.php(67): CodeIgniter\Boot::runCodeIgniter(Object(CodeIgniter\CodeIgniter))
 6 FCPATH/index.php(56): CodeIgniter\Boot::bootWeb(Object(Config\Paths))
INFO - 2025-11-25 07:54:40 --> Session: Class initialized using 'CodeIgniter\Session\Handlers\FileHandler' driver.
WARNING - 2025-11-25 07:54:41 --> [DEPRECATED] Passing lowercase HTTP method "get" is deprecated. Use uppercase HTTP method like "GET". in SYSTEMPATH/Router/RouteCollection.php on line 1027.
 1 SYSTEMPATH/Router/RouteCollection.php(1027): trigger_error('Passing lowercase HTTP method "get" is deprecated. Use uppercase HTTP method like "GET".', 16384)
 2 APPPATH/Config/Routes.php(51): CodeIgniter\Router\RouteCollection->match([...], 'compte/repondre/(:num)', 'Compte::repondre/$1')
 3 SYSTEMPATH/Router/RouteCollection.php(340): require('/home/2025DIFAL3/e22308557/public_html/V1/ci/app/Config/Routes.php')
 4 SYSTEMPATH/CodeIgniter.php(823): CodeIgniter\Router\RouteCollection->loadRoutes()
 5 SYSTEMPATH/CodeIgniter.php(457): CodeIgniter\CodeIgniter->tryToRouteIt(null)
 6 SYSTEMPATH/CodeIgniter.php(355): CodeIgniter\CodeIgniter->handleRequest(null, Object(Config\Cache), false)
 7 SYSTEMPATH/Boot.php(325): CodeIgniter\CodeIgniter->run()
 8 SYSTEMPATH/Boot.php(67): CodeIgniter\Boot::runCodeIgniter(Object(CodeIgniter\CodeIgniter))
 9 FCPATH/index.php(56): CodeIgniter\Boot::bootWeb(Object(Config\Paths))
WARNING - 2025-11-25 07:54:41 --> [DEPRECATED] Passing lowercase HTTP method "post" is deprecated. Use uppercase HTTP method like "POST". in SYSTEMPATH/Router/RouteCollection.php on line 1027.
 1 SYSTEMPATH/Router/RouteCollection.php(1027): trigger_error('Passing lowercase HTTP method "post" is deprecated. Use uppercase HTTP method like "POST".', 16384)
 2 APPPATH/Config/Routes.php(51): CodeIgniter\Router\RouteCollection->match([...], 'compte/repondre/(:num)', 'Compte::repondre/$1')
 3 SYSTEMPATH/Router/RouteCollection.php(340): require('/home/2025DIFAL3/e22308557/public_html/V1/ci/app/Config/Routes.php')
 4 SYSTEMPATH/CodeIgniter.php(823): CodeIgniter\Router\RouteCollection->loadRoutes()
 5 SYSTEMPATH/CodeIgniter.php(457): CodeIgniter\CodeIgniter->tryToRouteIt(null)
 6 SYSTEMPATH/CodeIgniter.php(355): CodeIgniter\CodeIgniter->handleRequest(null, Object(Config\Cache), false)
 7 SYSTEMPATH/Boot.php(325): CodeIgniter\CodeIgniter->run()
 8 SYSTEMPATH/Boot.php(67): CodeIgniter\Boot::runCodeIgniter(Object(CodeIgniter\CodeIgniter))
 9 FCPATH/index.php(56): CodeIgniter\Boot::bootWeb(Object(Config\Paths))
WARNING - 2025-11-25 07:54:41 --> [DEPRECATED] Creation of dynamic property App\Controllers\Compte::$model is deprecated in APPPATH/Controllers/Compte.php on line 11.
 1 SYSTEMPATH/CodeIgniter.php(903): App\Controllers\Compte->__construct()
 2 SYSTEMPATH/CodeIgniter.php(500): CodeIgniter\CodeIgniter->createController()
 3 SYSTEMPATH/CodeIgniter.php(355): CodeIgniter\CodeIgniter->handleRequest(null, Object(Config\Cache), false)
 4 SYSTEMPATH/Boot.php(325): CodeIgniter\CodeIgniter->run()
 5 SYSTEMPATH/Boot.php(67): CodeIgniter\Boot::runCodeIgniter(Object(CodeIgniter\CodeIgniter))
 6 FCPATH/index.php(56): CodeIgniter\Boot::bootWeb(Object(Config\Paths))
INFO - 2025-11-25 07:54:41 --> Session: Class initialized using 'CodeIgniter\Session\Handlers\FileHandler' driver.
WARNING - 2025-11-25 07:54:44 --> [DEPRECATED] Passing lowercase HTTP method "get" is deprecated. Use uppercase HTTP method like "GET". in SYSTEMPATH/Router/RouteCollection.php on line 1027.
 1 SYSTEMPATH/Router/RouteCollection.php(1027): trigger_error('Passing lowercase HTTP method "get" is deprecated. Use uppercase HTTP method like "GET".', 16384)
 2 APPPATH/Config/Routes.php(51): CodeIgniter\Router\RouteCollection->match([...], 'compte/repondre/(:num)', 'Compte::repondre/$1')
 3 SYSTEMPATH/Router/RouteCollection.php(340): require('/home/2025DIFAL3/e22308557/public_html/V1/ci/app/Config/Routes.php')
 4 SYSTEMPATH/CodeIgniter.php(823): CodeIgniter\Router\RouteCollection->loadRoutes()
 5 SYSTEMPATH/CodeIgniter.php(457): CodeIgniter\CodeIgniter->tryToRouteIt(null)
 6 SYSTEMPATH/CodeIgniter.php(355): CodeIgniter\CodeIgniter->handleRequest(null, Object(Config\Cache), false)
 7 SYSTEMPATH/Boot.php(325): CodeIgniter\CodeIgniter->run()
 8 SYSTEMPATH/Boot.php(67): CodeIgniter\Boot::runCodeIgniter(Object(CodeIgniter\CodeIgniter))
 9 FCPATH/index.php(56): CodeIgniter\Boot::bootWeb(Object(Config\Paths))
WARNING - 2025-11-25 07:54:44 --> [DEPRECATED] Passing lowercase HTTP method "post" is deprecated. Use uppercase HTTP method like "POST". in SYSTEMPATH/Router/RouteCollection.php on line 1027.
 1 SYSTEMPATH/Router/RouteCollection.php(1027): trigger_error('Passing lowercase HTTP method "post" is deprecated. Use uppercase HTTP method like "POST".', 16384)
 2 APPPATH/Config/Routes.php(51): CodeIgniter\Router\RouteCollection->match([...], 'compte/repondre/(:num)', 'Compte::repondre/$1')
 3 SYSTEMPATH/Router/RouteCollection.php(340): require('/home/2025DIFAL3/e22308557/public_html/V1/ci/app/Config/Routes.php')
 4 SYSTEMPATH/CodeIgniter.php(823): CodeIgniter\Router\RouteCollection->loadRoutes()
 5 SYSTEMPATH/CodeIgniter.php(457): CodeIgniter\CodeIgniter->tryToRouteIt(null)
 6 SYSTEMPATH/CodeIgniter.php(355): CodeIgniter\CodeIgniter->handleRequest(null, Object(Config\Cache), false)
 7 SYSTEMPATH/Boot.php(325): CodeIgniter\CodeIgniter->run()
 8 SYSTEMPATH/Boot.php(67): CodeIgniter\Boot::runCodeIgniter(Object(CodeIgniter\CodeIgniter))
 9 FCPATH/index.php(56): CodeIgniter\Boot::bootWeb(Object(Config\Paths))
WARNING - 2025-11-25 07:54:44 --> [DEPRECATED] Creation of dynamic property App\Controllers\Compte::$model is deprecated in APPPATH/Controllers/Compte.php on line 11.
 1 SYSTEMPATH/CodeIgniter.php(903): App\Controllers\Compte->__construct()
 2 SYSTEMPATH/CodeIgniter.php(500): CodeIgniter\CodeIgniter->createController()
 3 SYSTEMPATH/CodeIgniter.php(355): CodeIgniter\CodeIgniter->handleRequest(null, Object(Config\Cache), false)
 4 SYSTEMPATH/Boot.php(325): CodeIgniter\CodeIgniter->run()
 5 SYSTEMPATH/Boot.php(67): CodeIgniter\Boot::runCodeIgniter(Object(CodeIgniter\CodeIgniter))
 6 FCPATH/index.php(56): CodeIgniter\Boot::bootWeb(Object(Config\Paths))
INFO - 2025-11-25 07:54:44 --> Session: Class initialized using 'CodeIgniter\Session\Handlers\FileHandler' driver.
WARNING - 2025-11-25 07:54:48 --> [DEPRECATED] Passing lowercase HTTP method "get" is deprecated. Use uppercase HTTP method like "GET". in SYSTEMPATH/Router/RouteCollection.php on line 1027.
 1 SYSTEMPATH/Router/RouteCollection.php(1027): trigger_error('Passing lowercase HTTP method "get" is deprecated. Use uppercase HTTP method like "GET".', 16384)
 2 APPPATH/Config/Routes.php(51): CodeIgniter\Router\RouteCollection->match([...], 'compte/repondre/(:num)', 'Compte::repondre/$1')
 3 SYSTEMPATH/Router/RouteCollection.php(340): require('/home/2025DIFAL3/e22308557/public_html/V1/ci/app/Config/Routes.php')
 4 SYSTEMPATH/CodeIgniter.php(823): CodeIgniter\Router\RouteCollection->loadRoutes()
 5 SYSTEMPATH/CodeIgniter.php(457): CodeIgniter\CodeIgniter->tryToRouteIt(null)
 6 SYSTEMPATH/CodeIgniter.php(355): CodeIgniter\CodeIgniter->handleRequest(null, Object(Config\Cache), false)
 7 SYSTEMPATH/Boot.php(325): CodeIgniter\CodeIgniter->run()
 8 SYSTEMPATH/Boot.php(67): CodeIgniter\Boot::runCodeIgniter(Object(CodeIgniter\CodeIgniter))
 9 FCPATH/index.php(56): CodeIgniter\Boot::bootWeb(Object(Config\Paths))
WARNING - 2025-11-25 07:54:48 --> [DEPRECATED] Passing lowercase HTTP method "post" is deprecated. Use uppercase HTTP method like "POST". in SYSTEMPATH/Router/RouteCollection.php on line 1027.
 1 SYSTEMPATH/Router/RouteCollection.php(1027): trigger_error('Passing lowercase HTTP method "post" is deprecated. Use uppercase HTTP method like "POST".', 16384)
 2 APPPATH/Config/Routes.php(51): CodeIgniter\Router\RouteCollection->match([...], 'compte/repondre/(:num)', 'Compte::repondre/$1')
 3 SYSTEMPATH/Router/RouteCollection.php(340): require('/home/2025DIFAL3/e22308557/public_html/V1/ci/app/Config/Routes.php')
 4 SYSTEMPATH/CodeIgniter.php(823): CodeIgniter\Router\RouteCollection->loadRoutes()
 5 SYSTEMPATH/CodeIgniter.php(457): CodeIgniter\CodeIgniter->tryToRouteIt(null)
 6 SYSTEMPATH/CodeIgniter.php(355): CodeIgniter\CodeIgniter->handleRequest(null, Object(Config\Cache), false)
 7 SYSTEMPATH/Boot.php(325): CodeIgniter\CodeIgniter->run()
 8 SYSTEMPATH/Boot.php(67): CodeIgniter\Boot::runCodeIgniter(Object(CodeIgniter\CodeIgniter))
 9 FCPATH/index.php(56): CodeIgniter\Boot::bootWeb(Object(Config\Paths))
WARNING - 2025-11-25 07:54:48 --> [DEPRECATED] Creation of dynamic property App\Controllers\Compte::$model is deprecated in APPPATH/Controllers/Compte.php on line 11.
 1 SYSTEMPATH/CodeIgniter.php(903): App\Controllers\Compte->__construct()
 2 SYSTEMPATH/CodeIgniter.php(500): CodeIgniter\CodeIgniter->createController()
 3 SYSTEMPATH/CodeIgniter.php(355): CodeIgniter\CodeIgniter->handleRequest(null, Object(Config\Cache), false)
 4 SYSTEMPATH/Boot.php(325): CodeIgniter\CodeIgniter->run()
 5 SYSTEMPATH/Boot.php(67): CodeIgniter\Boot::runCodeIgniter(Object(CodeIgniter\CodeIgniter))
 6 FCPATH/index.php(56): CodeIgniter\Boot::bootWeb(Object(Config\Paths))
INFO - 2025-11-25 07:54:48 --> Session: Class initialized using 'CodeIgniter\Session\Handlers\FileHandler' driver.
WARNING - 2025-11-25 07:55:03 --> [DEPRECATED] Passing lowercase HTTP method "get" is deprecated. Use uppercase HTTP method like "GET". in SYSTEMPATH/Router/RouteCollection.php on line 1027.
 1 SYSTEMPATH/Router/RouteCollection.php(1027): trigger_error('Passing lowercase HTTP method "get" is deprecated. Use uppercase HTTP method like "GET".', 16384)
 2 APPPATH/Config/Routes.php(51): CodeIgniter\Router\RouteCollection->match([...], 'compte/repondre/(:num)', 'Compte::repondre/$1')
 3 SYSTEMPATH/Router/RouteCollection.php(340): require('/home/2025DIFAL3/e22308557/public_html/V1/ci/app/Config/Routes.php')
 4 SYSTEMPATH/CodeIgniter.php(823): CodeIgniter\Router\RouteCollection->loadRoutes()
 5 SYSTEMPATH/CodeIgniter.php(457): CodeIgniter\CodeIgniter->tryToRouteIt(null)
 6 SYSTEMPATH/CodeIgniter.php(355): CodeIgniter\CodeIgniter->handleRequest(null, Object(Config\Cache), false)
 7 SYSTEMPATH/Boot.php(325): CodeIgniter\CodeIgniter->run()
 8 SYSTEMPATH/Boot.php(67): CodeIgniter\Boot::runCodeIgniter(Object(CodeIgniter\CodeIgniter))
 9 FCPATH/index.php(56): CodeIgniter\Boot::bootWeb(Object(Config\Paths))
WARNING - 2025-11-25 07:55:03 --> [DEPRECATED] Passing lowercase HTTP method "post" is deprecated. Use uppercase HTTP method like "POST". in SYSTEMPATH/Router/RouteCollection.php on line 1027.
 1 SYSTEMPATH/Router/RouteCollection.php(1027): trigger_error('Passing lowercase HTTP method "post" is deprecated. Use uppercase HTTP method like "POST".', 16384)
 2 APPPATH/Config/Routes.php(51): CodeIgniter\Router\RouteCollection->match([...], 'compte/repondre/(:num)', 'Compte::repondre/$1')
 3 SYSTEMPATH/Router/RouteCollection.php(340): require('/home/2025DIFAL3/e22308557/public_html/V1/ci/app/Config/Routes.php')
 4 SYSTEMPATH/CodeIgniter.php(823): CodeIgniter\Router\RouteCollection->loadRoutes()
 5 SYSTEMPATH/CodeIgniter.php(457): CodeIgniter\CodeIgniter->tryToRouteIt(null)
 6 SYSTEMPATH/CodeIgniter.php(355): CodeIgniter\CodeIgniter->handleRequest(null, Object(Config\Cache), false)
 7 SYSTEMPATH/Boot.php(325): CodeIgniter\CodeIgniter->run()
 8 SYSTEMPATH/Boot.php(67): CodeIgniter\Boot::runCodeIgniter(Object(CodeIgniter\CodeIgniter))
 9 FCPATH/index.php(56): CodeIgniter\Boot::bootWeb(Object(Config\Paths))
WARNING - 2025-11-25 07:55:03 --> [DEPRECATED] Creation of dynamic property App\Controllers\Compte::$model is deprecated in APPPATH/Controllers/Compte.php on line 11.
 1 SYSTEMPATH/CodeIgniter.php(903): App\Controllers\Compte->__construct()
 2 SYSTEMPATH/CodeIgniter.php(500): CodeIgniter\CodeIgniter->createController()
 3 SYSTEMPATH/CodeIgniter.php(355): CodeIgniter\CodeIgniter->handleRequest(null, Object(Config\Cache), false)
 4 SYSTEMPATH/Boot.php(325): CodeIgniter\CodeIgniter->run()
 5 SYSTEMPATH/Boot.php(67): CodeIgniter\Boot::runCodeIgniter(Object(CodeIgniter\CodeIgniter))
 6 FCPATH/index.php(56): CodeIgniter\Boot::bootWeb(Object(Config\Paths))
INFO - 2025-11-25 07:55:03 --> Session: Class initialized using 'CodeIgniter\Session\Handlers\FileHandler' driver.
WARNING - 2025-11-25 07:55:03 --> [DEPRECATED] Passing lowercase HTTP method "get" is deprecated. Use uppercase HTTP method like "GET". in SYSTEMPATH/Router/RouteCollection.php on line 1027.
 1 SYSTEMPATH/Router/RouteCollection.php(1027): trigger_error('Passing lowercase HTTP method "get" is deprecated. Use uppercase HTTP method like "GET".', 16384)
 2 APPPATH/Config/Routes.php(51): CodeIgniter\Router\RouteCollection->match([...], 'compte/repondre/(:num)', 'Compte::repondre/$1')
 3 SYSTEMPATH/Router/RouteCollection.php(340): require('/home/2025DIFAL3/e22308557/public_html/V1/ci/app/Config/Routes.php')
 4 SYSTEMPATH/CodeIgniter.php(823): CodeIgniter\Router\RouteCollection->loadRoutes()
 5 SYSTEMPATH/CodeIgniter.php(457): CodeIgniter\CodeIgniter->tryToRouteIt(null)
 6 SYSTEMPATH/CodeIgniter.php(355): CodeIgniter\CodeIgniter->handleRequest(null, Object(Config\Cache), false)
 7 SYSTEMPATH/Boot.php(325): CodeIgniter\CodeIgniter->run()
 8 SYSTEMPATH/Boot.php(67): CodeIgniter\Boot::runCodeIgniter(Object(CodeIgniter\CodeIgniter))
 9 FCPATH/index.php(56): CodeIgniter\Boot::bootWeb(Object(Config\Paths))
WARNING - 2025-11-25 07:55:03 --> [DEPRECATED] Passing lowercase HTTP method "post" is deprecated. Use uppercase HTTP method like "POST". in SYSTEMPATH/Router/RouteCollection.php on line 1027.
 1 SYSTEMPATH/Router/RouteCollection.php(1027): trigger_error('Passing lowercase HTTP method "post" is deprecated. Use uppercase HTTP method like "POST".', 16384)
 2 APPPATH/Config/Routes.php(51): CodeIgniter\Router\RouteCollection->match([...], 'compte/repondre/(:num)', 'Compte::repondre/$1')
 3 SYSTEMPATH/Router/RouteCollection.php(340): require('/home/2025DIFAL3/e22308557/public_html/V1/ci/app/Config/Routes.php')
 4 SYSTEMPATH/CodeIgniter.php(823): CodeIgniter\Router\RouteCollection->loadRoutes()
 5 SYSTEMPATH/CodeIgniter.php(457): CodeIgniter\CodeIgniter->tryToRouteIt(null)
 6 SYSTEMPATH/CodeIgniter.php(355): CodeIgniter\CodeIgniter->handleRequest(null, Object(Config\Cache), false)
 7 SYSTEMPATH/Boot.php(325): CodeIgniter\CodeIgniter->run()
 8 SYSTEMPATH/Boot.php(67): CodeIgniter\Boot::runCodeIgniter(Object(CodeIgniter\CodeIgniter))
 9 FCPATH/index.php(56): CodeIgniter\Boot::bootWeb(Object(Config\Paths))
WARNING - 2025-11-25 07:55:03 --> [DEPRECATED] Creation of dynamic property App\Controllers\Compte::$model is deprecated in APPPATH/Controllers/Compte.php on line 11.
 1 SYSTEMPATH/CodeIgniter.php(903): App\Controllers\Compte->__construct()
 2 SYSTEMPATH/CodeIgniter.php(500): CodeIgniter\CodeIgniter->createController()
 3 SYSTEMPATH/CodeIgniter.php(355): CodeIgniter\CodeIgniter->handleRequest(null, Object(Config\Cache), false)
 4 SYSTEMPATH/Boot.php(325): CodeIgniter\CodeIgniter->run()
 5 SYSTEMPATH/Boot.php(67): CodeIgniter\Boot::runCodeIgniter(Object(CodeIgniter\CodeIgniter))
 6 FCPATH/index.php(56): CodeIgniter\Boot::bootWeb(Object(Config\Paths))
INFO - 2025-11-25 07:55:03 --> Session: Class initialized using 'CodeIgniter\Session\Handlers\FileHandler' driver.
WARNING - 2025-11-25 07:55:18 --> [DEPRECATED] Passing lowercase HTTP method "get" is deprecated. Use uppercase HTTP method like "GET". in SYSTEMPATH/Router/RouteCollection.php on line 1027.
 1 SYSTEMPATH/Router/RouteCollection.php(1027): trigger_error('Passing lowercase HTTP method "get" is deprecated. Use uppercase HTTP method like "GET".', 16384)
 2 APPPATH/Config/Routes.php(51): CodeIgniter\Router\RouteCollection->match([...], 'compte/repondre/(:num)', 'Compte::repondre/$1')
 3 SYSTEMPATH/Router/RouteCollection.php(340): require('/home/2025DIFAL3/e22308557/public_html/V1/ci/app/Config/Routes.php')
 4 SYSTEMPATH/CodeIgniter.php(823): CodeIgniter\Router\RouteCollection->loadRoutes()
 5 SYSTEMPATH/CodeIgniter.php(457): CodeIgniter\CodeIgniter->tryToRouteIt(null)
 6 SYSTEMPATH/CodeIgniter.php(355): CodeIgniter\CodeIgniter->handleRequest(null, Object(Config\Cache), false)
 7 SYSTEMPATH/Boot.php(325): CodeIgniter\CodeIgniter->run()
 8 SYSTEMPATH/Boot.php(67): CodeIgniter\Boot::runCodeIgniter(Object(CodeIgniter\CodeIgniter))
 9 FCPATH/index.php(56): CodeIgniter\Boot::bootWeb(Object(Config\Paths))
WARNING - 2025-11-25 07:55:18 --> [DEPRECATED] Passing lowercase HTTP method "post" is deprecated. Use uppercase HTTP method like "POST". in SYSTEMPATH/Router/RouteCollection.php on line 1027.
 1 SYSTEMPATH/Router/RouteCollection.php(1027): trigger_error('Passing lowercase HTTP method "post" is deprecated. Use uppercase HTTP method like "POST".', 16384)
 2 APPPATH/Config/Routes.php(51): CodeIgniter\Router\RouteCollection->match([...], 'compte/repondre/(:num)', 'Compte::repondre/$1')
 3 SYSTEMPATH/Router/RouteCollection.php(340): require('/home/2025DIFAL3/e22308557/public_html/V1/ci/app/Config/Routes.php')
 4 SYSTEMPATH/CodeIgniter.php(823): CodeIgniter\Router\RouteCollection->loadRoutes()
 5 SYSTEMPATH/CodeIgniter.php(457): CodeIgniter\CodeIgniter->tryToRouteIt(null)
 6 SYSTEMPATH/CodeIgniter.php(355): CodeIgniter\CodeIgniter->handleRequest(null, Object(Config\Cache), false)
 7 SYSTEMPATH/Boot.php(325): CodeIgniter\CodeIgniter->run()
 8 SYSTEMPATH/Boot.php(67): CodeIgniter\Boot::runCodeIgniter(Object(CodeIgniter\CodeIgniter))
 9 FCPATH/index.php(56): CodeIgniter\Boot::bootWeb(Object(Config\Paths))
WARNING - 2025-11-25 07:55:18 --> [DEPRECATED] Creation of dynamic property App\Controllers\Compte::$model is deprecated in APPPATH/Controllers/Compte.php on line 11.
 1 SYSTEMPATH/CodeIgniter.php(903): App\Controllers\Compte->__construct()
 2 SYSTEMPATH/CodeIgniter.php(500): CodeIgniter\CodeIgniter->createController()
 3 SYSTEMPATH/CodeIgniter.php(355): CodeIgniter\CodeIgniter->handleRequest(null, Object(Config\Cache), false)
 4 SYSTEMPATH/Boot.php(325): CodeIgniter\CodeIgniter->run()
 5 SYSTEMPATH/Boot.php(67): CodeIgniter\Boot::runCodeIgniter(Object(CodeIgniter\CodeIgniter))
 6 FCPATH/index.php(56): CodeIgniter\Boot::bootWeb(Object(Config\Paths))
INFO - 2025-11-25 07:55:18 --> Session: Class initialized using 'CodeIgniter\Session\Handlers\FileHandler' driver.
WARNING - 2025-11-25 08:28:57 --> [DEPRECATED] Passing lowercase HTTP method "get" is deprecated. Use uppercase HTTP method like "GET". in SYSTEMPATH/Router/RouteCollection.php on line 1027.
 1 SYSTEMPATH/Router/RouteCollection.php(1027): trigger_error('Passing lowercase HTTP method "get" is deprecated. Use uppercase HTTP method like "GET".', 16384)
 2 APPPATH/Config/Routes.php(51): CodeIgniter\Router\RouteCollection->match([...], 'compte/repondre/(:num)', 'Compte::repondre/$1')
 3 SYSTEMPATH/Router/RouteCollection.php(340): require('/home/2025DIFAL3/e22308557/public_html/V1/ci/app/Config/Routes.php')
 4 SYSTEMPATH/CodeIgniter.php(823): CodeIgniter\Router\RouteCollection->loadRoutes()
 5 SYSTEMPATH/CodeIgniter.php(457): CodeIgniter\CodeIgniter->tryToRouteIt(null)
 6 SYSTEMPATH/CodeIgniter.php(355): CodeIgniter\CodeIgniter->handleRequest(null, Object(Config\Cache), false)
 7 SYSTEMPATH/Boot.php(325): CodeIgniter\CodeIgniter->run()
 8 SYSTEMPATH/Boot.php(67): CodeIgniter\Boot::runCodeIgniter(Object(CodeIgniter\CodeIgniter))
 9 FCPATH/index.php(56): CodeIgniter\Boot::bootWeb(Object(Config\Paths))
WARNING - 2025-11-25 08:28:57 --> [DEPRECATED] Passing lowercase HTTP method "post" is deprecated. Use uppercase HTTP method like "POST". in SYSTEMPATH/Router/RouteCollection.php on line 1027.
 1 SYSTEMPATH/Router/RouteCollection.php(1027): trigger_error('Passing lowercase HTTP method "post" is deprecated. Use uppercase HTTP method like "POST".', 16384)
 2 APPPATH/Config/Routes.php(51): CodeIgniter\Router\RouteCollection->match([...], 'compte/repondre/(:num)', 'Compte::repondre/$1')
 3 SYSTEMPATH/Router/RouteCollection.php(340): require('/home/2025DIFAL3/e22308557/public_html/V1/ci/app/Config/Routes.php')
 4 SYSTEMPATH/CodeIgniter.php(823): CodeIgniter\Router\RouteCollection->loadRoutes()
 5 SYSTEMPATH/CodeIgniter.php(457): CodeIgniter\CodeIgniter->tryToRouteIt(null)
 6 SYSTEMPATH/CodeIgniter.php(355): CodeIgniter\CodeIgniter->handleRequest(null, Object(Config\Cache), false)
 7 SYSTEMPATH/Boot.php(325): CodeIgniter\CodeIgniter->run()
 8 SYSTEMPATH/Boot.php(67): CodeIgniter\Boot::runCodeIgniter(Object(CodeIgniter\CodeIgniter))
 9 FCPATH/index.php(56): CodeIgniter\Boot::bootWeb(Object(Config\Paths))
WARNING - 2025-11-25 08:28:57 --> [DEPRECATED] Creation of dynamic property App\Controllers\Compte::$model is deprecated in APPPATH/Controllers/Compte.php on line 11.
 1 SYSTEMPATH/CodeIgniter.php(903): App\Controllers\Compte->__construct()
 2 SYSTEMPATH/CodeIgniter.php(500): CodeIgniter\CodeIgniter->createController()
 3 SYSTEMPATH/CodeIgniter.php(355): CodeIgniter\CodeIgniter->handleRequest(null, Object(Config\Cache), false)
 4 SYSTEMPATH/Boot.php(325): CodeIgniter\CodeIgniter->run()
 5 SYSTEMPATH/Boot.php(67): CodeIgniter\Boot::runCodeIgniter(Object(CodeIgniter\CodeIgniter))
 6 FCPATH/index.php(56): CodeIgniter\Boot::bootWeb(Object(Config\Paths))
INFO - 2025-11-25 08:28:57 --> Session: Class initialized using 'CodeIgniter\Session\Handlers\FileHandler' driver.
WARNING - 2025-11-25 08:43:41 --> [DEPRECATED] Passing lowercase HTTP method "get" is deprecated. Use uppercase HTTP method like "GET". in SYSTEMPATH/Router/RouteCollection.php on line 1027.
 1 SYSTEMPATH/Router/RouteCollection.php(1027): trigger_error('Passing lowercase HTTP method "get" is deprecated. Use uppercase HTTP method like "GET".', 16384)
 2 APPPATH/Config/Routes.php(51): CodeIgniter\Router\RouteCollection->match([...], 'compte/repondre/(:num)', 'Compte::repondre/$1')
 3 SYSTEMPATH/Router/RouteCollection.php(340): require('/home/2025DIFAL3/e22308557/public_html/V1/ci/app/Config/Routes.php')
 4 SYSTEMPATH/CodeIgniter.php(823): CodeIgniter\Router\RouteCollection->loadRoutes()
 5 SYSTEMPATH/CodeIgniter.php(457): CodeIgniter\CodeIgniter->tryToRouteIt(null)
 6 SYSTEMPATH/CodeIgniter.php(355): CodeIgniter\CodeIgniter->handleRequest(null, Object(Config\Cache), false)
 7 SYSTEMPATH/Boot.php(325): CodeIgniter\CodeIgniter->run()
 8 SYSTEMPATH/Boot.php(67): CodeIgniter\Boot::runCodeIgniter(Object(CodeIgniter\CodeIgniter))
 9 FCPATH/index.php(56): CodeIgniter\Boot::bootWeb(Object(Config\Paths))
WARNING - 2025-11-25 08:43:41 --> [DEPRECATED] Passing lowercase HTTP method "post" is deprecated. Use uppercase HTTP method like "POST". in SYSTEMPATH/Router/RouteCollection.php on line 1027.
 1 SYSTEMPATH/Router/RouteCollection.php(1027): trigger_error('Passing lowercase HTTP method "post" is deprecated. Use uppercase HTTP method like "POST".', 16384)
 2 APPPATH/Config/Routes.php(51): CodeIgniter\Router\RouteCollection->match([...], 'compte/repondre/(:num)', 'Compte::repondre/$1')
 3 SYSTEMPATH/Router/RouteCollection.php(340): require('/home/2025DIFAL3/e22308557/public_html/V1/ci/app/Config/Routes.php')
 4 SYSTEMPATH/CodeIgniter.php(823): CodeIgniter\Router\RouteCollection->loadRoutes()
 5 SYSTEMPATH/CodeIgniter.php(457): CodeIgniter\CodeIgniter->tryToRouteIt(null)
 6 SYSTEMPATH/CodeIgniter.php(355): CodeIgniter\CodeIgniter->handleRequest(null, Object(Config\Cache), false)
 7 SYSTEMPATH/Boot.php(325): CodeIgniter\CodeIgniter->run()
 8 SYSTEMPATH/Boot.php(67): CodeIgniter\Boot::runCodeIgniter(Object(CodeIgniter\CodeIgniter))
 9 FCPATH/index.php(56): CodeIgniter\Boot::bootWeb(Object(Config\Paths))
WARNING - 2025-11-25 08:43:41 --> [DEPRECATED] Creation of dynamic property App\Controllers\Compte::$model is deprecated in APPPATH/Controllers/Compte.php on line 11.
 1 SYSTEMPATH/CodeIgniter.php(903): App\Controllers\Compte->__construct()
 2 SYSTEMPATH/CodeIgniter.php(500): CodeIgniter\CodeIgniter->createController()
 3 SYSTEMPATH/CodeIgniter.php(355): CodeIgniter\CodeIgniter->handleRequest(null, Object(Config\Cache), false)
 4 SYSTEMPATH/Boot.php(325): CodeIgniter\CodeIgniter->run()
 5 SYSTEMPATH/Boot.php(67): CodeIgniter\Boot::runCodeIgniter(Object(CodeIgniter\CodeIgniter))
 6 FCPATH/index.php(56): CodeIgniter\Boot::bootWeb(Object(Config\Paths))
INFO - 2025-11-25 08:43:41 --> Session: Class initialized using 'CodeIgniter\Session\Handlers\FileHandler' driver.
WARNING - 2025-11-25 08:44:18 --> [DEPRECATED] Passing lowercase HTTP method "get" is deprecated. Use uppercase HTTP method like "GET". in SYSTEMPATH/Router/RouteCollection.php on line 1027.
 1 SYSTEMPATH/Router/RouteCollection.php(1027): trigger_error('Passing lowercase HTTP method "get" is deprecated. Use uppercase HTTP method like "GET".', 16384)
 2 APPPATH/Config/Routes.php(51): CodeIgniter\Router\RouteCollection->match([...], 'compte/repondre/(:num)', 'Compte::repondre/$1')
 3 SYSTEMPATH/Router/RouteCollection.php(340): require('/home/2025DIFAL3/e22308557/public_html/V1/ci/app/Config/Routes.php')
 4 SYSTEMPATH/CodeIgniter.php(823): CodeIgniter\Router\RouteCollection->loadRoutes()
 5 SYSTEMPATH/CodeIgniter.php(457): CodeIgniter\CodeIgniter->tryToRouteIt(null)
 6 SYSTEMPATH/CodeIgniter.php(355): CodeIgniter\CodeIgniter->handleRequest(null, Object(Config\Cache), false)
 7 SYSTEMPATH/Boot.php(325): CodeIgniter\CodeIgniter->run()
 8 SYSTEMPATH/Boot.php(67): CodeIgniter\Boot::runCodeIgniter(Object(CodeIgniter\CodeIgniter))
 9 FCPATH/index.php(56): CodeIgniter\Boot::bootWeb(Object(Config\Paths))
WARNING - 2025-11-25 08:44:18 --> [DEPRECATED] Passing lowercase HTTP method "post" is deprecated. Use uppercase HTTP method like "POST". in SYSTEMPATH/Router/RouteCollection.php on line 1027.
 1 SYSTEMPATH/Router/RouteCollection.php(1027): trigger_error('Passing lowercase HTTP method "post" is deprecated. Use uppercase HTTP method like "POST".', 16384)
 2 APPPATH/Config/Routes.php(51): CodeIgniter\Router\RouteCollection->match([...], 'compte/repondre/(:num)', 'Compte::repondre/$1')
 3 SYSTEMPATH/Router/RouteCollection.php(340): require('/home/2025DIFAL3/e22308557/public_html/V1/ci/app/Config/Routes.php')
 4 SYSTEMPATH/CodeIgniter.php(823): CodeIgniter\Router\RouteCollection->loadRoutes()
 5 SYSTEMPATH/CodeIgniter.php(457): CodeIgniter\CodeIgniter->tryToRouteIt(null)
 6 SYSTEMPATH/CodeIgniter.php(355): CodeIgniter\CodeIgniter->handleRequest(null, Object(Config\Cache), false)
 7 SYSTEMPATH/Boot.php(325): CodeIgniter\CodeIgniter->run()
 8 SYSTEMPATH/Boot.php(67): CodeIgniter\Boot::runCodeIgniter(Object(CodeIgniter\CodeIgniter))
 9 FCPATH/index.php(56): CodeIgniter\Boot::bootWeb(Object(Config\Paths))
WARNING - 2025-11-25 08:44:18 --> [DEPRECATED] Creation of dynamic property App\Controllers\Compte::$model is deprecated in APPPATH/Controllers/Compte.php on line 11.
 1 SYSTEMPATH/CodeIgniter.php(903): App\Controllers\Compte->__construct()
 2 SYSTEMPATH/CodeIgniter.php(500): CodeIgniter\CodeIgniter->createController()
 3 SYSTEMPATH/CodeIgniter.php(355): CodeIgniter\CodeIgniter->handleRequest(null, Object(Config\Cache), false)
 4 SYSTEMPATH/Boot.php(325): CodeIgniter\CodeIgniter->run()
 5 SYSTEMPATH/Boot.php(67): CodeIgniter\Boot::runCodeIgniter(Object(CodeIgniter\CodeIgniter))
 6 FCPATH/index.php(56): CodeIgniter\Boot::bootWeb(Object(Config\Paths))
INFO - 2025-11-25 08:44:18 --> Session: Class initialized using 'CodeIgniter\Session\Handlers\FileHandler' driver.
WARNING - 2025-11-25 08:44:33 --> [DEPRECATED] Passing lowercase HTTP method "get" is deprecated. Use uppercase HTTP method like "GET". in SYSTEMPATH/Router/RouteCollection.php on line 1027.
 1 SYSTEMPATH/Router/RouteCollection.php(1027): trigger_error('Passing lowercase HTTP method "get" is deprecated. Use uppercase HTTP method like "GET".', 16384)
 2 APPPATH/Config/Routes.php(51): CodeIgniter\Router\RouteCollection->match([...], 'compte/repondre/(:num)', 'Compte::repondre/$1')
 3 SYSTEMPATH/Router/RouteCollection.php(340): require('/home/2025DIFAL3/e22308557/public_html/V1/ci/app/Config/Routes.php')
 4 SYSTEMPATH/CodeIgniter.php(823): CodeIgniter\Router\RouteCollection->loadRoutes()
 5 SYSTEMPATH/CodeIgniter.php(457): CodeIgniter\CodeIgniter->tryToRouteIt(null)
 6 SYSTEMPATH/CodeIgniter.php(355): CodeIgniter\CodeIgniter->handleRequest(null, Object(Config\Cache), false)
 7 SYSTEMPATH/Boot.php(325): CodeIgniter\CodeIgniter->run()
 8 SYSTEMPATH/Boot.php(67): CodeIgniter\Boot::runCodeIgniter(Object(CodeIgniter\CodeIgniter))
 9 FCPATH/index.php(56): CodeIgniter\Boot::bootWeb(Object(Config\Paths))
WARNING - 2025-11-25 08:44:33 --> [DEPRECATED] Passing lowercase HTTP method "post" is deprecated. Use uppercase HTTP method like "POST". in SYSTEMPATH/Router/RouteCollection.php on line 1027.
 1 SYSTEMPATH/Router/RouteCollection.php(1027): trigger_error('Passing lowercase HTTP method "post" is deprecated. Use uppercase HTTP method like "POST".', 16384)
 2 APPPATH/Config/Routes.php(51): CodeIgniter\Router\RouteCollection->match([...], 'compte/repondre/(:num)', 'Compte::repondre/$1')
 3 SYSTEMPATH/Router/RouteCollection.php(340): require('/home/2025DIFAL3/e22308557/public_html/V1/ci/app/Config/Routes.php')
 4 SYSTEMPATH/CodeIgniter.php(823): CodeIgniter\Router\RouteCollection->loadRoutes()
 5 SYSTEMPATH/CodeIgniter.php(457): CodeIgniter\CodeIgniter->tryToRouteIt(null)
 6 SYSTEMPATH/CodeIgniter.php(355): CodeIgniter\CodeIgniter->handleRequest(null, Object(Config\Cache), false)
 7 SYSTEMPATH/Boot.php(325): CodeIgniter\CodeIgniter->run()
 8 SYSTEMPATH/Boot.php(67): CodeIgniter\Boot::runCodeIgniter(Object(CodeIgniter\CodeIgniter))
 9 FCPATH/index.php(56): CodeIgniter\Boot::bootWeb(Object(Config\Paths))
WARNING - 2025-11-25 08:44:33 --> [DEPRECATED] Creation of dynamic property App\Controllers\Compte::$model is deprecated in APPPATH/Controllers/Compte.php on line 11.
 1 SYSTEMPATH/CodeIgniter.php(903): App\Controllers\Compte->__construct()
 2 SYSTEMPATH/CodeIgniter.php(500): CodeIgniter\CodeIgniter->createController()
 3 SYSTEMPATH/CodeIgniter.php(355): CodeIgniter\CodeIgniter->handleRequest(null, Object(Config\Cache), false)
 4 SYSTEMPATH/Boot.php(325): CodeIgniter\CodeIgniter->run()
 5 SYSTEMPATH/Boot.php(67): CodeIgniter\Boot::runCodeIgniter(Object(CodeIgniter\CodeIgniter))
 6 FCPATH/index.php(56): CodeIgniter\Boot::bootWeb(Object(Config\Paths))
INFO - 2025-11-25 08:44:33 --> Session: Class initialized using 'CodeIgniter\Session\Handlers\FileHandler' driver.
WARNING - 2025-11-25 08:44:33 --> [DEPRECATED] Passing lowercase HTTP method "get" is deprecated. Use uppercase HTTP method like "GET". in SYSTEMPATH/Router/RouteCollection.php on line 1027.
 1 SYSTEMPATH/Router/RouteCollection.php(1027): trigger_error('Passing lowercase HTTP method "get" is deprecated. Use uppercase HTTP method like "GET".', 16384)
 2 APPPATH/Config/Routes.php(51): CodeIgniter\Router\RouteCollection->match([...], 'compte/repondre/(:num)', 'Compte::repondre/$1')
 3 SYSTEMPATH/Router/RouteCollection.php(340): require('/home/2025DIFAL3/e22308557/public_html/V1/ci/app/Config/Routes.php')
 4 SYSTEMPATH/CodeIgniter.php(823): CodeIgniter\Router\RouteCollection->loadRoutes()
 5 SYSTEMPATH/CodeIgniter.php(457): CodeIgniter\CodeIgniter->tryToRouteIt(null)
 6 SYSTEMPATH/CodeIgniter.php(355): CodeIgniter\CodeIgniter->handleRequest(null, Object(Config\Cache), false)
 7 SYSTEMPATH/Boot.php(325): CodeIgniter\CodeIgniter->run()
 8 SYSTEMPATH/Boot.php(67): CodeIgniter\Boot::runCodeIgniter(Object(CodeIgniter\CodeIgniter))
 9 FCPATH/index.php(56): CodeIgniter\Boot::bootWeb(Object(Config\Paths))
WARNING - 2025-11-25 08:44:33 --> [DEPRECATED] Passing lowercase HTTP method "post" is deprecated. Use uppercase HTTP method like "POST". in SYSTEMPATH/Router/RouteCollection.php on line 1027.
 1 SYSTEMPATH/Router/RouteCollection.php(1027): trigger_error('Passing lowercase HTTP method "post" is deprecated. Use uppercase HTTP method like "POST".', 16384)
 2 APPPATH/Config/Routes.php(51): CodeIgniter\Router\RouteCollection->match([...], 'compte/repondre/(:num)', 'Compte::repondre/$1')
 3 SYSTEMPATH/Router/RouteCollection.php(340): require('/home/2025DIFAL3/e22308557/public_html/V1/ci/app/Config/Routes.php')
 4 SYSTEMPATH/CodeIgniter.php(823): CodeIgniter\Router\RouteCollection->loadRoutes()
 5 SYSTEMPATH/CodeIgniter.php(457): CodeIgniter\CodeIgniter->tryToRouteIt(null)
 6 SYSTEMPATH/CodeIgniter.php(355): CodeIgniter\CodeIgniter->handleRequest(null, Object(Config\Cache), false)
 7 SYSTEMPATH/Boot.php(325): CodeIgniter\CodeIgniter->run()
 8 SYSTEMPATH/Boot.php(67): CodeIgniter\Boot::runCodeIgniter(Object(CodeIgniter\CodeIgniter))
 9 FCPATH/index.php(56): CodeIgniter\Boot::bootWeb(Object(Config\Paths))
WARNING - 2025-11-25 08:44:33 --> [DEPRECATED] Creation of dynamic property App\Controllers\Compte::$model is deprecated in APPPATH/Controllers/Compte.php on line 11.
 1 SYSTEMPATH/CodeIgniter.php(903): App\Controllers\Compte->__construct()
 2 SYSTEMPATH/CodeIgniter.php(500): CodeIgniter\CodeIgniter->createController()
 3 SYSTEMPATH/CodeIgniter.php(355): CodeIgniter\CodeIgniter->handleRequest(null, Object(Config\Cache), false)
 4 SYSTEMPATH/Boot.php(325): CodeIgniter\CodeIgniter->run()
 5 SYSTEMPATH/Boot.php(67): CodeIgniter\Boot::runCodeIgniter(Object(CodeIgniter\CodeIgniter))
 6 FCPATH/index.php(56): CodeIgniter\Boot::bootWeb(Object(Config\Paths))
INFO - 2025-11-25 08:44:33 --> Session: Class initialized using 'CodeIgniter\Session\Handlers\FileHandler' driver.
WARNING - 2025-11-25 08:49:45 --> [DEPRECATED] Passing lowercase HTTP method "get" is deprecated. Use uppercase HTTP method like "GET". in SYSTEMPATH/Router/RouteCollection.php on line 1027.
 1 SYSTEMPATH/Router/RouteCollection.php(1027): trigger_error('Passing lowercase HTTP method "get" is deprecated. Use uppercase HTTP method like "GET".', 16384)
 2 APPPATH/Config/Routes.php(51): CodeIgniter\Router\RouteCollection->match([...], 'compte/repondre/(:num)', 'Compte::repondre/$1')
 3 SYSTEMPATH/Router/RouteCollection.php(340): require('/home/2025DIFAL3/e22308557/public_html/V1/ci/app/Config/Routes.php')
 4 SYSTEMPATH/CodeIgniter.php(823): CodeIgniter\Router\RouteCollection->loadRoutes()
 5 SYSTEMPATH/CodeIgniter.php(457): CodeIgniter\CodeIgniter->tryToRouteIt(null)
 6 SYSTEMPATH/CodeIgniter.php(355): CodeIgniter\CodeIgniter->handleRequest(null, Object(Config\Cache), false)
 7 SYSTEMPATH/Boot.php(325): CodeIgniter\CodeIgniter->run()
 8 SYSTEMPATH/Boot.php(67): CodeIgniter\Boot::runCodeIgniter(Object(CodeIgniter\CodeIgniter))
 9 FCPATH/index.php(56): CodeIgniter\Boot::bootWeb(Object(Config\Paths))
WARNING - 2025-11-25 08:49:45 --> [DEPRECATED] Passing lowercase HTTP method "post" is deprecated. Use uppercase HTTP method like "POST". in SYSTEMPATH/Router/RouteCollection.php on line 1027.
 1 SYSTEMPATH/Router/RouteCollection.php(1027): trigger_error('Passing lowercase HTTP method "post" is deprecated. Use uppercase HTTP method like "POST".', 16384)
 2 APPPATH/Config/Routes.php(51): CodeIgniter\Router\RouteCollection->match([...], 'compte/repondre/(:num)', 'Compte::repondre/$1')
 3 SYSTEMPATH/Router/RouteCollection.php(340): require('/home/2025DIFAL3/e22308557/public_html/V1/ci/app/Config/Routes.php')
 4 SYSTEMPATH/CodeIgniter.php(823): CodeIgniter\Router\RouteCollection->loadRoutes()
 5 SYSTEMPATH/CodeIgniter.php(457): CodeIgniter\CodeIgniter->tryToRouteIt(null)
 6 SYSTEMPATH/CodeIgniter.php(355): CodeIgniter\CodeIgniter->handleRequest(null, Object(Config\Cache), false)
 7 SYSTEMPATH/Boot.php(325): CodeIgniter\CodeIgniter->run()
 8 SYSTEMPATH/Boot.php(67): CodeIgniter\Boot::runCodeIgniter(Object(CodeIgniter\CodeIgniter))
 9 FCPATH/index.php(56): CodeIgniter\Boot::bootWeb(Object(Config\Paths))
WARNING - 2025-11-25 08:49:45 --> [DEPRECATED] Creation of dynamic property App\Controllers\Compte::$model is deprecated in APPPATH/Controllers/Compte.php on line 11.
 1 SYSTEMPATH/CodeIgniter.php(903): App\Controllers\Compte->__construct()
 2 SYSTEMPATH/CodeIgniter.php(500): CodeIgniter\CodeIgniter->createController()
 3 SYSTEMPATH/CodeIgniter.php(355): CodeIgniter\CodeIgniter->handleRequest(null, Object(Config\Cache), false)
 4 SYSTEMPATH/Boot.php(325): CodeIgniter\CodeIgniter->run()
 5 SYSTEMPATH/Boot.php(67): CodeIgniter\Boot::runCodeIgniter(Object(CodeIgniter\CodeIgniter))
 6 FCPATH/index.php(56): CodeIgniter\Boot::bootWeb(Object(Config\Paths))
INFO - 2025-11-25 08:49:45 --> Session: Class initialized using 'CodeIgniter\Session\Handlers\FileHandler' driver.
WARNING - 2025-11-25 08:49:48 --> [DEPRECATED] Passing lowercase HTTP method "get" is deprecated. Use uppercase HTTP method like "GET". in SYSTEMPATH/Router/RouteCollection.php on line 1027.
 1 SYSTEMPATH/Router/RouteCollection.php(1027): trigger_error('Passing lowercase HTTP method "get" is deprecated. Use uppercase HTTP method like "GET".', 16384)
 2 APPPATH/Config/Routes.php(51): CodeIgniter\Router\RouteCollection->match([...], 'compte/repondre/(:num)', 'Compte::repondre/$1')
 3 SYSTEMPATH/Router/RouteCollection.php(340): require('/home/2025DIFAL3/e22308557/public_html/V1/ci/app/Config/Routes.php')
 4 SYSTEMPATH/CodeIgniter.php(823): CodeIgniter\Router\RouteCollection->loadRoutes()
 5 SYSTEMPATH/CodeIgniter.php(457): CodeIgniter\CodeIgniter->tryToRouteIt(null)
 6 SYSTEMPATH/CodeIgniter.php(355): CodeIgniter\CodeIgniter->handleRequest(null, Object(Config\Cache), false)
 7 SYSTEMPATH/Boot.php(325): CodeIgniter\CodeIgniter->run()
 8 SYSTEMPATH/Boot.php(67): CodeIgniter\Boot::runCodeIgniter(Object(CodeIgniter\CodeIgniter))
 9 FCPATH/index.php(56): CodeIgniter\Boot::bootWeb(Object(Config\Paths))
WARNING - 2025-11-25 08:49:48 --> [DEPRECATED] Passing lowercase HTTP method "post" is deprecated. Use uppercase HTTP method like "POST". in SYSTEMPATH/Router/RouteCollection.php on line 1027.
 1 SYSTEMPATH/Router/RouteCollection.php(1027): trigger_error('Passing lowercase HTTP method "post" is deprecated. Use uppercase HTTP method like "POST".', 16384)
 2 APPPATH/Config/Routes.php(51): CodeIgniter\Router\RouteCollection->match([...], 'compte/repondre/(:num)', 'Compte::repondre/$1')
 3 SYSTEMPATH/Router/RouteCollection.php(340): require('/home/2025DIFAL3/e22308557/public_html/V1/ci/app/Config/Routes.php')
 4 SYSTEMPATH/CodeIgniter.php(823): CodeIgniter\Router\RouteCollection->loadRoutes()
 5 SYSTEMPATH/CodeIgniter.php(457): CodeIgniter\CodeIgniter->tryToRouteIt(null)
 6 SYSTEMPATH/CodeIgniter.php(355): CodeIgniter\CodeIgniter->handleRequest(null, Object(Config\Cache), false)
 7 SYSTEMPATH/Boot.php(325): CodeIgniter\CodeIgniter->run()
 8 SYSTEMPATH/Boot.php(67): CodeIgniter\Boot::runCodeIgniter(Object(CodeIgniter\CodeIgniter))
 9 FCPATH/index.php(56): CodeIgniter\Boot::bootWeb(Object(Config\Paths))
WARNING - 2025-11-25 08:49:48 --> [DEPRECATED] Creation of dynamic property App\Controllers\Compte::$model is deprecated in APPPATH/Controllers/Compte.php on line 11.
 1 SYSTEMPATH/CodeIgniter.php(903): App\Controllers\Compte->__construct()
 2 SYSTEMPATH/CodeIgniter.php(500): CodeIgniter\CodeIgniter->createController()
 3 SYSTEMPATH/CodeIgniter.php(355): CodeIgniter\CodeIgniter->handleRequest(null, Object(Config\Cache), false)
 4 SYSTEMPATH/Boot.php(325): CodeIgniter\CodeIgniter->run()
 5 SYSTEMPATH/Boot.php(67): CodeIgniter\Boot::runCodeIgniter(Object(CodeIgniter\CodeIgniter))
 6 FCPATH/index.php(56): CodeIgniter\Boot::bootWeb(Object(Config\Paths))
INFO - 2025-11-25 08:49:48 --> Session: Class initialized using 'CodeIgniter\Session\Handlers\FileHandler' driver.
WARNING - 2025-11-25 08:50:02 --> [DEPRECATED] Passing lowercase HTTP method "get" is deprecated. Use uppercase HTTP method like "GET". in SYSTEMPATH/Router/RouteCollection.php on line 1027.
 1 SYSTEMPATH/Router/RouteCollection.php(1027): trigger_error('Passing lowercase HTTP method "get" is deprecated. Use uppercase HTTP method like "GET".', 16384)
 2 APPPATH/Config/Routes.php(51): CodeIgniter\Router\RouteCollection->match([...], 'compte/repondre/(:num)', 'Compte::repondre/$1')
 3 SYSTEMPATH/Router/RouteCollection.php(340): require('/home/2025DIFAL3/e22308557/public_html/V1/ci/app/Config/Routes.php')
 4 SYSTEMPATH/CodeIgniter.php(823): CodeIgniter\Router\RouteCollection->loadRoutes()
 5 SYSTEMPATH/CodeIgniter.php(457): CodeIgniter\CodeIgniter->tryToRouteIt(null)
 6 SYSTEMPATH/CodeIgniter.php(355): CodeIgniter\CodeIgniter->handleRequest(null, Object(Config\Cache), false)
 7 SYSTEMPATH/Boot.php(325): CodeIgniter\CodeIgniter->run()
 8 SYSTEMPATH/Boot.php(67): CodeIgniter\Boot::runCodeIgniter(Object(CodeIgniter\CodeIgniter))
 9 FCPATH/index.php(56): CodeIgniter\Boot::bootWeb(Object(Config\Paths))
WARNING - 2025-11-25 08:50:02 --> [DEPRECATED] Passing lowercase HTTP method "post" is deprecated. Use uppercase HTTP method like "POST". in SYSTEMPATH/Router/RouteCollection.php on line 1027.
 1 SYSTEMPATH/Router/RouteCollection.php(1027): trigger_error('Passing lowercase HTTP method "post" is deprecated. Use uppercase HTTP method like "POST".', 16384)
 2 APPPATH/Config/Routes.php(51): CodeIgniter\Router\RouteCollection->match([...], 'compte/repondre/(:num)', 'Compte::repondre/$1')
 3 SYSTEMPATH/Router/RouteCollection.php(340): require('/home/2025DIFAL3/e22308557/public_html/V1/ci/app/Config/Routes.php')
 4 SYSTEMPATH/CodeIgniter.php(823): CodeIgniter\Router\RouteCollection->loadRoutes()
 5 SYSTEMPATH/CodeIgniter.php(457): CodeIgniter\CodeIgniter->tryToRouteIt(null)
 6 SYSTEMPATH/CodeIgniter.php(355): CodeIgniter\CodeIgniter->handleRequest(null, Object(Config\Cache), false)
 7 SYSTEMPATH/Boot.php(325): CodeIgniter\CodeIgniter->run()
 8 SYSTEMPATH/Boot.php(67): CodeIgniter\Boot::runCodeIgniter(Object(CodeIgniter\CodeIgniter))
 9 FCPATH/index.php(56): CodeIgniter\Boot::bootWeb(Object(Config\Paths))
WARNING - 2025-11-25 08:50:02 --> [DEPRECATED] Creation of dynamic property App\Controllers\Compte::$model is deprecated in APPPATH/Controllers/Compte.php on line 11.
 1 SYSTEMPATH/CodeIgniter.php(903): App\Controllers\Compte->__construct()
 2 SYSTEMPATH/CodeIgniter.php(500): CodeIgniter\CodeIgniter->createController()
 3 SYSTEMPATH/CodeIgniter.php(355): CodeIgniter\CodeIgniter->handleRequest(null, Object(Config\Cache), false)
 4 SYSTEMPATH/Boot.php(325): CodeIgniter\CodeIgniter->run()
 5 SYSTEMPATH/Boot.php(67): CodeIgniter\Boot::runCodeIgniter(Object(CodeIgniter\CodeIgniter))
 6 FCPATH/index.php(56): CodeIgniter\Boot::bootWeb(Object(Config\Paths))
INFO - 2025-11-25 08:50:02 --> Session: Class initialized using 'CodeIgniter\Session\Handlers\FileHandler' driver.
WARNING - 2025-11-25 08:50:05 --> [DEPRECATED] Passing lowercase HTTP method "get" is deprecated. Use uppercase HTTP method like "GET". in SYSTEMPATH/Router/RouteCollection.php on line 1027.
 1 SYSTEMPATH/Router/RouteCollection.php(1027): trigger_error('Passing lowercase HTTP method "get" is deprecated. Use uppercase HTTP method like "GET".', 16384)
 2 APPPATH/Config/Routes.php(51): CodeIgniter\Router\RouteCollection->match([...], 'compte/repondre/(:num)', 'Compte::repondre/$1')
 3 SYSTEMPATH/Router/RouteCollection.php(340): require('/home/2025DIFAL3/e22308557/public_html/V1/ci/app/Config/Routes.php')
 4 SYSTEMPATH/CodeIgniter.php(823): CodeIgniter\Router\RouteCollection->loadRoutes()
 5 SYSTEMPATH/CodeIgniter.php(457): CodeIgniter\CodeIgniter->tryToRouteIt(null)
 6 SYSTEMPATH/CodeIgniter.php(355): CodeIgniter\CodeIgniter->handleRequest(null, Object(Config\Cache), false)
 7 SYSTEMPATH/Boot.php(325): CodeIgniter\CodeIgniter->run()
 8 SYSTEMPATH/Boot.php(67): CodeIgniter\Boot::runCodeIgniter(Object(CodeIgniter\CodeIgniter))
 9 FCPATH/index.php(56): CodeIgniter\Boot::bootWeb(Object(Config\Paths))
WARNING - 2025-11-25 08:50:05 --> [DEPRECATED] Passing lowercase HTTP method "post" is deprecated. Use uppercase HTTP method like "POST". in SYSTEMPATH/Router/RouteCollection.php on line 1027.
 1 SYSTEMPATH/Router/RouteCollection.php(1027): trigger_error('Passing lowercase HTTP method "post" is deprecated. Use uppercase HTTP method like "POST".', 16384)
 2 APPPATH/Config/Routes.php(51): CodeIgniter\Router\RouteCollection->match([...], 'compte/repondre/(:num)', 'Compte::repondre/$1')
 3 SYSTEMPATH/Router/RouteCollection.php(340): require('/home/2025DIFAL3/e22308557/public_html/V1/ci/app/Config/Routes.php')
 4 SYSTEMPATH/CodeIgniter.php(823): CodeIgniter\Router\RouteCollection->loadRoutes()
 5 SYSTEMPATH/CodeIgniter.php(457): CodeIgniter\CodeIgniter->tryToRouteIt(null)
 6 SYSTEMPATH/CodeIgniter.php(355): CodeIgniter\CodeIgniter->handleRequest(null, Object(Config\Cache), false)
 7 SYSTEMPATH/Boot.php(325): CodeIgniter\CodeIgniter->run()
 8 SYSTEMPATH/Boot.php(67): CodeIgniter\Boot::runCodeIgniter(Object(CodeIgniter\CodeIgniter))
 9 FCPATH/index.php(56): CodeIgniter\Boot::bootWeb(Object(Config\Paths))
WARNING - 2025-11-25 08:50:05 --> [DEPRECATED] Creation of dynamic property App\Controllers\Compte::$model is deprecated in APPPATH/Controllers/Compte.php on line 11.
 1 SYSTEMPATH/CodeIgniter.php(903): App\Controllers\Compte->__construct()
 2 SYSTEMPATH/CodeIgniter.php(500): CodeIgniter\CodeIgniter->createController()
 3 SYSTEMPATH/CodeIgniter.php(355): CodeIgniter\CodeIgniter->handleRequest(null, Object(Config\Cache), false)
 4 SYSTEMPATH/Boot.php(325): CodeIgniter\CodeIgniter->run()
 5 SYSTEMPATH/Boot.php(67): CodeIgniter\Boot::runCodeIgniter(Object(CodeIgniter\CodeIgniter))
 6 FCPATH/index.php(56): CodeIgniter\Boot::bootWeb(Object(Config\Paths))
INFO - 2025-11-25 08:50:05 --> Session: Class initialized using 'CodeIgniter\Session\Handlers\FileHandler' driver.
WARNING - 2025-11-25 08:50:46 --> [DEPRECATED] Passing lowercase HTTP method "get" is deprecated. Use uppercase HTTP method like "GET". in SYSTEMPATH/Router/RouteCollection.php on line 1027.
 1 SYSTEMPATH/Router/RouteCollection.php(1027): trigger_error('Passing lowercase HTTP method "get" is deprecated. Use uppercase HTTP method like "GET".', 16384)
 2 APPPATH/Config/Routes.php(51): CodeIgniter\Router\RouteCollection->match([...], 'compte/repondre/(:num)', 'Compte::repondre/$1')
 3 SYSTEMPATH/Router/RouteCollection.php(340): require('/home/2025DIFAL3/e22308557/public_html/V1/ci/app/Config/Routes.php')
 4 SYSTEMPATH/CodeIgniter.php(823): CodeIgniter\Router\RouteCollection->loadRoutes()
 5 SYSTEMPATH/CodeIgniter.php(457): CodeIgniter\CodeIgniter->tryToRouteIt(null)
 6 SYSTEMPATH/CodeIgniter.php(355): CodeIgniter\CodeIgniter->handleRequest(null, Object(Config\Cache), false)
 7 SYSTEMPATH/Boot.php(325): CodeIgniter\CodeIgniter->run()
 8 SYSTEMPATH/Boot.php(67): CodeIgniter\Boot::runCodeIgniter(Object(CodeIgniter\CodeIgniter))
 9 FCPATH/index.php(56): CodeIgniter\Boot::bootWeb(Object(Config\Paths))
WARNING - 2025-11-25 08:50:46 --> [DEPRECATED] Passing lowercase HTTP method "post" is deprecated. Use uppercase HTTP method like "POST". in SYSTEMPATH/Router/RouteCollection.php on line 1027.
 1 SYSTEMPATH/Router/RouteCollection.php(1027): trigger_error('Passing lowercase HTTP method "post" is deprecated. Use uppercase HTTP method like "POST".', 16384)
 2 APPPATH/Config/Routes.php(51): CodeIgniter\Router\RouteCollection->match([...], 'compte/repondre/(:num)', 'Compte::repondre/$1')
 3 SYSTEMPATH/Router/RouteCollection.php(340): require('/home/2025DIFAL3/e22308557/public_html/V1/ci/app/Config/Routes.php')
 4 SYSTEMPATH/CodeIgniter.php(823): CodeIgniter\Router\RouteCollection->loadRoutes()
 5 SYSTEMPATH/CodeIgniter.php(457): CodeIgniter\CodeIgniter->tryToRouteIt(null)
 6 SYSTEMPATH/CodeIgniter.php(355): CodeIgniter\CodeIgniter->handleRequest(null, Object(Config\Cache), false)
 7 SYSTEMPATH/Boot.php(325): CodeIgniter\CodeIgniter->run()
 8 SYSTEMPATH/Boot.php(67): CodeIgniter\Boot::runCodeIgniter(Object(CodeIgniter\CodeIgniter))
 9 FCPATH/index.php(56): CodeIgniter\Boot::bootWeb(Object(Config\Paths))
WARNING - 2025-11-25 08:50:46 --> [DEPRECATED] Creation of dynamic property App\Controllers\Compte::$model is deprecated in APPPATH/Controllers/Compte.php on line 11.
 1 SYSTEMPATH/CodeIgniter.php(903): App\Controllers\Compte->__construct()
 2 SYSTEMPATH/CodeIgniter.php(500): CodeIgniter\CodeIgniter->createController()
 3 SYSTEMPATH/CodeIgniter.php(355): CodeIgniter\CodeIgniter->handleRequest(null, Object(Config\Cache), false)
 4 SYSTEMPATH/Boot.php(325): CodeIgniter\CodeIgniter->run()
 5 SYSTEMPATH/Boot.php(67): CodeIgniter\Boot::runCodeIgniter(Object(CodeIgniter\CodeIgniter))
 6 FCPATH/index.php(56): CodeIgniter\Boot::bootWeb(Object(Config\Paths))
INFO - 2025-11-25 08:50:46 --> Session: Class initialized using 'CodeIgniter\Session\Handlers\FileHandler' driver.
WARNING - 2025-11-25 08:50:52 --> [DEPRECATED] Passing lowercase HTTP method "get" is deprecated. Use uppercase HTTP method like "GET". in SYSTEMPATH/Router/RouteCollection.php on line 1027.
 1 SYSTEMPATH/Router/RouteCollection.php(1027): trigger_error('Passing lowercase HTTP method "get" is deprecated. Use uppercase HTTP method like "GET".', 16384)
 2 APPPATH/Config/Routes.php(51): CodeIgniter\Router\RouteCollection->match([...], 'compte/repondre/(:num)', 'Compte::repondre/$1')
 3 SYSTEMPATH/Router/RouteCollection.php(340): require('/home/2025DIFAL3/e22308557/public_html/V1/ci/app/Config/Routes.php')
 4 SYSTEMPATH/CodeIgniter.php(823): CodeIgniter\Router\RouteCollection->loadRoutes()
 5 SYSTEMPATH/CodeIgniter.php(457): CodeIgniter\CodeIgniter->tryToRouteIt(null)
 6 SYSTEMPATH/CodeIgniter.php(355): CodeIgniter\CodeIgniter->handleRequest(null, Object(Config\Cache), false)
 7 SYSTEMPATH/Boot.php(325): CodeIgniter\CodeIgniter->run()
 8 SYSTEMPATH/Boot.php(67): CodeIgniter\Boot::runCodeIgniter(Object(CodeIgniter\CodeIgniter))
 9 FCPATH/index.php(56): CodeIgniter\Boot::bootWeb(Object(Config\Paths))
WARNING - 2025-11-25 08:50:52 --> [DEPRECATED] Passing lowercase HTTP method "post" is deprecated. Use uppercase HTTP method like "POST". in SYSTEMPATH/Router/RouteCollection.php on line 1027.
 1 SYSTEMPATH/Router/RouteCollection.php(1027): trigger_error('Passing lowercase HTTP method "post" is deprecated. Use uppercase HTTP method like "POST".', 16384)
 2 APPPATH/Config/Routes.php(51): CodeIgniter\Router\RouteCollection->match([...], 'compte/repondre/(:num)', 'Compte::repondre/$1')
 3 SYSTEMPATH/Router/RouteCollection.php(340): require('/home/2025DIFAL3/e22308557/public_html/V1/ci/app/Config/Routes.php')
 4 SYSTEMPATH/CodeIgniter.php(823): CodeIgniter\Router\RouteCollection->loadRoutes()
 5 SYSTEMPATH/CodeIgniter.php(457): CodeIgniter\CodeIgniter->tryToRouteIt(null)
 6 SYSTEMPATH/CodeIgniter.php(355): CodeIgniter\CodeIgniter->handleRequest(null, Object(Config\Cache), false)
 7 SYSTEMPATH/Boot.php(325): CodeIgniter\CodeIgniter->run()
 8 SYSTEMPATH/Boot.php(67): CodeIgniter\Boot::runCodeIgniter(Object(CodeIgniter\CodeIgniter))
 9 FCPATH/index.php(56): CodeIgniter\Boot::bootWeb(Object(Config\Paths))
WARNING - 2025-11-25 08:50:52 --> [DEPRECATED] Creation of dynamic property App\Controllers\Compte::$model is deprecated in APPPATH/Controllers/Compte.php on line 11.
 1 SYSTEMPATH/CodeIgniter.php(903): App\Controllers\Compte->__construct()
 2 SYSTEMPATH/CodeIgniter.php(500): CodeIgniter\CodeIgniter->createController()
 3 SYSTEMPATH/CodeIgniter.php(355): CodeIgniter\CodeIgniter->handleRequest(null, Object(Config\Cache), false)
 4 SYSTEMPATH/Boot.php(325): CodeIgniter\CodeIgniter->run()
 5 SYSTEMPATH/Boot.php(67): CodeIgniter\Boot::runCodeIgniter(Object(CodeIgniter\CodeIgniter))
 6 FCPATH/index.php(56): CodeIgniter\Boot::bootWeb(Object(Config\Paths))
INFO - 2025-11-25 08:50:52 --> Session: Class initialized using 'CodeIgniter\Session\Handlers\FileHandler' driver.
WARNING - 2025-11-25 08:53:50 --> [DEPRECATED] Passing lowercase HTTP method "get" is deprecated. Use uppercase HTTP method like "GET". in SYSTEMPATH/Router/RouteCollection.php on line 1027.
 1 SYSTEMPATH/Router/RouteCollection.php(1027): trigger_error('Passing lowercase HTTP method "get" is deprecated. Use uppercase HTTP method like "GET".', 16384)
 2 APPPATH/Config/Routes.php(51): CodeIgniter\Router\RouteCollection->match([...], 'compte/repondre/(:num)', 'Compte::repondre/$1')
 3 SYSTEMPATH/Router/RouteCollection.php(340): require('/home/2025DIFAL3/e22308557/public_html/V1/ci/app/Config/Routes.php')
 4 SYSTEMPATH/CodeIgniter.php(823): CodeIgniter\Router\RouteCollection->loadRoutes()
 5 SYSTEMPATH/CodeIgniter.php(457): CodeIgniter\CodeIgniter->tryToRouteIt(null)
 6 SYSTEMPATH/CodeIgniter.php(355): CodeIgniter\CodeIgniter->handleRequest(null, Object(Config\Cache), false)
 7 SYSTEMPATH/Boot.php(325): CodeIgniter\CodeIgniter->run()
 8 SYSTEMPATH/Boot.php(67): CodeIgniter\Boot::runCodeIgniter(Object(CodeIgniter\CodeIgniter))
 9 FCPATH/index.php(56): CodeIgniter\Boot::bootWeb(Object(Config\Paths))
WARNING - 2025-11-25 08:53:50 --> [DEPRECATED] Passing lowercase HTTP method "post" is deprecated. Use uppercase HTTP method like "POST". in SYSTEMPATH/Router/RouteCollection.php on line 1027.
 1 SYSTEMPATH/Router/RouteCollection.php(1027): trigger_error('Passing lowercase HTTP method "post" is deprecated. Use uppercase HTTP method like "POST".', 16384)
 2 APPPATH/Config/Routes.php(51): CodeIgniter\Router\RouteCollection->match([...], 'compte/repondre/(:num)', 'Compte::repondre/$1')
 3 SYSTEMPATH/Router/RouteCollection.php(340): require('/home/2025DIFAL3/e22308557/public_html/V1/ci/app/Config/Routes.php')
 4 SYSTEMPATH/CodeIgniter.php(823): CodeIgniter\Router\RouteCollection->loadRoutes()
 5 SYSTEMPATH/CodeIgniter.php(457): CodeIgniter\CodeIgniter->tryToRouteIt(null)
 6 SYSTEMPATH/CodeIgniter.php(355): CodeIgniter\CodeIgniter->handleRequest(null, Object(Config\Cache), false)
 7 SYSTEMPATH/Boot.php(325): CodeIgniter\CodeIgniter->run()
 8 SYSTEMPATH/Boot.php(67): CodeIgniter\Boot::runCodeIgniter(Object(CodeIgniter\CodeIgniter))
 9 FCPATH/index.php(56): CodeIgniter\Boot::bootWeb(Object(Config\Paths))
WARNING - 2025-11-25 08:53:50 --> [DEPRECATED] Creation of dynamic property App\Controllers\Compte::$model is deprecated in APPPATH/Controllers/Compte.php on line 11.
 1 SYSTEMPATH/CodeIgniter.php(903): App\Controllers\Compte->__construct()
 2 SYSTEMPATH/CodeIgniter.php(500): CodeIgniter\CodeIgniter->createController()
 3 SYSTEMPATH/CodeIgniter.php(355): CodeIgniter\CodeIgniter->handleRequest(null, Object(Config\Cache), false)
 4 SYSTEMPATH/Boot.php(325): CodeIgniter\CodeIgniter->run()
 5 SYSTEMPATH/Boot.php(67): CodeIgniter\Boot::runCodeIgniter(Object(CodeIgniter\CodeIgniter))
 6 FCPATH/index.php(56): CodeIgniter\Boot::bootWeb(Object(Config\Paths))
INFO - 2025-11-25 08:53:50 --> Session: Class initialized using 'CodeIgniter\Session\Handlers\FileHandler' driver.
WARNING - 2025-11-25 08:54:06 --> [DEPRECATED] Passing lowercase HTTP method "get" is deprecated. Use uppercase HTTP method like "GET". in SYSTEMPATH/Router/RouteCollection.php on line 1027.
 1 SYSTEMPATH/Router/RouteCollection.php(1027): trigger_error('Passing lowercase HTTP method "get" is deprecated. Use uppercase HTTP method like "GET".', 16384)
 2 APPPATH/Config/Routes.php(51): CodeIgniter\Router\RouteCollection->match([...], 'compte/repondre/(:num)', 'Compte::repondre/$1')
 3 SYSTEMPATH/Router/RouteCollection.php(340): require('/home/2025DIFAL3/e22308557/public_html/V1/ci/app/Config/Routes.php')
 4 SYSTEMPATH/CodeIgniter.php(823): CodeIgniter\Router\RouteCollection->loadRoutes()
 5 SYSTEMPATH/CodeIgniter.php(457): CodeIgniter\CodeIgniter->tryToRouteIt(null)
 6 SYSTEMPATH/CodeIgniter.php(355): CodeIgniter\CodeIgniter->handleRequest(null, Object(Config\Cache), false)
 7 SYSTEMPATH/Boot.php(325): CodeIgniter\CodeIgniter->run()
 8 SYSTEMPATH/Boot.php(67): CodeIgniter\Boot::runCodeIgniter(Object(CodeIgniter\CodeIgniter))
 9 FCPATH/index.php(56): CodeIgniter\Boot::bootWeb(Object(Config\Paths))
WARNING - 2025-11-25 08:54:06 --> [DEPRECATED] Passing lowercase HTTP method "post" is deprecated. Use uppercase HTTP method like "POST". in SYSTEMPATH/Router/RouteCollection.php on line 1027.
 1 SYSTEMPATH/Router/RouteCollection.php(1027): trigger_error('Passing lowercase HTTP method "post" is deprecated. Use uppercase HTTP method like "POST".', 16384)
 2 APPPATH/Config/Routes.php(51): CodeIgniter\Router\RouteCollection->match([...], 'compte/repondre/(:num)', 'Compte::repondre/$1')
 3 SYSTEMPATH/Router/RouteCollection.php(340): require('/home/2025DIFAL3/e22308557/public_html/V1/ci/app/Config/Routes.php')
 4 SYSTEMPATH/CodeIgniter.php(823): CodeIgniter\Router\RouteCollection->loadRoutes()
 5 SYSTEMPATH/CodeIgniter.php(457): CodeIgniter\CodeIgniter->tryToRouteIt(null)
 6 SYSTEMPATH/CodeIgniter.php(355): CodeIgniter\CodeIgniter->handleRequest(null, Object(Config\Cache), false)
 7 SYSTEMPATH/Boot.php(325): CodeIgniter\CodeIgniter->run()
 8 SYSTEMPATH/Boot.php(67): CodeIgniter\Boot::runCodeIgniter(Object(CodeIgniter\CodeIgniter))
 9 FCPATH/index.php(56): CodeIgniter\Boot::bootWeb(Object(Config\Paths))
WARNING - 2025-11-25 08:54:06 --> [DEPRECATED] Creation of dynamic property App\Controllers\Compte::$model is deprecated in APPPATH/Controllers/Compte.php on line 11.
 1 SYSTEMPATH/CodeIgniter.php(903): App\Controllers\Compte->__construct()
 2 SYSTEMPATH/CodeIgniter.php(500): CodeIgniter\CodeIgniter->createController()
 3 SYSTEMPATH/CodeIgniter.php(355): CodeIgniter\CodeIgniter->handleRequest(null, Object(Config\Cache), false)
 4 SYSTEMPATH/Boot.php(325): CodeIgniter\CodeIgniter->run()
 5 SYSTEMPATH/Boot.php(67): CodeIgniter\Boot::runCodeIgniter(Object(CodeIgniter\CodeIgniter))
 6 FCPATH/index.php(56): CodeIgniter\Boot::bootWeb(Object(Config\Paths))
INFO - 2025-11-25 08:54:06 --> Session: Class initialized using 'CodeIgniter\Session\Handlers\FileHandler' driver.
WARNING - 2025-11-25 08:57:07 --> [DEPRECATED] Passing lowercase HTTP method "get" is deprecated. Use uppercase HTTP method like "GET". in SYSTEMPATH/Router/RouteCollection.php on line 1027.
 1 SYSTEMPATH/Router/RouteCollection.php(1027): trigger_error('Passing lowercase HTTP method "get" is deprecated. Use uppercase HTTP method like "GET".', 16384)
 2 APPPATH/Config/Routes.php(51): CodeIgniter\Router\RouteCollection->match([...], 'compte/repondre/(:num)', 'Compte::repondre/$1')
 3 SYSTEMPATH/Router/RouteCollection.php(340): require('/home/2025DIFAL3/e22308557/public_html/V1/ci/app/Config/Routes.php')
 4 SYSTEMPATH/CodeIgniter.php(823): CodeIgniter\Router\RouteCollection->loadRoutes()
 5 SYSTEMPATH/CodeIgniter.php(457): CodeIgniter\CodeIgniter->tryToRouteIt(null)
 6 SYSTEMPATH/CodeIgniter.php(355): CodeIgniter\CodeIgniter->handleRequest(null, Object(Config\Cache), false)
 7 SYSTEMPATH/Boot.php(325): CodeIgniter\CodeIgniter->run()
 8 SYSTEMPATH/Boot.php(67): CodeIgniter\Boot::runCodeIgniter(Object(CodeIgniter\CodeIgniter))
 9 FCPATH/index.php(56): CodeIgniter\Boot::bootWeb(Object(Config\Paths))
WARNING - 2025-11-25 08:57:07 --> [DEPRECATED] Passing lowercase HTTP method "post" is deprecated. Use uppercase HTTP method like "POST". in SYSTEMPATH/Router/RouteCollection.php on line 1027.
 1 SYSTEMPATH/Router/RouteCollection.php(1027): trigger_error('Passing lowercase HTTP method "post" is deprecated. Use uppercase HTTP method like "POST".', 16384)
 2 APPPATH/Config/Routes.php(51): CodeIgniter\Router\RouteCollection->match([...], 'compte/repondre/(:num)', 'Compte::repondre/$1')
 3 SYSTEMPATH/Router/RouteCollection.php(340): require('/home/2025DIFAL3/e22308557/public_html/V1/ci/app/Config/Routes.php')
 4 SYSTEMPATH/CodeIgniter.php(823): CodeIgniter\Router\RouteCollection->loadRoutes()
 5 SYSTEMPATH/CodeIgniter.php(457): CodeIgniter\CodeIgniter->tryToRouteIt(null)
 6 SYSTEMPATH/CodeIgniter.php(355): CodeIgniter\CodeIgniter->handleRequest(null, Object(Config\Cache), false)
 7 SYSTEMPATH/Boot.php(325): CodeIgniter\CodeIgniter->run()
 8 SYSTEMPATH/Boot.php(67): CodeIgniter\Boot::runCodeIgniter(Object(CodeIgniter\CodeIgniter))
 9 FCPATH/index.php(56): CodeIgniter\Boot::bootWeb(Object(Config\Paths))
WARNING - 2025-11-25 08:57:07 --> [DEPRECATED] Creation of dynamic property App\Controllers\Compte::$model is deprecated in APPPATH/Controllers/Compte.php on line 11.
 1 SYSTEMPATH/CodeIgniter.php(903): App\Controllers\Compte->__construct()
 2 SYSTEMPATH/CodeIgniter.php(500): CodeIgniter\CodeIgniter->createController()
 3 SYSTEMPATH/CodeIgniter.php(355): CodeIgniter\CodeIgniter->handleRequest(null, Object(Config\Cache), false)
 4 SYSTEMPATH/Boot.php(325): CodeIgniter\CodeIgniter->run()
 5 SYSTEMPATH/Boot.php(67): CodeIgniter\Boot::runCodeIgniter(Object(CodeIgniter\CodeIgniter))
 6 FCPATH/index.php(56): CodeIgniter\Boot::bootWeb(Object(Config\Paths))
INFO - 2025-11-25 08:57:07 --> Session: Class initialized using 'CodeIgniter\Session\Handlers\FileHandler' driver.
WARNING - 2025-11-25 08:57:59 --> [DEPRECATED] Passing lowercase HTTP method "get" is deprecated. Use uppercase HTTP method like "GET". in SYSTEMPATH/Router/RouteCollection.php on line 1027.
 1 SYSTEMPATH/Router/RouteCollection.php(1027): trigger_error('Passing lowercase HTTP method "get" is deprecated. Use uppercase HTTP method like "GET".', 16384)
 2 APPPATH/Config/Routes.php(51): CodeIgniter\Router\RouteCollection->match([...], 'compte/repondre/(:num)', 'Compte::repondre/$1')
 3 SYSTEMPATH/Router/RouteCollection.php(340): require('/home/2025DIFAL3/e22308557/public_html/V1/ci/app/Config/Routes.php')
 4 SYSTEMPATH/CodeIgniter.php(823): CodeIgniter\Router\RouteCollection->loadRoutes()
 5 SYSTEMPATH/CodeIgniter.php(457): CodeIgniter\CodeIgniter->tryToRouteIt(null)
 6 SYSTEMPATH/CodeIgniter.php(355): CodeIgniter\CodeIgniter->handleRequest(null, Object(Config\Cache), false)
 7 SYSTEMPATH/Boot.php(325): CodeIgniter\CodeIgniter->run()
 8 SYSTEMPATH/Boot.php(67): CodeIgniter\Boot::runCodeIgniter(Object(CodeIgniter\CodeIgniter))
 9 FCPATH/index.php(56): CodeIgniter\Boot::bootWeb(Object(Config\Paths))
WARNING - 2025-11-25 08:57:59 --> [DEPRECATED] Passing lowercase HTTP method "post" is deprecated. Use uppercase HTTP method like "POST". in SYSTEMPATH/Router/RouteCollection.php on line 1027.
 1 SYSTEMPATH/Router/RouteCollection.php(1027): trigger_error('Passing lowercase HTTP method "post" is deprecated. Use uppercase HTTP method like "POST".', 16384)
 2 APPPATH/Config/Routes.php(51): CodeIgniter\Router\RouteCollection->match([...], 'compte/repondre/(:num)', 'Compte::repondre/$1')
 3 SYSTEMPATH/Router/RouteCollection.php(340): require('/home/2025DIFAL3/e22308557/public_html/V1/ci/app/Config/Routes.php')
 4 SYSTEMPATH/CodeIgniter.php(823): CodeIgniter\Router\RouteCollection->loadRoutes()
 5 SYSTEMPATH/CodeIgniter.php(457): CodeIgniter\CodeIgniter->tryToRouteIt(null)
 6 SYSTEMPATH/CodeIgniter.php(355): CodeIgniter\CodeIgniter->handleRequest(null, Object(Config\Cache), false)
 7 SYSTEMPATH/Boot.php(325): CodeIgniter\CodeIgniter->run()
 8 SYSTEMPATH/Boot.php(67): CodeIgniter\Boot::runCodeIgniter(Object(CodeIgniter\CodeIgniter))
 9 FCPATH/index.php(56): CodeIgniter\Boot::bootWeb(Object(Config\Paths))
WARNING - 2025-11-25 08:57:59 --> [DEPRECATED] Creation of dynamic property App\Controllers\Compte::$model is deprecated in APPPATH/Controllers/Compte.php on line 11.
 1 SYSTEMPATH/CodeIgniter.php(903): App\Controllers\Compte->__construct()
 2 SYSTEMPATH/CodeIgniter.php(500): CodeIgniter\CodeIgniter->createController()
 3 SYSTEMPATH/CodeIgniter.php(355): CodeIgniter\CodeIgniter->handleRequest(null, Object(Config\Cache), false)
 4 SYSTEMPATH/Boot.php(325): CodeIgniter\CodeIgniter->run()
 5 SYSTEMPATH/Boot.php(67): CodeIgniter\Boot::runCodeIgniter(Object(CodeIgniter\CodeIgniter))
 6 FCPATH/index.php(56): CodeIgniter\Boot::bootWeb(Object(Config\Paths))
INFO - 2025-11-25 08:57:59 --> Session: Class initialized using 'CodeIgniter\Session\Handlers\FileHandler' driver.
WARNING - 2025-11-25 09:06:44 --> [DEPRECATED] Passing lowercase HTTP method "get" is deprecated. Use uppercase HTTP method like "GET". in SYSTEMPATH/Router/RouteCollection.php on line 1027.
 1 SYSTEMPATH/Router/RouteCollection.php(1027): trigger_error('Passing lowercase HTTP method "get" is deprecated. Use uppercase HTTP method like "GET".', 16384)
 2 APPPATH/Config/Routes.php(51): CodeIgniter\Router\RouteCollection->match([...], 'compte/repondre/(:num)', 'Compte::repondre/$1')
 3 SYSTEMPATH/Router/RouteCollection.php(340): require('/home/2025DIFAL3/e22308557/public_html/V1/ci/app/Config/Routes.php')
 4 SYSTEMPATH/CodeIgniter.php(823): CodeIgniter\Router\RouteCollection->loadRoutes()
 5 SYSTEMPATH/CodeIgniter.php(457): CodeIgniter\CodeIgniter->tryToRouteIt(null)
 6 SYSTEMPATH/CodeIgniter.php(355): CodeIgniter\CodeIgniter->handleRequest(null, Object(Config\Cache), false)
 7 SYSTEMPATH/Boot.php(325): CodeIgniter\CodeIgniter->run()
 8 SYSTEMPATH/Boot.php(67): CodeIgniter\Boot::runCodeIgniter(Object(CodeIgniter\CodeIgniter))
 9 FCPATH/index.php(56): CodeIgniter\Boot::bootWeb(Object(Config\Paths))
WARNING - 2025-11-25 09:06:44 --> [DEPRECATED] Passing lowercase HTTP method "post" is deprecated. Use uppercase HTTP method like "POST". in SYSTEMPATH/Router/RouteCollection.php on line 1027.
 1 SYSTEMPATH/Router/RouteCollection.php(1027): trigger_error('Passing lowercase HTTP method "post" is deprecated. Use uppercase HTTP method like "POST".', 16384)
 2 APPPATH/Config/Routes.php(51): CodeIgniter\Router\RouteCollection->match([...], 'compte/repondre/(:num)', 'Compte::repondre/$1')
 3 SYSTEMPATH/Router/RouteCollection.php(340): require('/home/2025DIFAL3/e22308557/public_html/V1/ci/app/Config/Routes.php')
 4 SYSTEMPATH/CodeIgniter.php(823): CodeIgniter\Router\RouteCollection->loadRoutes()
 5 SYSTEMPATH/CodeIgniter.php(457): CodeIgniter\CodeIgniter->tryToRouteIt(null)
 6 SYSTEMPATH/CodeIgniter.php(355): CodeIgniter\CodeIgniter->handleRequest(null, Object(Config\Cache), false)
 7 SYSTEMPATH/Boot.php(325): CodeIgniter\CodeIgniter->run()
 8 SYSTEMPATH/Boot.php(67): CodeIgniter\Boot::runCodeIgniter(Object(CodeIgniter\CodeIgniter))
 9 FCPATH/index.php(56): CodeIgniter\Boot::bootWeb(Object(Config\Paths))
WARNING - 2025-11-25 09:06:44 --> [DEPRECATED] Creation of dynamic property App\Controllers\Compte::$model is deprecated in APPPATH/Controllers/Compte.php on line 11.
 1 SYSTEMPATH/CodeIgniter.php(903): App\Controllers\Compte->__construct()
 2 SYSTEMPATH/CodeIgniter.php(500): CodeIgniter\CodeIgniter->createController()
 3 SYSTEMPATH/CodeIgniter.php(355): CodeIgniter\CodeIgniter->handleRequest(null, Object(Config\Cache), false)
 4 SYSTEMPATH/Boot.php(325): CodeIgniter\CodeIgniter->run()
 5 SYSTEMPATH/Boot.php(67): CodeIgniter\Boot::runCodeIgniter(Object(CodeIgniter\CodeIgniter))
 6 FCPATH/index.php(56): CodeIgniter\Boot::bootWeb(Object(Config\Paths))
INFO - 2025-11-25 09:06:44 --> Session: Class initialized using 'CodeIgniter\Session\Handlers\FileHandler' driver.
CRITICAL - 2025-11-25 09:06:44 --> ErrorException: Undefined array key "rsv_nom"
[Method: GET, Route: compte/afficher_reservation]
in APPPATH/Views/connexion/compte_accueil.php on line 71.
 1 APPPATH/Views/connexion/compte_accueil.php(71): CodeIgniter\Debug\Exceptions->errorHandler()
 2 SYSTEMPATH/View/View.php(234): include('/home/2025DIFAL3/e22308557/public_html/V1/ci/app/Views/connexion/compte_accueil.php')
 3 SYSTEMPATH/View/View.php(237): CodeIgniter\View\View->CodeIgniter\View\{closure}()
 4 SYSTEMPATH/Common.php(1171): CodeIgniter\View\View->render()
 5 APPPATH/Controllers/Compte.php(183): view()
 6 SYSTEMPATH/CodeIgniter.php(933): App\Controllers\Compte->afficher_reservation()
 7 SYSTEMPATH/CodeIgniter.php(509): CodeIgniter\CodeIgniter->runController()
 8 SYSTEMPATH/CodeIgniter.php(355): CodeIgniter\CodeIgniter->handleRequest()
 9 SYSTEMPATH/Boot.php(325): CodeIgniter\CodeIgniter->run()
10 SYSTEMPATH/Boot.php(67): CodeIgniter\Boot::runCodeIgniter()
11 FCPATH/index.php(56): CodeIgniter\Boot::bootWeb()
WARNING - 2025-11-25 09:16:21 --> [DEPRECATED] Passing lowercase HTTP method "get" is deprecated. Use uppercase HTTP method like "GET". in SYSTEMPATH/Router/RouteCollection.php on line 1027.
 1 SYSTEMPATH/Router/RouteCollection.php(1027): trigger_error('Passing lowercase HTTP method "get" is deprecated. Use uppercase HTTP method like "GET".', 16384)
 2 APPPATH/Config/Routes.php(51): CodeIgniter\Router\RouteCollection->match([...], 'compte/repondre/(:num)', 'Compte::repondre/$1')
 3 SYSTEMPATH/Router/RouteCollection.php(340): require('/home/2025DIFAL3/e22308557/public_html/V1/ci/app/Config/Routes.php')
 4 SYSTEMPATH/CodeIgniter.php(823): CodeIgniter\Router\RouteCollection->loadRoutes()
 5 SYSTEMPATH/CodeIgniter.php(457): CodeIgniter\CodeIgniter->tryToRouteIt(null)
 6 SYSTEMPATH/CodeIgniter.php(355): CodeIgniter\CodeIgniter->handleRequest(null, Object(Config\Cache), false)
 7 SYSTEMPATH/Boot.php(325): CodeIgniter\CodeIgniter->run()
 8 SYSTEMPATH/Boot.php(67): CodeIgniter\Boot::runCodeIgniter(Object(CodeIgniter\CodeIgniter))
 9 FCPATH/index.php(56): CodeIgniter\Boot::bootWeb(Object(Config\Paths))
WARNING - 2025-11-25 09:16:21 --> [DEPRECATED] Passing lowercase HTTP method "post" is deprecated. Use uppercase HTTP method like "POST". in SYSTEMPATH/Router/RouteCollection.php on line 1027.
 1 SYSTEMPATH/Router/RouteCollection.php(1027): trigger_error('Passing lowercase HTTP method "post" is deprecated. Use uppercase HTTP method like "POST".', 16384)
 2 APPPATH/Config/Routes.php(51): CodeIgniter\Router\RouteCollection->match([...], 'compte/repondre/(:num)', 'Compte::repondre/$1')
 3 SYSTEMPATH/Router/RouteCollection.php(340): require('/home/2025DIFAL3/e22308557/public_html/V1/ci/app/Config/Routes.php')
 4 SYSTEMPATH/CodeIgniter.php(823): CodeIgniter\Router\RouteCollection->loadRoutes()
 5 SYSTEMPATH/CodeIgniter.php(457): CodeIgniter\CodeIgniter->tryToRouteIt(null)
 6 SYSTEMPATH/CodeIgniter.php(355): CodeIgniter\CodeIgniter->handleRequest(null, Object(Config\Cache), false)
 7 SYSTEMPATH/Boot.php(325): CodeIgniter\CodeIgniter->run()
 8 SYSTEMPATH/Boot.php(67): CodeIgniter\Boot::runCodeIgniter(Object(CodeIgniter\CodeIgniter))
 9 FCPATH/index.php(56): CodeIgniter\Boot::bootWeb(Object(Config\Paths))
WARNING - 2025-11-25 09:16:21 --> [DEPRECATED] Creation of dynamic property App\Controllers\Compte::$model is deprecated in APPPATH/Controllers/Compte.php on line 11.
 1 SYSTEMPATH/CodeIgniter.php(903): App\Controllers\Compte->__construct()
 2 SYSTEMPATH/CodeIgniter.php(500): CodeIgniter\CodeIgniter->createController()
 3 SYSTEMPATH/CodeIgniter.php(355): CodeIgniter\CodeIgniter->handleRequest(null, Object(Config\Cache), false)
 4 SYSTEMPATH/Boot.php(325): CodeIgniter\CodeIgniter->run()
 5 SYSTEMPATH/Boot.php(67): CodeIgniter\Boot::runCodeIgniter(Object(CodeIgniter\CodeIgniter))
 6 FCPATH/index.php(56): CodeIgniter\Boot::bootWeb(Object(Config\Paths))
INFO - 2025-11-25 09:16:21 --> Session: Class initialized using 'CodeIgniter\Session\Handlers\FileHandler' driver.
WARNING - 2025-11-25 09:16:26 --> [DEPRECATED] Passing lowercase HTTP method "get" is deprecated. Use uppercase HTTP method like "GET". in SYSTEMPATH/Router/RouteCollection.php on line 1027.
 1 SYSTEMPATH/Router/RouteCollection.php(1027): trigger_error('Passing lowercase HTTP method "get" is deprecated. Use uppercase HTTP method like "GET".', 16384)
 2 APPPATH/Config/Routes.php(51): CodeIgniter\Router\RouteCollection->match([...], 'compte/repondre/(:num)', 'Compte::repondre/$1')
 3 SYSTEMPATH/Router/RouteCollection.php(340): require('/home/2025DIFAL3/e22308557/public_html/V1/ci/app/Config/Routes.php')
 4 SYSTEMPATH/CodeIgniter.php(823): CodeIgniter\Router\RouteCollection->loadRoutes()
 5 SYSTEMPATH/CodeIgniter.php(457): CodeIgniter\CodeIgniter->tryToRouteIt(null)
 6 SYSTEMPATH/CodeIgniter.php(355): CodeIgniter\CodeIgniter->handleRequest(null, Object(Config\Cache), false)
 7 SYSTEMPATH/Boot.php(325): CodeIgniter\CodeIgniter->run()
 8 SYSTEMPATH/Boot.php(67): CodeIgniter\Boot::runCodeIgniter(Object(CodeIgniter\CodeIgniter))
 9 FCPATH/index.php(56): CodeIgniter\Boot::bootWeb(Object(Config\Paths))
WARNING - 2025-11-25 09:16:26 --> [DEPRECATED] Passing lowercase HTTP method "post" is deprecated. Use uppercase HTTP method like "POST". in SYSTEMPATH/Router/RouteCollection.php on line 1027.
 1 SYSTEMPATH/Router/RouteCollection.php(1027): trigger_error('Passing lowercase HTTP method "post" is deprecated. Use uppercase HTTP method like "POST".', 16384)
 2 APPPATH/Config/Routes.php(51): CodeIgniter\Router\RouteCollection->match([...], 'compte/repondre/(:num)', 'Compte::repondre/$1')
 3 SYSTEMPATH/Router/RouteCollection.php(340): require('/home/2025DIFAL3/e22308557/public_html/V1/ci/app/Config/Routes.php')
 4 SYSTEMPATH/CodeIgniter.php(823): CodeIgniter\Router\RouteCollection->loadRoutes()
 5 SYSTEMPATH/CodeIgniter.php(457): CodeIgniter\CodeIgniter->tryToRouteIt(null)
 6 SYSTEMPATH/CodeIgniter.php(355): CodeIgniter\CodeIgniter->handleRequest(null, Object(Config\Cache), false)
 7 SYSTEMPATH/Boot.php(325): CodeIgniter\CodeIgniter->run()
 8 SYSTEMPATH/Boot.php(67): CodeIgniter\Boot::runCodeIgniter(Object(CodeIgniter\CodeIgniter))
 9 FCPATH/index.php(56): CodeIgniter\Boot::bootWeb(Object(Config\Paths))
WARNING - 2025-11-25 09:16:26 --> [DEPRECATED] Creation of dynamic property App\Controllers\Compte::$model is deprecated in APPPATH/Controllers/Compte.php on line 11.
 1 SYSTEMPATH/CodeIgniter.php(903): App\Controllers\Compte->__construct()
 2 SYSTEMPATH/CodeIgniter.php(500): CodeIgniter\CodeIgniter->createController()
 3 SYSTEMPATH/CodeIgniter.php(355): CodeIgniter\CodeIgniter->handleRequest(null, Object(Config\Cache), false)
 4 SYSTEMPATH/Boot.php(325): CodeIgniter\CodeIgniter->run()
 5 SYSTEMPATH/Boot.php(67): CodeIgniter\Boot::runCodeIgniter(Object(CodeIgniter\CodeIgniter))
 6 FCPATH/index.php(56): CodeIgniter\Boot::bootWeb(Object(Config\Paths))
INFO - 2025-11-25 09:16:26 --> Session: Class initialized using 'CodeIgniter\Session\Handlers\FileHandler' driver.
CRITICAL - 2025-11-25 09:16:26 --> ErrorException: Undefined array key "res_date"
[Method: GET, Route: compte/afficher_reservation]
in APPPATH/Views/connexion/compte_accueil.php on line 71.
 1 APPPATH/Views/connexion/compte_accueil.php(71): CodeIgniter\Debug\Exceptions->errorHandler()
 2 SYSTEMPATH/View/View.php(234): include('/home/2025DIFAL3/e22308557/public_html/V1/ci/app/Views/connexion/compte_accueil.php')
 3 SYSTEMPATH/View/View.php(237): CodeIgniter\View\View->CodeIgniter\View\{closure}()
 4 SYSTEMPATH/Common.php(1171): CodeIgniter\View\View->render()
 5 APPPATH/Controllers/Compte.php(183): view()
 6 SYSTEMPATH/CodeIgniter.php(933): App\Controllers\Compte->afficher_reservation()
 7 SYSTEMPATH/CodeIgniter.php(509): CodeIgniter\CodeIgniter->runController()
 8 SYSTEMPATH/CodeIgniter.php(355): CodeIgniter\CodeIgniter->handleRequest()
 9 SYSTEMPATH/Boot.php(325): CodeIgniter\CodeIgniter->run()
10 SYSTEMPATH/Boot.php(67): CodeIgniter\Boot::runCodeIgniter()
11 FCPATH/index.php(56): CodeIgniter\Boot::bootWeb()
WARNING - 2025-11-25 09:24:34 --> [DEPRECATED] Passing lowercase HTTP method "get" is deprecated. Use uppercase HTTP method like "GET". in SYSTEMPATH/Router/RouteCollection.php on line 1027.
 1 SYSTEMPATH/Router/RouteCollection.php(1027): trigger_error('Passing lowercase HTTP method "get" is deprecated. Use uppercase HTTP method like "GET".', 16384)
 2 APPPATH/Config/Routes.php(51): CodeIgniter\Router\RouteCollection->match([...], 'compte/repondre/(:num)', 'Compte::repondre/$1')
 3 SYSTEMPATH/Router/RouteCollection.php(340): require('/home/2025DIFAL3/e22308557/public_html/V1/ci/app/Config/Routes.php')
 4 SYSTEMPATH/CodeIgniter.php(823): CodeIgniter\Router\RouteCollection->loadRoutes()
 5 SYSTEMPATH/CodeIgniter.php(457): CodeIgniter\CodeIgniter->tryToRouteIt(null)
 6 SYSTEMPATH/CodeIgniter.php(355): CodeIgniter\CodeIgniter->handleRequest(null, Object(Config\Cache), false)
 7 SYSTEMPATH/Boot.php(325): CodeIgniter\CodeIgniter->run()
 8 SYSTEMPATH/Boot.php(67): CodeIgniter\Boot::runCodeIgniter(Object(CodeIgniter\CodeIgniter))
 9 FCPATH/index.php(56): CodeIgniter\Boot::bootWeb(Object(Config\Paths))
WARNING - 2025-11-25 09:24:34 --> [DEPRECATED] Passing lowercase HTTP method "post" is deprecated. Use uppercase HTTP method like "POST". in SYSTEMPATH/Router/RouteCollection.php on line 1027.
 1 SYSTEMPATH/Router/RouteCollection.php(1027): trigger_error('Passing lowercase HTTP method "post" is deprecated. Use uppercase HTTP method like "POST".', 16384)
 2 APPPATH/Config/Routes.php(51): CodeIgniter\Router\RouteCollection->match([...], 'compte/repondre/(:num)', 'Compte::repondre/$1')
 3 SYSTEMPATH/Router/RouteCollection.php(340): require('/home/2025DIFAL3/e22308557/public_html/V1/ci/app/Config/Routes.php')
 4 SYSTEMPATH/CodeIgniter.php(823): CodeIgniter\Router\RouteCollection->loadRoutes()
 5 SYSTEMPATH/CodeIgniter.php(457): CodeIgniter\CodeIgniter->tryToRouteIt(null)
 6 SYSTEMPATH/CodeIgniter.php(355): CodeIgniter\CodeIgniter->handleRequest(null, Object(Config\Cache), false)
 7 SYSTEMPATH/Boot.php(325): CodeIgniter\CodeIgniter->run()
 8 SYSTEMPATH/Boot.php(67): CodeIgniter\Boot::runCodeIgniter(Object(CodeIgniter\CodeIgniter))
 9 FCPATH/index.php(56): CodeIgniter\Boot::bootWeb(Object(Config\Paths))
WARNING - 2025-11-25 09:24:34 --> [DEPRECATED] Creation of dynamic property App\Controllers\Compte::$model is deprecated in APPPATH/Controllers/Compte.php on line 11.
 1 SYSTEMPATH/CodeIgniter.php(903): App\Controllers\Compte->__construct()
 2 SYSTEMPATH/CodeIgniter.php(500): CodeIgniter\CodeIgniter->createController()
 3 SYSTEMPATH/CodeIgniter.php(355): CodeIgniter\CodeIgniter->handleRequest(null, Object(Config\Cache), false)
 4 SYSTEMPATH/Boot.php(325): CodeIgniter\CodeIgniter->run()
 5 SYSTEMPATH/Boot.php(67): CodeIgniter\Boot::runCodeIgniter(Object(CodeIgniter\CodeIgniter))
 6 FCPATH/index.php(56): CodeIgniter\Boot::bootWeb(Object(Config\Paths))
INFO - 2025-11-25 09:24:34 --> Session: Class initialized using 'CodeIgniter\Session\Handlers\FileHandler' driver.
CRITICAL - 2025-11-25 09:24:34 --> ErrorException: Undefined array key "res_date"
[Method: GET, Route: compte/afficher_reservation]
in APPPATH/Views/connexion/compte_accueil.php on line 73.
 1 APPPATH/Views/connexion/compte_accueil.php(73): CodeIgniter\Debug\Exceptions->errorHandler()
 2 SYSTEMPATH/View/View.php(234): include('/home/2025DIFAL3/e22308557/public_html/V1/ci/app/Views/connexion/compte_accueil.php')
 3 SYSTEMPATH/View/View.php(237): CodeIgniter\View\View->CodeIgniter\View\{closure}()
 4 SYSTEMPATH/Common.php(1171): CodeIgniter\View\View->render()
 5 APPPATH/Controllers/Compte.php(183): view()
 6 SYSTEMPATH/CodeIgniter.php(933): App\Controllers\Compte->afficher_reservation()
 7 SYSTEMPATH/CodeIgniter.php(509): CodeIgniter\CodeIgniter->runController()
 8 SYSTEMPATH/CodeIgniter.php(355): CodeIgniter\CodeIgniter->handleRequest()
 9 SYSTEMPATH/Boot.php(325): CodeIgniter\CodeIgniter->run()
10 SYSTEMPATH/Boot.php(67): CodeIgniter\Boot::runCodeIgniter()
11 FCPATH/index.php(56): CodeIgniter\Boot::bootWeb()
WARNING - 2025-11-25 09:25:42 --> [DEPRECATED] Passing lowercase HTTP method "get" is deprecated. Use uppercase HTTP method like "GET". in SYSTEMPATH/Router/RouteCollection.php on line 1027.
 1 SYSTEMPATH/Router/RouteCollection.php(1027): trigger_error('Passing lowercase HTTP method "get" is deprecated. Use uppercase HTTP method like "GET".', 16384)
 2 APPPATH/Config/Routes.php(51): CodeIgniter\Router\RouteCollection->match([...], 'compte/repondre/(:num)', 'Compte::repondre/$1')
 3 SYSTEMPATH/Router/RouteCollection.php(340): require('/home/2025DIFAL3/e22308557/public_html/V1/ci/app/Config/Routes.php')
 4 SYSTEMPATH/CodeIgniter.php(823): CodeIgniter\Router\RouteCollection->loadRoutes()
 5 SYSTEMPATH/CodeIgniter.php(457): CodeIgniter\CodeIgniter->tryToRouteIt(null)
 6 SYSTEMPATH/CodeIgniter.php(355): CodeIgniter\CodeIgniter->handleRequest(null, Object(Config\Cache), false)
 7 SYSTEMPATH/Boot.php(325): CodeIgniter\CodeIgniter->run()
 8 SYSTEMPATH/Boot.php(67): CodeIgniter\Boot::runCodeIgniter(Object(CodeIgniter\CodeIgniter))
 9 FCPATH/index.php(56): CodeIgniter\Boot::bootWeb(Object(Config\Paths))
WARNING - 2025-11-25 09:25:42 --> [DEPRECATED] Passing lowercase HTTP method "post" is deprecated. Use uppercase HTTP method like "POST". in SYSTEMPATH/Router/RouteCollection.php on line 1027.
 1 SYSTEMPATH/Router/RouteCollection.php(1027): trigger_error('Passing lowercase HTTP method "post" is deprecated. Use uppercase HTTP method like "POST".', 16384)
 2 APPPATH/Config/Routes.php(51): CodeIgniter\Router\RouteCollection->match([...], 'compte/repondre/(:num)', 'Compte::repondre/$1')
 3 SYSTEMPATH/Router/RouteCollection.php(340): require('/home/2025DIFAL3/e22308557/public_html/V1/ci/app/Config/Routes.php')
 4 SYSTEMPATH/CodeIgniter.php(823): CodeIgniter\Router\RouteCollection->loadRoutes()
 5 SYSTEMPATH/CodeIgniter.php(457): CodeIgniter\CodeIgniter->tryToRouteIt(null)
 6 SYSTEMPATH/CodeIgniter.php(355): CodeIgniter\CodeIgniter->handleRequest(null, Object(Config\Cache), false)
 7 SYSTEMPATH/Boot.php(325): CodeIgniter\CodeIgniter->run()
 8 SYSTEMPATH/Boot.php(67): CodeIgniter\Boot::runCodeIgniter(Object(CodeIgniter\CodeIgniter))
 9 FCPATH/index.php(56): CodeIgniter\Boot::bootWeb(Object(Config\Paths))
WARNING - 2025-11-25 09:25:42 --> [DEPRECATED] Creation of dynamic property App\Controllers\Compte::$model is deprecated in APPPATH/Controllers/Compte.php on line 11.
 1 SYSTEMPATH/CodeIgniter.php(903): App\Controllers\Compte->__construct()
 2 SYSTEMPATH/CodeIgniter.php(500): CodeIgniter\CodeIgniter->createController()
 3 SYSTEMPATH/CodeIgniter.php(355): CodeIgniter\CodeIgniter->handleRequest(null, Object(Config\Cache), false)
 4 SYSTEMPATH/Boot.php(325): CodeIgniter\CodeIgniter->run()
 5 SYSTEMPATH/Boot.php(67): CodeIgniter\Boot::runCodeIgniter(Object(CodeIgniter\CodeIgniter))
 6 FCPATH/index.php(56): CodeIgniter\Boot::bootWeb(Object(Config\Paths))
INFO - 2025-11-25 09:25:42 --> Session: Class initialized using 'CodeIgniter\Session\Handlers\FileHandler' driver.
CRITICAL - 2025-11-25 09:25:42 --> ErrorException: Undefined array key "pfl_prenom"
[Method: GET, Route: compte/afficher_reservation]
in APPPATH/Views/connexion/compte_accueil.php on line 77.
 1 APPPATH/Views/connexion/compte_accueil.php(77): CodeIgniter\Debug\Exceptions->errorHandler()
 2 SYSTEMPATH/View/View.php(234): include('/home/2025DIFAL3/e22308557/public_html/V1/ci/app/Views/connexion/compte_accueil.php')
 3 SYSTEMPATH/View/View.php(237): CodeIgniter\View\View->CodeIgniter\View\{closure}()
 4 SYSTEMPATH/Common.php(1171): CodeIgniter\View\View->render()
 5 APPPATH/Controllers/Compte.php(183): view()
 6 SYSTEMPATH/CodeIgniter.php(933): App\Controllers\Compte->afficher_reservation()
 7 SYSTEMPATH/CodeIgniter.php(509): CodeIgniter\CodeIgniter->runController()
 8 SYSTEMPATH/CodeIgniter.php(355): CodeIgniter\CodeIgniter->handleRequest()
 9 SYSTEMPATH/Boot.php(325): CodeIgniter\CodeIgniter->run()
10 SYSTEMPATH/Boot.php(67): CodeIgniter\Boot::runCodeIgniter()
11 FCPATH/index.php(56): CodeIgniter\Boot::bootWeb()
WARNING - 2025-11-25 09:28:08 --> [DEPRECATED] Passing lowercase HTTP method "get" is deprecated. Use uppercase HTTP method like "GET". in SYSTEMPATH/Router/RouteCollection.php on line 1027.
 1 SYSTEMPATH/Router/RouteCollection.php(1027): trigger_error('Passing lowercase HTTP method "get" is deprecated. Use uppercase HTTP method like "GET".', 16384)
 2 APPPATH/Config/Routes.php(51): CodeIgniter\Router\RouteCollection->match([...], 'compte/repondre/(:num)', 'Compte::repondre/$1')
 3 SYSTEMPATH/Router/RouteCollection.php(340): require('/home/2025DIFAL3/e22308557/public_html/V1/ci/app/Config/Routes.php')
 4 SYSTEMPATH/CodeIgniter.php(823): CodeIgniter\Router\RouteCollection->loadRoutes()
 5 SYSTEMPATH/CodeIgniter.php(457): CodeIgniter\CodeIgniter->tryToRouteIt(null)
 6 SYSTEMPATH/CodeIgniter.php(355): CodeIgniter\CodeIgniter->handleRequest(null, Object(Config\Cache), false)
 7 SYSTEMPATH/Boot.php(325): CodeIgniter\CodeIgniter->run()
 8 SYSTEMPATH/Boot.php(67): CodeIgniter\Boot::runCodeIgniter(Object(CodeIgniter\CodeIgniter))
 9 FCPATH/index.php(56): CodeIgniter\Boot::bootWeb(Object(Config\Paths))
WARNING - 2025-11-25 09:28:08 --> [DEPRECATED] Passing lowercase HTTP method "post" is deprecated. Use uppercase HTTP method like "POST". in SYSTEMPATH/Router/RouteCollection.php on line 1027.
 1 SYSTEMPATH/Router/RouteCollection.php(1027): trigger_error('Passing lowercase HTTP method "post" is deprecated. Use uppercase HTTP method like "POST".', 16384)
 2 APPPATH/Config/Routes.php(51): CodeIgniter\Router\RouteCollection->match([...], 'compte/repondre/(:num)', 'Compte::repondre/$1')
 3 SYSTEMPATH/Router/RouteCollection.php(340): require('/home/2025DIFAL3/e22308557/public_html/V1/ci/app/Config/Routes.php')
 4 SYSTEMPATH/CodeIgniter.php(823): CodeIgniter\Router\RouteCollection->loadRoutes()
 5 SYSTEMPATH/CodeIgniter.php(457): CodeIgniter\CodeIgniter->tryToRouteIt(null)
 6 SYSTEMPATH/CodeIgniter.php(355): CodeIgniter\CodeIgniter->handleRequest(null, Object(Config\Cache), false)
 7 SYSTEMPATH/Boot.php(325): CodeIgniter\CodeIgniter->run()
 8 SYSTEMPATH/Boot.php(67): CodeIgniter\Boot::runCodeIgniter(Object(CodeIgniter\CodeIgniter))
 9 FCPATH/index.php(56): CodeIgniter\Boot::bootWeb(Object(Config\Paths))
WARNING - 2025-11-25 09:28:08 --> [DEPRECATED] Creation of dynamic property App\Controllers\Compte::$model is deprecated in APPPATH/Controllers/Compte.php on line 11.
 1 SYSTEMPATH/CodeIgniter.php(903): App\Controllers\Compte->__construct()
 2 SYSTEMPATH/CodeIgniter.php(500): CodeIgniter\CodeIgniter->createController()
 3 SYSTEMPATH/CodeIgniter.php(355): CodeIgniter\CodeIgniter->handleRequest(null, Object(Config\Cache), false)
 4 SYSTEMPATH/Boot.php(325): CodeIgniter\CodeIgniter->run()
 5 SYSTEMPATH/Boot.php(67): CodeIgniter\Boot::runCodeIgniter(Object(CodeIgniter\CodeIgniter))
 6 FCPATH/index.php(56): CodeIgniter\Boot::bootWeb(Object(Config\Paths))
INFO - 2025-11-25 09:28:08 --> Session: Class initialized using 'CodeIgniter\Session\Handlers\FileHandler' driver.
WARNING - 2025-11-25 10:06:32 --> [DEPRECATED] Passing lowercase HTTP method "get" is deprecated. Use uppercase HTTP method like "GET". in SYSTEMPATH/Router/RouteCollection.php on line 1027.
 1 SYSTEMPATH/Router/RouteCollection.php(1027): trigger_error('Passing lowercase HTTP method "get" is deprecated. Use uppercase HTTP method like "GET".', 16384)
 2 APPPATH/Config/Routes.php(51): CodeIgniter\Router\RouteCollection->match([...], 'compte/repondre/(:num)', 'Compte::repondre/$1')
 3 SYSTEMPATH/Router/RouteCollection.php(340): require('/home/2025DIFAL3/e22308557/public_html/V1/ci/app/Config/Routes.php')
 4 SYSTEMPATH/CodeIgniter.php(823): CodeIgniter\Router\RouteCollection->loadRoutes()
 5 SYSTEMPATH/CodeIgniter.php(457): CodeIgniter\CodeIgniter->tryToRouteIt(null)
 6 SYSTEMPATH/CodeIgniter.php(355): CodeIgniter\CodeIgniter->handleRequest(null, Object(Config\Cache), false)
 7 SYSTEMPATH/Boot.php(325): CodeIgniter\CodeIgniter->run()
 8 SYSTEMPATH/Boot.php(67): CodeIgniter\Boot::runCodeIgniter(Object(CodeIgniter\CodeIgniter))
 9 FCPATH/index.php(56): CodeIgniter\Boot::bootWeb(Object(Config\Paths))
WARNING - 2025-11-25 10:06:32 --> [DEPRECATED] Passing lowercase HTTP method "post" is deprecated. Use uppercase HTTP method like "POST". in SYSTEMPATH/Router/RouteCollection.php on line 1027.
 1 SYSTEMPATH/Router/RouteCollection.php(1027): trigger_error('Passing lowercase HTTP method "post" is deprecated. Use uppercase HTTP method like "POST".', 16384)
 2 APPPATH/Config/Routes.php(51): CodeIgniter\Router\RouteCollection->match([...], 'compte/repondre/(:num)', 'Compte::repondre/$1')
 3 SYSTEMPATH/Router/RouteCollection.php(340): require('/home/2025DIFAL3/e22308557/public_html/V1/ci/app/Config/Routes.php')
 4 SYSTEMPATH/CodeIgniter.php(823): CodeIgniter\Router\RouteCollection->loadRoutes()
 5 SYSTEMPATH/CodeIgniter.php(457): CodeIgniter\CodeIgniter->tryToRouteIt(null)
 6 SYSTEMPATH/CodeIgniter.php(355): CodeIgniter\CodeIgniter->handleRequest(null, Object(Config\Cache), false)
 7 SYSTEMPATH/Boot.php(325): CodeIgniter\CodeIgniter->run()
 8 SYSTEMPATH/Boot.php(67): CodeIgniter\Boot::runCodeIgniter(Object(CodeIgniter\CodeIgniter))
 9 FCPATH/index.php(56): CodeIgniter\Boot::bootWeb(Object(Config\Paths))
WARNING - 2025-11-25 10:06:32 --> [DEPRECATED] Creation of dynamic property App\Controllers\Compte::$model is deprecated in APPPATH/Controllers/Compte.php on line 11.
 1 SYSTEMPATH/CodeIgniter.php(903): App\Controllers\Compte->__construct()
 2 SYSTEMPATH/CodeIgniter.php(500): CodeIgniter\CodeIgniter->createController()
 3 SYSTEMPATH/CodeIgniter.php(355): CodeIgniter\CodeIgniter->handleRequest(null, Object(Config\Cache), false)
 4 SYSTEMPATH/Boot.php(325): CodeIgniter\CodeIgniter->run()
 5 SYSTEMPATH/Boot.php(67): CodeIgniter\Boot::runCodeIgniter(Object(CodeIgniter\CodeIgniter))
 6 FCPATH/index.php(56): CodeIgniter\Boot::bootWeb(Object(Config\Paths))
INFO - 2025-11-25 10:06:32 --> Session: Class initialized using 'CodeIgniter\Session\Handlers\FileHandler' driver.
CRITICAL - 2025-11-25 10:06:32 --> ErrorException: Undefined array key "pfl_prenom"
[Method: GET, Route: compte/afficher_reservation]
in APPPATH/Views/connexion/compte_accueil.php on line 77.
 1 APPPATH/Views/connexion/compte_accueil.php(77): CodeIgniter\Debug\Exceptions->errorHandler()
 2 SYSTEMPATH/View/View.php(234): include('/home/2025DIFAL3/e22308557/public_html/V1/ci/app/Views/connexion/compte_accueil.php')
 3 SYSTEMPATH/View/View.php(237): CodeIgniter\View\View->CodeIgniter\View\{closure}()
 4 SYSTEMPATH/Common.php(1171): CodeIgniter\View\View->render()
 5 APPPATH/Controllers/Compte.php(183): view()
 6 SYSTEMPATH/CodeIgniter.php(933): App\Controllers\Compte->afficher_reservation()
 7 SYSTEMPATH/CodeIgniter.php(509): CodeIgniter\CodeIgniter->runController()
 8 SYSTEMPATH/CodeIgniter.php(355): CodeIgniter\CodeIgniter->handleRequest()
 9 SYSTEMPATH/Boot.php(325): CodeIgniter\CodeIgniter->run()
10 SYSTEMPATH/Boot.php(67): CodeIgniter\Boot::runCodeIgniter()
11 FCPATH/index.php(56): CodeIgniter\Boot::bootWeb()
WARNING - 2025-11-25 10:07:09 --> [DEPRECATED] Passing lowercase HTTP method "get" is deprecated. Use uppercase HTTP method like "GET". in SYSTEMPATH/Router/RouteCollection.php on line 1027.
 1 SYSTEMPATH/Router/RouteCollection.php(1027): trigger_error('Passing lowercase HTTP method "get" is deprecated. Use uppercase HTTP method like "GET".', 16384)
 2 APPPATH/Config/Routes.php(51): CodeIgniter\Router\RouteCollection->match([...], 'compte/repondre/(:num)', 'Compte::repondre/$1')
 3 SYSTEMPATH/Router/RouteCollection.php(340): require('/home/2025DIFAL3/e22308557/public_html/V1/ci/app/Config/Routes.php')
 4 SYSTEMPATH/CodeIgniter.php(823): CodeIgniter\Router\RouteCollection->loadRoutes()
 5 SYSTEMPATH/CodeIgniter.php(457): CodeIgniter\CodeIgniter->tryToRouteIt(null)
 6 SYSTEMPATH/CodeIgniter.php(355): CodeIgniter\CodeIgniter->handleRequest(null, Object(Config\Cache), false)
 7 SYSTEMPATH/Boot.php(325): CodeIgniter\CodeIgniter->run()
 8 SYSTEMPATH/Boot.php(67): CodeIgniter\Boot::runCodeIgniter(Object(CodeIgniter\CodeIgniter))
 9 FCPATH/index.php(56): CodeIgniter\Boot::bootWeb(Object(Config\Paths))
WARNING - 2025-11-25 10:07:09 --> [DEPRECATED] Passing lowercase HTTP method "post" is deprecated. Use uppercase HTTP method like "POST". in SYSTEMPATH/Router/RouteCollection.php on line 1027.
 1 SYSTEMPATH/Router/RouteCollection.php(1027): trigger_error('Passing lowercase HTTP method "post" is deprecated. Use uppercase HTTP method like "POST".', 16384)
 2 APPPATH/Config/Routes.php(51): CodeIgniter\Router\RouteCollection->match([...], 'compte/repondre/(:num)', 'Compte::repondre/$1')
 3 SYSTEMPATH/Router/RouteCollection.php(340): require('/home/2025DIFAL3/e22308557/public_html/V1/ci/app/Config/Routes.php')
 4 SYSTEMPATH/CodeIgniter.php(823): CodeIgniter\Router\RouteCollection->loadRoutes()
 5 SYSTEMPATH/CodeIgniter.php(457): CodeIgniter\CodeIgniter->tryToRouteIt(null)
 6 SYSTEMPATH/CodeIgniter.php(355): CodeIgniter\CodeIgniter->handleRequest(null, Object(Config\Cache), false)
 7 SYSTEMPATH/Boot.php(325): CodeIgniter\CodeIgniter->run()
 8 SYSTEMPATH/Boot.php(67): CodeIgniter\Boot::runCodeIgniter(Object(CodeIgniter\CodeIgniter))
 9 FCPATH/index.php(56): CodeIgniter\Boot::bootWeb(Object(Config\Paths))
WARNING - 2025-11-25 10:07:09 --> [DEPRECATED] Creation of dynamic property App\Controllers\Compte::$model is deprecated in APPPATH/Controllers/Compte.php on line 11.
 1 SYSTEMPATH/CodeIgniter.php(903): App\Controllers\Compte->__construct()
 2 SYSTEMPATH/CodeIgniter.php(500): CodeIgniter\CodeIgniter->createController()
 3 SYSTEMPATH/CodeIgniter.php(355): CodeIgniter\CodeIgniter->handleRequest(null, Object(Config\Cache), false)
 4 SYSTEMPATH/Boot.php(325): CodeIgniter\CodeIgniter->run()
 5 SYSTEMPATH/Boot.php(67): CodeIgniter\Boot::runCodeIgniter(Object(CodeIgniter\CodeIgniter))
 6 FCPATH/index.php(56): CodeIgniter\Boot::bootWeb(Object(Config\Paths))
INFO - 2025-11-25 10:07:09 --> Session: Class initialized using 'CodeIgniter\Session\Handlers\FileHandler' driver.
CRITICAL - 2025-11-25 10:07:09 --> ErrorException: Undefined array key "res_nom"
[Method: GET, Route: compte/afficher_reservation]
in APPPATH/Views/connexion/compte_accueil.php on line 81.
 1 APPPATH/Views/connexion/compte_accueil.php(81): CodeIgniter\Debug\Exceptions->errorHandler()
 2 SYSTEMPATH/View/View.php(234): include('/home/2025DIFAL3/e22308557/public_html/V1/ci/app/Views/connexion/compte_accueil.php')
 3 SYSTEMPATH/View/View.php(237): CodeIgniter\View\View->CodeIgniter\View\{closure}()
 4 SYSTEMPATH/Common.php(1171): CodeIgniter\View\View->render()
 5 APPPATH/Controllers/Compte.php(183): view()
 6 SYSTEMPATH/CodeIgniter.php(933): App\Controllers\Compte->afficher_reservation()
 7 SYSTEMPATH/CodeIgniter.php(509): CodeIgniter\CodeIgniter->runController()
 8 SYSTEMPATH/CodeIgniter.php(355): CodeIgniter\CodeIgniter->handleRequest()
 9 SYSTEMPATH/Boot.php(325): CodeIgniter\CodeIgniter->run()
10 SYSTEMPATH/Boot.php(67): CodeIgniter\Boot::runCodeIgniter()
11 FCPATH/index.php(56): CodeIgniter\Boot::bootWeb()
WARNING - 2025-11-25 10:08:13 --> [DEPRECATED] Passing lowercase HTTP method "get" is deprecated. Use uppercase HTTP method like "GET". in SYSTEMPATH/Router/RouteCollection.php on line 1027.
 1 SYSTEMPATH/Router/RouteCollection.php(1027): trigger_error('Passing lowercase HTTP method "get" is deprecated. Use uppercase HTTP method like "GET".', 16384)
 2 APPPATH/Config/Routes.php(51): CodeIgniter\Router\RouteCollection->match([...], 'compte/repondre/(:num)', 'Compte::repondre/$1')
 3 SYSTEMPATH/Router/RouteCollection.php(340): require('/home/2025DIFAL3/e22308557/public_html/V1/ci/app/Config/Routes.php')
 4 SYSTEMPATH/CodeIgniter.php(823): CodeIgniter\Router\RouteCollection->loadRoutes()
 5 SYSTEMPATH/CodeIgniter.php(457): CodeIgniter\CodeIgniter->tryToRouteIt(null)
 6 SYSTEMPATH/CodeIgniter.php(355): CodeIgniter\CodeIgniter->handleRequest(null, Object(Config\Cache), false)
 7 SYSTEMPATH/Boot.php(325): CodeIgniter\CodeIgniter->run()
 8 SYSTEMPATH/Boot.php(67): CodeIgniter\Boot::runCodeIgniter(Object(CodeIgniter\CodeIgniter))
 9 FCPATH/index.php(56): CodeIgniter\Boot::bootWeb(Object(Config\Paths))
WARNING - 2025-11-25 10:08:13 --> [DEPRECATED] Passing lowercase HTTP method "post" is deprecated. Use uppercase HTTP method like "POST". in SYSTEMPATH/Router/RouteCollection.php on line 1027.
 1 SYSTEMPATH/Router/RouteCollection.php(1027): trigger_error('Passing lowercase HTTP method "post" is deprecated. Use uppercase HTTP method like "POST".', 16384)
 2 APPPATH/Config/Routes.php(51): CodeIgniter\Router\RouteCollection->match([...], 'compte/repondre/(:num)', 'Compte::repondre/$1')
 3 SYSTEMPATH/Router/RouteCollection.php(340): require('/home/2025DIFAL3/e22308557/public_html/V1/ci/app/Config/Routes.php')
 4 SYSTEMPATH/CodeIgniter.php(823): CodeIgniter\Router\RouteCollection->loadRoutes()
 5 SYSTEMPATH/CodeIgniter.php(457): CodeIgniter\CodeIgniter->tryToRouteIt(null)
 6 SYSTEMPATH/CodeIgniter.php(355): CodeIgniter\CodeIgniter->handleRequest(null, Object(Config\Cache), false)
 7 SYSTEMPATH/Boot.php(325): CodeIgniter\CodeIgniter->run()
 8 SYSTEMPATH/Boot.php(67): CodeIgniter\Boot::runCodeIgniter(Object(CodeIgniter\CodeIgniter))
 9 FCPATH/index.php(56): CodeIgniter\Boot::bootWeb(Object(Config\Paths))
WARNING - 2025-11-25 10:08:13 --> [DEPRECATED] Creation of dynamic property App\Controllers\Compte::$model is deprecated in APPPATH/Controllers/Compte.php on line 11.
 1 SYSTEMPATH/CodeIgniter.php(903): App\Controllers\Compte->__construct()
 2 SYSTEMPATH/CodeIgniter.php(500): CodeIgniter\CodeIgniter->createController()
 3 SYSTEMPATH/CodeIgniter.php(355): CodeIgniter\CodeIgniter->handleRequest(null, Object(Config\Cache), false)
 4 SYSTEMPATH/Boot.php(325): CodeIgniter\CodeIgniter->run()
 5 SYSTEMPATH/Boot.php(67): CodeIgniter\Boot::runCodeIgniter(Object(CodeIgniter\CodeIgniter))
 6 FCPATH/index.php(56): CodeIgniter\Boot::bootWeb(Object(Config\Paths))
INFO - 2025-11-25 10:08:13 --> Session: Class initialized using 'CodeIgniter\Session\Handlers\FileHandler' driver.
WARNING - 2025-11-25 10:11:04 --> [DEPRECATED] Passing lowercase HTTP method "get" is deprecated. Use uppercase HTTP method like "GET". in SYSTEMPATH/Router/RouteCollection.php on line 1027.
 1 SYSTEMPATH/Router/RouteCollection.php(1027): trigger_error('Passing lowercase HTTP method "get" is deprecated. Use uppercase HTTP method like "GET".', 16384)
 2 APPPATH/Config/Routes.php(51): CodeIgniter\Router\RouteCollection->match([...], 'compte/repondre/(:num)', 'Compte::repondre/$1')
 3 SYSTEMPATH/Router/RouteCollection.php(340): require('/home/2025DIFAL3/e22308557/public_html/V1/ci/app/Config/Routes.php')
 4 SYSTEMPATH/CodeIgniter.php(823): CodeIgniter\Router\RouteCollection->loadRoutes()
 5 SYSTEMPATH/CodeIgniter.php(457): CodeIgniter\CodeIgniter->tryToRouteIt(null)
 6 SYSTEMPATH/CodeIgniter.php(355): CodeIgniter\CodeIgniter->handleRequest(null, Object(Config\Cache), false)
 7 SYSTEMPATH/Boot.php(325): CodeIgniter\CodeIgniter->run()
 8 SYSTEMPATH/Boot.php(67): CodeIgniter\Boot::runCodeIgniter(Object(CodeIgniter\CodeIgniter))
 9 FCPATH/index.php(56): CodeIgniter\Boot::bootWeb(Object(Config\Paths))
WARNING - 2025-11-25 10:11:04 --> [DEPRECATED] Passing lowercase HTTP method "post" is deprecated. Use uppercase HTTP method like "POST". in SYSTEMPATH/Router/RouteCollection.php on line 1027.
 1 SYSTEMPATH/Router/RouteCollection.php(1027): trigger_error('Passing lowercase HTTP method "post" is deprecated. Use uppercase HTTP method like "POST".', 16384)
 2 APPPATH/Config/Routes.php(51): CodeIgniter\Router\RouteCollection->match([...], 'compte/repondre/(:num)', 'Compte::repondre/$1')
 3 SYSTEMPATH/Router/RouteCollection.php(340): require('/home/2025DIFAL3/e22308557/public_html/V1/ci/app/Config/Routes.php')
 4 SYSTEMPATH/CodeIgniter.php(823): CodeIgniter\Router\RouteCollection->loadRoutes()
 5 SYSTEMPATH/CodeIgniter.php(457): CodeIgniter\CodeIgniter->tryToRouteIt(null)
 6 SYSTEMPATH/CodeIgniter.php(355): CodeIgniter\CodeIgniter->handleRequest(null, Object(Config\Cache), false)
 7 SYSTEMPATH/Boot.php(325): CodeIgniter\CodeIgniter->run()
 8 SYSTEMPATH/Boot.php(67): CodeIgniter\Boot::runCodeIgniter(Object(CodeIgniter\CodeIgniter))
 9 FCPATH/index.php(56): CodeIgniter\Boot::bootWeb(Object(Config\Paths))
WARNING - 2025-11-25 10:11:04 --> [DEPRECATED] Creation of dynamic property App\Controllers\Compte::$model is deprecated in APPPATH/Controllers/Compte.php on line 11.
 1 SYSTEMPATH/CodeIgniter.php(903): App\Controllers\Compte->__construct()
 2 SYSTEMPATH/CodeIgniter.php(500): CodeIgniter\CodeIgniter->createController()
 3 SYSTEMPATH/CodeIgniter.php(355): CodeIgniter\CodeIgniter->handleRequest(null, Object(Config\Cache), false)
 4 SYSTEMPATH/Boot.php(325): CodeIgniter\CodeIgniter->run()
 5 SYSTEMPATH/Boot.php(67): CodeIgniter\Boot::runCodeIgniter(Object(CodeIgniter\CodeIgniter))
 6 FCPATH/index.php(56): CodeIgniter\Boot::bootWeb(Object(Config\Paths))
INFO - 2025-11-25 10:11:04 --> Session: Class initialized using 'CodeIgniter\Session\Handlers\FileHandler' driver.
WARNING - 2025-11-25 10:16:52 --> [DEPRECATED] Passing lowercase HTTP method "get" is deprecated. Use uppercase HTTP method like "GET". in SYSTEMPATH/Router/RouteCollection.php on line 1027.
 1 SYSTEMPATH/Router/RouteCollection.php(1027): trigger_error('Passing lowercase HTTP method "get" is deprecated. Use uppercase HTTP method like "GET".', 16384)
 2 APPPATH/Config/Routes.php(51): CodeIgniter\Router\RouteCollection->match([...], 'compte/repondre/(:num)', 'Compte::repondre/$1')
 3 SYSTEMPATH/Router/RouteCollection.php(340): require('/home/2025DIFAL3/e22308557/public_html/V1/ci/app/Config/Routes.php')
 4 SYSTEMPATH/CodeIgniter.php(823): CodeIgniter\Router\RouteCollection->loadRoutes()
 5 SYSTEMPATH/CodeIgniter.php(457): CodeIgniter\CodeIgniter->tryToRouteIt(null)
 6 SYSTEMPATH/CodeIgniter.php(355): CodeIgniter\CodeIgniter->handleRequest(null, Object(Config\Cache), false)
 7 SYSTEMPATH/Boot.php(325): CodeIgniter\CodeIgniter->run()
 8 SYSTEMPATH/Boot.php(67): CodeIgniter\Boot::runCodeIgniter(Object(CodeIgniter\CodeIgniter))
 9 FCPATH/index.php(56): CodeIgniter\Boot::bootWeb(Object(Config\Paths))
WARNING - 2025-11-25 10:16:52 --> [DEPRECATED] Passing lowercase HTTP method "post" is deprecated. Use uppercase HTTP method like "POST". in SYSTEMPATH/Router/RouteCollection.php on line 1027.
 1 SYSTEMPATH/Router/RouteCollection.php(1027): trigger_error('Passing lowercase HTTP method "post" is deprecated. Use uppercase HTTP method like "POST".', 16384)
 2 APPPATH/Config/Routes.php(51): CodeIgniter\Router\RouteCollection->match([...], 'compte/repondre/(:num)', 'Compte::repondre/$1')
 3 SYSTEMPATH/Router/RouteCollection.php(340): require('/home/2025DIFAL3/e22308557/public_html/V1/ci/app/Config/Routes.php')
 4 SYSTEMPATH/CodeIgniter.php(823): CodeIgniter\Router\RouteCollection->loadRoutes()
 5 SYSTEMPATH/CodeIgniter.php(457): CodeIgniter\CodeIgniter->tryToRouteIt(null)
 6 SYSTEMPATH/CodeIgniter.php(355): CodeIgniter\CodeIgniter->handleRequest(null, Object(Config\Cache), false)
 7 SYSTEMPATH/Boot.php(325): CodeIgniter\CodeIgniter->run()
 8 SYSTEMPATH/Boot.php(67): CodeIgniter\Boot::runCodeIgniter(Object(CodeIgniter\CodeIgniter))
 9 FCPATH/index.php(56): CodeIgniter\Boot::bootWeb(Object(Config\Paths))
WARNING - 2025-11-25 10:16:52 --> [DEPRECATED] Creation of dynamic property App\Controllers\Compte::$model is deprecated in APPPATH/Controllers/Compte.php on line 11.
 1 SYSTEMPATH/CodeIgniter.php(903): App\Controllers\Compte->__construct()
 2 SYSTEMPATH/CodeIgniter.php(500): CodeIgniter\CodeIgniter->createController()
 3 SYSTEMPATH/CodeIgniter.php(355): CodeIgniter\CodeIgniter->handleRequest(null, Object(Config\Cache), false)
 4 SYSTEMPATH/Boot.php(325): CodeIgniter\CodeIgniter->run()
 5 SYSTEMPATH/Boot.php(67): CodeIgniter\Boot::runCodeIgniter(Object(CodeIgniter\CodeIgniter))
 6 FCPATH/index.php(56): CodeIgniter\Boot::bootWeb(Object(Config\Paths))
INFO - 2025-11-25 10:16:52 --> Session: Class initialized using 'CodeIgniter\Session\Handlers\FileHandler' driver.
WARNING - 2025-11-25 10:25:20 --> [DEPRECATED] Passing lowercase HTTP method "get" is deprecated. Use uppercase HTTP method like "GET". in SYSTEMPATH/Router/RouteCollection.php on line 1027.
 1 SYSTEMPATH/Router/RouteCollection.php(1027): trigger_error('Passing lowercase HTTP method "get" is deprecated. Use uppercase HTTP method like "GET".', 16384)
 2 APPPATH/Config/Routes.php(51): CodeIgniter\Router\RouteCollection->match([...], 'compte/repondre/(:num)', 'Compte::repondre/$1')
 3 SYSTEMPATH/Router/RouteCollection.php(340): require('/home/2025DIFAL3/e22308557/public_html/V1/ci/app/Config/Routes.php')
 4 SYSTEMPATH/CodeIgniter.php(823): CodeIgniter\Router\RouteCollection->loadRoutes()
 5 SYSTEMPATH/CodeIgniter.php(457): CodeIgniter\CodeIgniter->tryToRouteIt(null)
 6 SYSTEMPATH/CodeIgniter.php(355): CodeIgniter\CodeIgniter->handleRequest(null, Object(Config\Cache), false)
 7 SYSTEMPATH/Boot.php(325): CodeIgniter\CodeIgniter->run()
 8 SYSTEMPATH/Boot.php(67): CodeIgniter\Boot::runCodeIgniter(Object(CodeIgniter\CodeIgniter))
 9 FCPATH/index.php(56): CodeIgniter\Boot::bootWeb(Object(Config\Paths))
WARNING - 2025-11-25 10:25:20 --> [DEPRECATED] Passing lowercase HTTP method "post" is deprecated. Use uppercase HTTP method like "POST". in SYSTEMPATH/Router/RouteCollection.php on line 1027.
 1 SYSTEMPATH/Router/RouteCollection.php(1027): trigger_error('Passing lowercase HTTP method "post" is deprecated. Use uppercase HTTP method like "POST".', 16384)
 2 APPPATH/Config/Routes.php(51): CodeIgniter\Router\RouteCollection->match([...], 'compte/repondre/(:num)', 'Compte::repondre/$1')
 3 SYSTEMPATH/Router/RouteCollection.php(340): require('/home/2025DIFAL3/e22308557/public_html/V1/ci/app/Config/Routes.php')
 4 SYSTEMPATH/CodeIgniter.php(823): CodeIgniter\Router\RouteCollection->loadRoutes()
 5 SYSTEMPATH/CodeIgniter.php(457): CodeIgniter\CodeIgniter->tryToRouteIt(null)
 6 SYSTEMPATH/CodeIgniter.php(355): CodeIgniter\CodeIgniter->handleRequest(null, Object(Config\Cache), false)
 7 SYSTEMPATH/Boot.php(325): CodeIgniter\CodeIgniter->run()
 8 SYSTEMPATH/Boot.php(67): CodeIgniter\Boot::runCodeIgniter(Object(CodeIgniter\CodeIgniter))
 9 FCPATH/index.php(56): CodeIgniter\Boot::bootWeb(Object(Config\Paths))
WARNING - 2025-11-25 10:25:20 --> [DEPRECATED] Creation of dynamic property App\Controllers\Compte::$model is deprecated in APPPATH/Controllers/Compte.php on line 11.
 1 SYSTEMPATH/CodeIgniter.php(903): App\Controllers\Compte->__construct()
 2 SYSTEMPATH/CodeIgniter.php(500): CodeIgniter\CodeIgniter->createController()
 3 SYSTEMPATH/CodeIgniter.php(355): CodeIgniter\CodeIgniter->handleRequest(null, Object(Config\Cache), false)
 4 SYSTEMPATH/Boot.php(325): CodeIgniter\CodeIgniter->run()
 5 SYSTEMPATH/Boot.php(67): CodeIgniter\Boot::runCodeIgniter(Object(CodeIgniter\CodeIgniter))
 6 FCPATH/index.php(56): CodeIgniter\Boot::bootWeb(Object(Config\Paths))
INFO - 2025-11-25 10:25:20 --> Session: Class initialized using 'CodeIgniter\Session\Handlers\FileHandler' driver.
CRITICAL - 2025-11-25 10:25:20 --> CodeIgniter\View\Exceptions\ViewException: Invalid file: "connexion/profil_membre.php"
[Method: GET, Route: compte/afficher_profil]
in SYSTEMPATH/Exceptions/FrameworkException.php on line 41.
 1 SYSTEMPATH/View/View.php(222): CodeIgniter\Exceptions\FrameworkException::forInvalidFile()
 2 SYSTEMPATH/Common.php(1171): CodeIgniter\View\View->render()
 3 APPPATH/Controllers/Compte.php(154): view()
 4 SYSTEMPATH/CodeIgniter.php(933): App\Controllers\Compte->afficher_profil()
 5 SYSTEMPATH/CodeIgniter.php(509): CodeIgniter\CodeIgniter->runController()
 6 SYSTEMPATH/CodeIgniter.php(355): CodeIgniter\CodeIgniter->handleRequest()
 7 SYSTEMPATH/Boot.php(325): CodeIgniter\CodeIgniter->run()
 8 SYSTEMPATH/Boot.php(67): CodeIgniter\Boot::runCodeIgniter()
 9 FCPATH/index.php(56): CodeIgniter\Boot::bootWeb()
WARNING - 2025-11-25 10:26:23 --> [DEPRECATED] Passing lowercase HTTP method "get" is deprecated. Use uppercase HTTP method like "GET". in SYSTEMPATH/Router/RouteCollection.php on line 1027.
 1 SYSTEMPATH/Router/RouteCollection.php(1027): trigger_error('Passing lowercase HTTP method "get" is deprecated. Use uppercase HTTP method like "GET".', 16384)
 2 APPPATH/Config/Routes.php(51): CodeIgniter\Router\RouteCollection->match([...], 'compte/repondre/(:num)', 'Compte::repondre/$1')
 3 SYSTEMPATH/Router/RouteCollection.php(340): require('/home/2025DIFAL3/e22308557/public_html/V1/ci/app/Config/Routes.php')
 4 SYSTEMPATH/CodeIgniter.php(823): CodeIgniter\Router\RouteCollection->loadRoutes()
 5 SYSTEMPATH/CodeIgniter.php(457): CodeIgniter\CodeIgniter->tryToRouteIt(null)
 6 SYSTEMPATH/CodeIgniter.php(355): CodeIgniter\CodeIgniter->handleRequest(null, Object(Config\Cache), false)
 7 SYSTEMPATH/Boot.php(325): CodeIgniter\CodeIgniter->run()
 8 SYSTEMPATH/Boot.php(67): CodeIgniter\Boot::runCodeIgniter(Object(CodeIgniter\CodeIgniter))
 9 FCPATH/index.php(56): CodeIgniter\Boot::bootWeb(Object(Config\Paths))
WARNING - 2025-11-25 10:26:23 --> [DEPRECATED] Passing lowercase HTTP method "post" is deprecated. Use uppercase HTTP method like "POST". in SYSTEMPATH/Router/RouteCollection.php on line 1027.
 1 SYSTEMPATH/Router/RouteCollection.php(1027): trigger_error('Passing lowercase HTTP method "post" is deprecated. Use uppercase HTTP method like "POST".', 16384)
 2 APPPATH/Config/Routes.php(51): CodeIgniter\Router\RouteCollection->match([...], 'compte/repondre/(:num)', 'Compte::repondre/$1')
 3 SYSTEMPATH/Router/RouteCollection.php(340): require('/home/2025DIFAL3/e22308557/public_html/V1/ci/app/Config/Routes.php')
 4 SYSTEMPATH/CodeIgniter.php(823): CodeIgniter\Router\RouteCollection->loadRoutes()
 5 SYSTEMPATH/CodeIgniter.php(457): CodeIgniter\CodeIgniter->tryToRouteIt(null)
 6 SYSTEMPATH/CodeIgniter.php(355): CodeIgniter\CodeIgniter->handleRequest(null, Object(Config\Cache), false)
 7 SYSTEMPATH/Boot.php(325): CodeIgniter\CodeIgniter->run()
 8 SYSTEMPATH/Boot.php(67): CodeIgniter\Boot::runCodeIgniter(Object(CodeIgniter\CodeIgniter))
 9 FCPATH/index.php(56): CodeIgniter\Boot::bootWeb(Object(Config\Paths))
WARNING - 2025-11-25 10:26:23 --> [DEPRECATED] Creation of dynamic property App\Controllers\Compte::$model is deprecated in APPPATH/Controllers/Compte.php on line 11.
 1 SYSTEMPATH/CodeIgniter.php(903): App\Controllers\Compte->__construct()
 2 SYSTEMPATH/CodeIgniter.php(500): CodeIgniter\CodeIgniter->createController()
 3 SYSTEMPATH/CodeIgniter.php(355): CodeIgniter\CodeIgniter->handleRequest(null, Object(Config\Cache), false)
 4 SYSTEMPATH/Boot.php(325): CodeIgniter\CodeIgniter->run()
 5 SYSTEMPATH/Boot.php(67): CodeIgniter\Boot::runCodeIgniter(Object(CodeIgniter\CodeIgniter))
 6 FCPATH/index.php(56): CodeIgniter\Boot::bootWeb(Object(Config\Paths))
INFO - 2025-11-25 10:26:23 --> Session: Class initialized using 'CodeIgniter\Session\Handlers\FileHandler' driver.
WARNING - 2025-11-25 10:27:44 --> [DEPRECATED] Passing lowercase HTTP method "get" is deprecated. Use uppercase HTTP method like "GET". in SYSTEMPATH/Router/RouteCollection.php on line 1027.
 1 SYSTEMPATH/Router/RouteCollection.php(1027): trigger_error('Passing lowercase HTTP method "get" is deprecated. Use uppercase HTTP method like "GET".', 16384)
 2 APPPATH/Config/Routes.php(51): CodeIgniter\Router\RouteCollection->match([...], 'compte/repondre/(:num)', 'Compte::repondre/$1')
 3 SYSTEMPATH/Router/RouteCollection.php(340): require('/home/2025DIFAL3/e22308557/public_html/V1/ci/app/Config/Routes.php')
 4 SYSTEMPATH/CodeIgniter.php(823): CodeIgniter\Router\RouteCollection->loadRoutes()
 5 SYSTEMPATH/CodeIgniter.php(457): CodeIgniter\CodeIgniter->tryToRouteIt(null)
 6 SYSTEMPATH/CodeIgniter.php(355): CodeIgniter\CodeIgniter->handleRequest(null, Object(Config\Cache), false)
 7 SYSTEMPATH/Boot.php(325): CodeIgniter\CodeIgniter->run()
 8 SYSTEMPATH/Boot.php(67): CodeIgniter\Boot::runCodeIgniter(Object(CodeIgniter\CodeIgniter))
 9 FCPATH/index.php(56): CodeIgniter\Boot::bootWeb(Object(Config\Paths))
WARNING - 2025-11-25 10:27:44 --> [DEPRECATED] Passing lowercase HTTP method "post" is deprecated. Use uppercase HTTP method like "POST". in SYSTEMPATH/Router/RouteCollection.php on line 1027.
 1 SYSTEMPATH/Router/RouteCollection.php(1027): trigger_error('Passing lowercase HTTP method "post" is deprecated. Use uppercase HTTP method like "POST".', 16384)
 2 APPPATH/Config/Routes.php(51): CodeIgniter\Router\RouteCollection->match([...], 'compte/repondre/(:num)', 'Compte::repondre/$1')
 3 SYSTEMPATH/Router/RouteCollection.php(340): require('/home/2025DIFAL3/e22308557/public_html/V1/ci/app/Config/Routes.php')
 4 SYSTEMPATH/CodeIgniter.php(823): CodeIgniter\Router\RouteCollection->loadRoutes()
 5 SYSTEMPATH/CodeIgniter.php(457): CodeIgniter\CodeIgniter->tryToRouteIt(null)
 6 SYSTEMPATH/CodeIgniter.php(355): CodeIgniter\CodeIgniter->handleRequest(null, Object(Config\Cache), false)
 7 SYSTEMPATH/Boot.php(325): CodeIgniter\CodeIgniter->run()
 8 SYSTEMPATH/Boot.php(67): CodeIgniter\Boot::runCodeIgniter(Object(CodeIgniter\CodeIgniter))
 9 FCPATH/index.php(56): CodeIgniter\Boot::bootWeb(Object(Config\Paths))
WARNING - 2025-11-25 10:27:44 --> [DEPRECATED] Creation of dynamic property App\Controllers\Compte::$model is deprecated in APPPATH/Controllers/Compte.php on line 11.
 1 SYSTEMPATH/CodeIgniter.php(903): App\Controllers\Compte->__construct()
 2 SYSTEMPATH/CodeIgniter.php(500): CodeIgniter\CodeIgniter->createController()
 3 SYSTEMPATH/CodeIgniter.php(355): CodeIgniter\CodeIgniter->handleRequest(null, Object(Config\Cache), false)
 4 SYSTEMPATH/Boot.php(325): CodeIgniter\CodeIgniter->run()
 5 SYSTEMPATH/Boot.php(67): CodeIgniter\Boot::runCodeIgniter(Object(CodeIgniter\CodeIgniter))
 6 FCPATH/index.php(56): CodeIgniter\Boot::bootWeb(Object(Config\Paths))
INFO - 2025-11-25 10:27:44 --> Session: Class initialized using 'CodeIgniter\Session\Handlers\FileHandler' driver.
CRITICAL - 2025-11-25 10:27:44 --> ParseError: syntax error, unexpected token "echo", expecting "," or ";"
[Method: GET, Route: compte/afficher_profil]
in APPPATH/Views/compte/profil_membre.php on line 5.
 1 SYSTEMPATH/View/View.php(237): CodeIgniter\View\View->CodeIgniter\View\{closure}()
 2 SYSTEMPATH/Common.php(1171): CodeIgniter\View\View->render()
 3 APPPATH/Controllers/Compte.php(154): view()
 4 SYSTEMPATH/CodeIgniter.php(933): App\Controllers\Compte->afficher_profil()
 5 SYSTEMPATH/CodeIgniter.php(509): CodeIgniter\CodeIgniter->runController()
 6 SYSTEMPATH/CodeIgniter.php(355): CodeIgniter\CodeIgniter->handleRequest()
 7 SYSTEMPATH/Boot.php(325): CodeIgniter\CodeIgniter->run()
 8 SYSTEMPATH/Boot.php(67): CodeIgniter\Boot::runCodeIgniter()
 9 FCPATH/index.php(56): CodeIgniter\Boot::bootWeb()
WARNING - 2025-11-25 10:28:02 --> [DEPRECATED] Passing lowercase HTTP method "get" is deprecated. Use uppercase HTTP method like "GET". in SYSTEMPATH/Router/RouteCollection.php on line 1027.
 1 SYSTEMPATH/Router/RouteCollection.php(1027): trigger_error('Passing lowercase HTTP method "get" is deprecated. Use uppercase HTTP method like "GET".', 16384)
 2 APPPATH/Config/Routes.php(51): CodeIgniter\Router\RouteCollection->match([...], 'compte/repondre/(:num)', 'Compte::repondre/$1')
 3 SYSTEMPATH/Router/RouteCollection.php(340): require('/home/2025DIFAL3/e22308557/public_html/V1/ci/app/Config/Routes.php')
 4 SYSTEMPATH/CodeIgniter.php(823): CodeIgniter\Router\RouteCollection->loadRoutes()
 5 SYSTEMPATH/CodeIgniter.php(457): CodeIgniter\CodeIgniter->tryToRouteIt(null)
 6 SYSTEMPATH/CodeIgniter.php(355): CodeIgniter\CodeIgniter->handleRequest(null, Object(Config\Cache), false)
 7 SYSTEMPATH/Boot.php(325): CodeIgniter\CodeIgniter->run()
 8 SYSTEMPATH/Boot.php(67): CodeIgniter\Boot::runCodeIgniter(Object(CodeIgniter\CodeIgniter))
 9 FCPATH/index.php(56): CodeIgniter\Boot::bootWeb(Object(Config\Paths))
WARNING - 2025-11-25 10:28:02 --> [DEPRECATED] Passing lowercase HTTP method "post" is deprecated. Use uppercase HTTP method like "POST". in SYSTEMPATH/Router/RouteCollection.php on line 1027.
 1 SYSTEMPATH/Router/RouteCollection.php(1027): trigger_error('Passing lowercase HTTP method "post" is deprecated. Use uppercase HTTP method like "POST".', 16384)
 2 APPPATH/Config/Routes.php(51): CodeIgniter\Router\RouteCollection->match([...], 'compte/repondre/(:num)', 'Compte::repondre/$1')
 3 SYSTEMPATH/Router/RouteCollection.php(340): require('/home/2025DIFAL3/e22308557/public_html/V1/ci/app/Config/Routes.php')
 4 SYSTEMPATH/CodeIgniter.php(823): CodeIgniter\Router\RouteCollection->loadRoutes()
 5 SYSTEMPATH/CodeIgniter.php(457): CodeIgniter\CodeIgniter->tryToRouteIt(null)
 6 SYSTEMPATH/CodeIgniter.php(355): CodeIgniter\CodeIgniter->handleRequest(null, Object(Config\Cache), false)
 7 SYSTEMPATH/Boot.php(325): CodeIgniter\CodeIgniter->run()
 8 SYSTEMPATH/Boot.php(67): CodeIgniter\Boot::runCodeIgniter(Object(CodeIgniter\CodeIgniter))
 9 FCPATH/index.php(56): CodeIgniter\Boot::bootWeb(Object(Config\Paths))
WARNING - 2025-11-25 10:28:02 --> [DEPRECATED] Creation of dynamic property App\Controllers\Compte::$model is deprecated in APPPATH/Controllers/Compte.php on line 11.
 1 SYSTEMPATH/CodeIgniter.php(903): App\Controllers\Compte->__construct()
 2 SYSTEMPATH/CodeIgniter.php(500): CodeIgniter\CodeIgniter->createController()
 3 SYSTEMPATH/CodeIgniter.php(355): CodeIgniter\CodeIgniter->handleRequest(null, Object(Config\Cache), false)
 4 SYSTEMPATH/Boot.php(325): CodeIgniter\CodeIgniter->run()
 5 SYSTEMPATH/Boot.php(67): CodeIgniter\Boot::runCodeIgniter(Object(CodeIgniter\CodeIgniter))
 6 FCPATH/index.php(56): CodeIgniter\Boot::bootWeb(Object(Config\Paths))
INFO - 2025-11-25 10:28:02 --> Session: Class initialized using 'CodeIgniter\Session\Handlers\FileHandler' driver.
WARNING - 2025-11-25 10:28:58 --> [DEPRECATED] Passing lowercase HTTP method "get" is deprecated. Use uppercase HTTP method like "GET". in SYSTEMPATH/Router/RouteCollection.php on line 1027.
 1 SYSTEMPATH/Router/RouteCollection.php(1027): trigger_error('Passing lowercase HTTP method "get" is deprecated. Use uppercase HTTP method like "GET".', 16384)
 2 APPPATH/Config/Routes.php(51): CodeIgniter\Router\RouteCollection->match([...], 'compte/repondre/(:num)', 'Compte::repondre/$1')
 3 SYSTEMPATH/Router/RouteCollection.php(340): require('/home/2025DIFAL3/e22308557/public_html/V1/ci/app/Config/Routes.php')
 4 SYSTEMPATH/CodeIgniter.php(823): CodeIgniter\Router\RouteCollection->loadRoutes()
 5 SYSTEMPATH/CodeIgniter.php(457): CodeIgniter\CodeIgniter->tryToRouteIt(null)
 6 SYSTEMPATH/CodeIgniter.php(355): CodeIgniter\CodeIgniter->handleRequest(null, Object(Config\Cache), false)
 7 SYSTEMPATH/Boot.php(325): CodeIgniter\CodeIgniter->run()
 8 SYSTEMPATH/Boot.php(67): CodeIgniter\Boot::runCodeIgniter(Object(CodeIgniter\CodeIgniter))
 9 FCPATH/index.php(56): CodeIgniter\Boot::bootWeb(Object(Config\Paths))
WARNING - 2025-11-25 10:28:58 --> [DEPRECATED] Passing lowercase HTTP method "post" is deprecated. Use uppercase HTTP method like "POST". in SYSTEMPATH/Router/RouteCollection.php on line 1027.
 1 SYSTEMPATH/Router/RouteCollection.php(1027): trigger_error('Passing lowercase HTTP method "post" is deprecated. Use uppercase HTTP method like "POST".', 16384)
 2 APPPATH/Config/Routes.php(51): CodeIgniter\Router\RouteCollection->match([...], 'compte/repondre/(:num)', 'Compte::repondre/$1')
 3 SYSTEMPATH/Router/RouteCollection.php(340): require('/home/2025DIFAL3/e22308557/public_html/V1/ci/app/Config/Routes.php')
 4 SYSTEMPATH/CodeIgniter.php(823): CodeIgniter\Router\RouteCollection->loadRoutes()
 5 SYSTEMPATH/CodeIgniter.php(457): CodeIgniter\CodeIgniter->tryToRouteIt(null)
 6 SYSTEMPATH/CodeIgniter.php(355): CodeIgniter\CodeIgniter->handleRequest(null, Object(Config\Cache), false)
 7 SYSTEMPATH/Boot.php(325): CodeIgniter\CodeIgniter->run()
 8 SYSTEMPATH/Boot.php(67): CodeIgniter\Boot::runCodeIgniter(Object(CodeIgniter\CodeIgniter))
 9 FCPATH/index.php(56): CodeIgniter\Boot::bootWeb(Object(Config\Paths))
WARNING - 2025-11-25 10:28:58 --> [DEPRECATED] Creation of dynamic property App\Controllers\Compte::$model is deprecated in APPPATH/Controllers/Compte.php on line 11.
 1 SYSTEMPATH/CodeIgniter.php(903): App\Controllers\Compte->__construct()
 2 SYSTEMPATH/CodeIgniter.php(500): CodeIgniter\CodeIgniter->createController()
 3 SYSTEMPATH/CodeIgniter.php(355): CodeIgniter\CodeIgniter->handleRequest(null, Object(Config\Cache), false)
 4 SYSTEMPATH/Boot.php(325): CodeIgniter\CodeIgniter->run()
 5 SYSTEMPATH/Boot.php(67): CodeIgniter\Boot::runCodeIgniter(Object(CodeIgniter\CodeIgniter))
 6 FCPATH/index.php(56): CodeIgniter\Boot::bootWeb(Object(Config\Paths))
INFO - 2025-11-25 10:28:58 --> Session: Class initialized using 'CodeIgniter\Session\Handlers\FileHandler' driver.
WARNING - 2025-11-25 10:48:13 --> [DEPRECATED] Passing lowercase HTTP method "get" is deprecated. Use uppercase HTTP method like "GET". in SYSTEMPATH/Router/RouteCollection.php on line 1027.
 1 SYSTEMPATH/Router/RouteCollection.php(1027): trigger_error('Passing lowercase HTTP method "get" is deprecated. Use uppercase HTTP method like "GET".', 16384)
 2 APPPATH/Config/Routes.php(51): CodeIgniter\Router\RouteCollection->match([...], 'compte/repondre/(:num)', 'Compte::repondre/$1')
 3 SYSTEMPATH/Router/RouteCollection.php(340): require('/home/2025DIFAL3/e22308557/public_html/V1/ci/app/Config/Routes.php')
 4 SYSTEMPATH/CodeIgniter.php(823): CodeIgniter\Router\RouteCollection->loadRoutes()
 5 SYSTEMPATH/CodeIgniter.php(457): CodeIgniter\CodeIgniter->tryToRouteIt(null)
 6 SYSTEMPATH/CodeIgniter.php(355): CodeIgniter\CodeIgniter->handleRequest(null, Object(Config\Cache), false)
 7 SYSTEMPATH/Boot.php(325): CodeIgniter\CodeIgniter->run()
 8 SYSTEMPATH/Boot.php(67): CodeIgniter\Boot::runCodeIgniter(Object(CodeIgniter\CodeIgniter))
 9 FCPATH/index.php(56): CodeIgniter\Boot::bootWeb(Object(Config\Paths))
WARNING - 2025-11-25 10:48:13 --> [DEPRECATED] Passing lowercase HTTP method "post" is deprecated. Use uppercase HTTP method like "POST". in SYSTEMPATH/Router/RouteCollection.php on line 1027.
 1 SYSTEMPATH/Router/RouteCollection.php(1027): trigger_error('Passing lowercase HTTP method "post" is deprecated. Use uppercase HTTP method like "POST".', 16384)
 2 APPPATH/Config/Routes.php(51): CodeIgniter\Router\RouteCollection->match([...], 'compte/repondre/(:num)', 'Compte::repondre/$1')
 3 SYSTEMPATH/Router/RouteCollection.php(340): require('/home/2025DIFAL3/e22308557/public_html/V1/ci/app/Config/Routes.php')
 4 SYSTEMPATH/CodeIgniter.php(823): CodeIgniter\Router\RouteCollection->loadRoutes()
 5 SYSTEMPATH/CodeIgniter.php(457): CodeIgniter\CodeIgniter->tryToRouteIt(null)
 6 SYSTEMPATH/CodeIgniter.php(355): CodeIgniter\CodeIgniter->handleRequest(null, Object(Config\Cache), false)
 7 SYSTEMPATH/Boot.php(325): CodeIgniter\CodeIgniter->run()
 8 SYSTEMPATH/Boot.php(67): CodeIgniter\Boot::runCodeIgniter(Object(CodeIgniter\CodeIgniter))
 9 FCPATH/index.php(56): CodeIgniter\Boot::bootWeb(Object(Config\Paths))
WARNING - 2025-11-25 10:48:13 --> [DEPRECATED] Creation of dynamic property App\Controllers\Compte::$model is deprecated in APPPATH/Controllers/Compte.php on line 11.
 1 SYSTEMPATH/CodeIgniter.php(903): App\Controllers\Compte->__construct()
 2 SYSTEMPATH/CodeIgniter.php(500): CodeIgniter\CodeIgniter->createController()
 3 SYSTEMPATH/CodeIgniter.php(355): CodeIgniter\CodeIgniter->handleRequest(null, Object(Config\Cache), false)
 4 SYSTEMPATH/Boot.php(325): CodeIgniter\CodeIgniter->run()
 5 SYSTEMPATH/Boot.php(67): CodeIgniter\Boot::runCodeIgniter(Object(CodeIgniter\CodeIgniter))
 6 FCPATH/index.php(56): CodeIgniter\Boot::bootWeb(Object(Config\Paths))
INFO - 2025-11-25 10:48:13 --> Session: Class initialized using 'CodeIgniter\Session\Handlers\FileHandler' driver.
WARNING - 2025-11-25 10:48:16 --> [DEPRECATED] Passing lowercase HTTP method "get" is deprecated. Use uppercase HTTP method like "GET". in SYSTEMPATH/Router/RouteCollection.php on line 1027.
 1 SYSTEMPATH/Router/RouteCollection.php(1027): trigger_error('Passing lowercase HTTP method "get" is deprecated. Use uppercase HTTP method like "GET".', 16384)
 2 APPPATH/Config/Routes.php(51): CodeIgniter\Router\RouteCollection->match([...], 'compte/repondre/(:num)', 'Compte::repondre/$1')
 3 SYSTEMPATH/Router/RouteCollection.php(340): require('/home/2025DIFAL3/e22308557/public_html/V1/ci/app/Config/Routes.php')
 4 SYSTEMPATH/CodeIgniter.php(823): CodeIgniter\Router\RouteCollection->loadRoutes()
 5 SYSTEMPATH/CodeIgniter.php(457): CodeIgniter\CodeIgniter->tryToRouteIt(null)
 6 SYSTEMPATH/CodeIgniter.php(355): CodeIgniter\CodeIgniter->handleRequest(null, Object(Config\Cache), false)
 7 SYSTEMPATH/Boot.php(325): CodeIgniter\CodeIgniter->run()
 8 SYSTEMPATH/Boot.php(67): CodeIgniter\Boot::runCodeIgniter(Object(CodeIgniter\CodeIgniter))
 9 FCPATH/index.php(56): CodeIgniter\Boot::bootWeb(Object(Config\Paths))
WARNING - 2025-11-25 10:48:16 --> [DEPRECATED] Passing lowercase HTTP method "post" is deprecated. Use uppercase HTTP method like "POST". in SYSTEMPATH/Router/RouteCollection.php on line 1027.
 1 SYSTEMPATH/Router/RouteCollection.php(1027): trigger_error('Passing lowercase HTTP method "post" is deprecated. Use uppercase HTTP method like "POST".', 16384)
 2 APPPATH/Config/Routes.php(51): CodeIgniter\Router\RouteCollection->match([...], 'compte/repondre/(:num)', 'Compte::repondre/$1')
 3 SYSTEMPATH/Router/RouteCollection.php(340): require('/home/2025DIFAL3/e22308557/public_html/V1/ci/app/Config/Routes.php')
 4 SYSTEMPATH/CodeIgniter.php(823): CodeIgniter\Router\RouteCollection->loadRoutes()
 5 SYSTEMPATH/CodeIgniter.php(457): CodeIgniter\CodeIgniter->tryToRouteIt(null)
 6 SYSTEMPATH/CodeIgniter.php(355): CodeIgniter\CodeIgniter->handleRequest(null, Object(Config\Cache), false)
 7 SYSTEMPATH/Boot.php(325): CodeIgniter\CodeIgniter->run()
 8 SYSTEMPATH/Boot.php(67): CodeIgniter\Boot::runCodeIgniter(Object(CodeIgniter\CodeIgniter))
 9 FCPATH/index.php(56): CodeIgniter\Boot::bootWeb(Object(Config\Paths))
WARNING - 2025-11-25 10:50:18 --> [DEPRECATED] Passing lowercase HTTP method "get" is deprecated. Use uppercase HTTP method like "GET". in SYSTEMPATH/Router/RouteCollection.php on line 1027.
 1 SYSTEMPATH/Router/RouteCollection.php(1027): trigger_error('Passing lowercase HTTP method "get" is deprecated. Use uppercase HTTP method like "GET".', 16384)
 2 APPPATH/Config/Routes.php(51): CodeIgniter\Router\RouteCollection->match([...], 'compte/repondre/(:num)', 'Compte::repondre/$1')
 3 SYSTEMPATH/Router/RouteCollection.php(340): require('/home/2025DIFAL3/e22308557/public_html/V1/ci/app/Config/Routes.php')
 4 SYSTEMPATH/CodeIgniter.php(823): CodeIgniter\Router\RouteCollection->loadRoutes()
 5 SYSTEMPATH/CodeIgniter.php(457): CodeIgniter\CodeIgniter->tryToRouteIt(null)
 6 SYSTEMPATH/CodeIgniter.php(355): CodeIgniter\CodeIgniter->handleRequest(null, Object(Config\Cache), false)
 7 SYSTEMPATH/Boot.php(325): CodeIgniter\CodeIgniter->run()
 8 SYSTEMPATH/Boot.php(67): CodeIgniter\Boot::runCodeIgniter(Object(CodeIgniter\CodeIgniter))
 9 FCPATH/index.php(56): CodeIgniter\Boot::bootWeb(Object(Config\Paths))
WARNING - 2025-11-25 10:50:18 --> [DEPRECATED] Passing lowercase HTTP method "post" is deprecated. Use uppercase HTTP method like "POST". in SYSTEMPATH/Router/RouteCollection.php on line 1027.
 1 SYSTEMPATH/Router/RouteCollection.php(1027): trigger_error('Passing lowercase HTTP method "post" is deprecated. Use uppercase HTTP method like "POST".', 16384)
 2 APPPATH/Config/Routes.php(51): CodeIgniter\Router\RouteCollection->match([...], 'compte/repondre/(:num)', 'Compte::repondre/$1')
 3 SYSTEMPATH/Router/RouteCollection.php(340): require('/home/2025DIFAL3/e22308557/public_html/V1/ci/app/Config/Routes.php')
 4 SYSTEMPATH/CodeIgniter.php(823): CodeIgniter\Router\RouteCollection->loadRoutes()
 5 SYSTEMPATH/CodeIgniter.php(457): CodeIgniter\CodeIgniter->tryToRouteIt(null)
 6 SYSTEMPATH/CodeIgniter.php(355): CodeIgniter\CodeIgniter->handleRequest(null, Object(Config\Cache), false)
 7 SYSTEMPATH/Boot.php(325): CodeIgniter\CodeIgniter->run()
 8 SYSTEMPATH/Boot.php(67): CodeIgniter\Boot::runCodeIgniter(Object(CodeIgniter\CodeIgniter))
 9 FCPATH/index.php(56): CodeIgniter\Boot::bootWeb(Object(Config\Paths))
WARNING - 2025-11-25 10:51:23 --> [DEPRECATED] Passing lowercase HTTP method "get" is deprecated. Use uppercase HTTP method like "GET". in SYSTEMPATH/Router/RouteCollection.php on line 1027.
 1 SYSTEMPATH/Router/RouteCollection.php(1027): trigger_error('Passing lowercase HTTP method "get" is deprecated. Use uppercase HTTP method like "GET".', 16384)
 2 APPPATH/Config/Routes.php(51): CodeIgniter\Router\RouteCollection->match([...], 'compte/repondre/(:num)', 'Compte::repondre/$1')
 3 SYSTEMPATH/Router/RouteCollection.php(340): require('/home/2025DIFAL3/e22308557/public_html/V1/ci/app/Config/Routes.php')
 4 SYSTEMPATH/CodeIgniter.php(823): CodeIgniter\Router\RouteCollection->loadRoutes()
 5 SYSTEMPATH/CodeIgniter.php(457): CodeIgniter\CodeIgniter->tryToRouteIt(null)
 6 SYSTEMPATH/CodeIgniter.php(355): CodeIgniter\CodeIgniter->handleRequest(null, Object(Config\Cache), false)
 7 SYSTEMPATH/Boot.php(325): CodeIgniter\CodeIgniter->run()
 8 SYSTEMPATH/Boot.php(67): CodeIgniter\Boot::runCodeIgniter(Object(CodeIgniter\CodeIgniter))
 9 FCPATH/index.php(56): CodeIgniter\Boot::bootWeb(Object(Config\Paths))
WARNING - 2025-11-25 10:51:23 --> [DEPRECATED] Passing lowercase HTTP method "post" is deprecated. Use uppercase HTTP method like "POST". in SYSTEMPATH/Router/RouteCollection.php on line 1027.
 1 SYSTEMPATH/Router/RouteCollection.php(1027): trigger_error('Passing lowercase HTTP method "post" is deprecated. Use uppercase HTTP method like "POST".', 16384)
 2 APPPATH/Config/Routes.php(51): CodeIgniter\Router\RouteCollection->match([...], 'compte/repondre/(:num)', 'Compte::repondre/$1')
 3 SYSTEMPATH/Router/RouteCollection.php(340): require('/home/2025DIFAL3/e22308557/public_html/V1/ci/app/Config/Routes.php')
 4 SYSTEMPATH/CodeIgniter.php(823): CodeIgniter\Router\RouteCollection->loadRoutes()
 5 SYSTEMPATH/CodeIgniter.php(457): CodeIgniter\CodeIgniter->tryToRouteIt(null)
 6 SYSTEMPATH/CodeIgniter.php(355): CodeIgniter\CodeIgniter->handleRequest(null, Object(Config\Cache), false)
 7 SYSTEMPATH/Boot.php(325): CodeIgniter\CodeIgniter->run()
 8 SYSTEMPATH/Boot.php(67): CodeIgniter\Boot::runCodeIgniter(Object(CodeIgniter\CodeIgniter))
 9 FCPATH/index.php(56): CodeIgniter\Boot::bootWeb(Object(Config\Paths))
WARNING - 2025-11-25 10:51:29 --> [DEPRECATED] Passing lowercase HTTP method "get" is deprecated. Use uppercase HTTP method like "GET". in SYSTEMPATH/Router/RouteCollection.php on line 1027.
 1 SYSTEMPATH/Router/RouteCollection.php(1027): trigger_error('Passing lowercase HTTP method "get" is deprecated. Use uppercase HTTP method like "GET".', 16384)
 2 APPPATH/Config/Routes.php(51): CodeIgniter\Router\RouteCollection->match([...], 'compte/repondre/(:num)', 'Compte::repondre/$1')
 3 SYSTEMPATH/Router/RouteCollection.php(340): require('/home/2025DIFAL3/e22308557/public_html/V1/ci/app/Config/Routes.php')
 4 SYSTEMPATH/CodeIgniter.php(823): CodeIgniter\Router\RouteCollection->loadRoutes()
 5 SYSTEMPATH/CodeIgniter.php(457): CodeIgniter\CodeIgniter->tryToRouteIt(null)
 6 SYSTEMPATH/CodeIgniter.php(355): CodeIgniter\CodeIgniter->handleRequest(null, Object(Config\Cache), false)
 7 SYSTEMPATH/Boot.php(325): CodeIgniter\CodeIgniter->run()
 8 SYSTEMPATH/Boot.php(67): CodeIgniter\Boot::runCodeIgniter(Object(CodeIgniter\CodeIgniter))
 9 FCPATH/index.php(56): CodeIgniter\Boot::bootWeb(Object(Config\Paths))
WARNING - 2025-11-25 10:51:29 --> [DEPRECATED] Passing lowercase HTTP method "post" is deprecated. Use uppercase HTTP method like "POST". in SYSTEMPATH/Router/RouteCollection.php on line 1027.
 1 SYSTEMPATH/Router/RouteCollection.php(1027): trigger_error('Passing lowercase HTTP method "post" is deprecated. Use uppercase HTTP method like "POST".', 16384)
 2 APPPATH/Config/Routes.php(51): CodeIgniter\Router\RouteCollection->match([...], 'compte/repondre/(:num)', 'Compte::repondre/$1')
 3 SYSTEMPATH/Router/RouteCollection.php(340): require('/home/2025DIFAL3/e22308557/public_html/V1/ci/app/Config/Routes.php')
 4 SYSTEMPATH/CodeIgniter.php(823): CodeIgniter\Router\RouteCollection->loadRoutes()
 5 SYSTEMPATH/CodeIgniter.php(457): CodeIgniter\CodeIgniter->tryToRouteIt(null)
 6 SYSTEMPATH/CodeIgniter.php(355): CodeIgniter\CodeIgniter->handleRequest(null, Object(Config\Cache), false)
 7 SYSTEMPATH/Boot.php(325): CodeIgniter\CodeIgniter->run()
 8 SYSTEMPATH/Boot.php(67): CodeIgniter\Boot::runCodeIgniter(Object(CodeIgniter\CodeIgniter))
 9 FCPATH/index.php(56): CodeIgniter\Boot::bootWeb(Object(Config\Paths))
WARNING - 2025-11-25 10:52:23 --> [DEPRECATED] Passing lowercase HTTP method "get" is deprecated. Use uppercase HTTP method like "GET". in SYSTEMPATH/Router/RouteCollection.php on line 1027.
 1 SYSTEMPATH/Router/RouteCollection.php(1027): trigger_error('Passing lowercase HTTP method "get" is deprecated. Use uppercase HTTP method like "GET".', 16384)
 2 APPPATH/Config/Routes.php(51): CodeIgniter\Router\RouteCollection->match([...], 'compte/repondre/(:num)', 'Compte::repondre/$1')
 3 SYSTEMPATH/Router/RouteCollection.php(340): require('/home/2025DIFAL3/e22308557/public_html/V1/ci/app/Config/Routes.php')
 4 SYSTEMPATH/CodeIgniter.php(823): CodeIgniter\Router\RouteCollection->loadRoutes()
 5 SYSTEMPATH/CodeIgniter.php(457): CodeIgniter\CodeIgniter->tryToRouteIt(null)
 6 SYSTEMPATH/CodeIgniter.php(355): CodeIgniter\CodeIgniter->handleRequest(null, Object(Config\Cache), false)
 7 SYSTEMPATH/Boot.php(325): CodeIgniter\CodeIgniter->run()
 8 SYSTEMPATH/Boot.php(67): CodeIgniter\Boot::runCodeIgniter(Object(CodeIgniter\CodeIgniter))
 9 FCPATH/index.php(56): CodeIgniter\Boot::bootWeb(Object(Config\Paths))
WARNING - 2025-11-25 10:52:23 --> [DEPRECATED] Passing lowercase HTTP method "post" is deprecated. Use uppercase HTTP method like "POST". in SYSTEMPATH/Router/RouteCollection.php on line 1027.
 1 SYSTEMPATH/Router/RouteCollection.php(1027): trigger_error('Passing lowercase HTTP method "post" is deprecated. Use uppercase HTTP method like "POST".', 16384)
 2 APPPATH/Config/Routes.php(51): CodeIgniter\Router\RouteCollection->match([...], 'compte/repondre/(:num)', 'Compte::repondre/$1')
 3 SYSTEMPATH/Router/RouteCollection.php(340): require('/home/2025DIFAL3/e22308557/public_html/V1/ci/app/Config/Routes.php')
 4 SYSTEMPATH/CodeIgniter.php(823): CodeIgniter\Router\RouteCollection->loadRoutes()
 5 SYSTEMPATH/CodeIgniter.php(457): CodeIgniter\CodeIgniter->tryToRouteIt(null)
 6 SYSTEMPATH/CodeIgniter.php(355): CodeIgniter\CodeIgniter->handleRequest(null, Object(Config\Cache), false)
 7 SYSTEMPATH/Boot.php(325): CodeIgniter\CodeIgniter->run()
 8 SYSTEMPATH/Boot.php(67): CodeIgniter\Boot::runCodeIgniter(Object(CodeIgniter\CodeIgniter))
 9 FCPATH/index.php(56): CodeIgniter\Boot::bootWeb(Object(Config\Paths))
WARNING - 2025-11-25 10:52:23 --> [DEPRECATED] Creation of dynamic property App\Controllers\Compte::$model is deprecated in APPPATH/Controllers/Compte.php on line 11.
 1 SYSTEMPATH/CodeIgniter.php(903): App\Controllers\Compte->__construct()
 2 SYSTEMPATH/CodeIgniter.php(500): CodeIgniter\CodeIgniter->createController()
 3 SYSTEMPATH/CodeIgniter.php(355): CodeIgniter\CodeIgniter->handleRequest(null, Object(Config\Cache), false)
 4 SYSTEMPATH/Boot.php(325): CodeIgniter\CodeIgniter->run()
 5 SYSTEMPATH/Boot.php(67): CodeIgniter\Boot::runCodeIgniter(Object(CodeIgniter\CodeIgniter))
 6 FCPATH/index.php(56): CodeIgniter\Boot::bootWeb(Object(Config\Paths))
INFO - 2025-11-25 10:52:23 --> Session: Class initialized using 'CodeIgniter\Session\Handlers\FileHandler' driver.
WARNING - 2025-11-25 10:55:45 --> [DEPRECATED] Passing lowercase HTTP method "get" is deprecated. Use uppercase HTTP method like "GET". in SYSTEMPATH/Router/RouteCollection.php on line 1027.
 1 SYSTEMPATH/Router/RouteCollection.php(1027): trigger_error('Passing lowercase HTTP method "get" is deprecated. Use uppercase HTTP method like "GET".', 16384)
 2 APPPATH/Config/Routes.php(51): CodeIgniter\Router\RouteCollection->match([...], 'compte/repondre/(:num)', 'Compte::repondre/$1')
 3 SYSTEMPATH/Router/RouteCollection.php(340): require('/home/2025DIFAL3/e22308557/public_html/V1/ci/app/Config/Routes.php')
 4 SYSTEMPATH/CodeIgniter.php(823): CodeIgniter\Router\RouteCollection->loadRoutes()
 5 SYSTEMPATH/CodeIgniter.php(457): CodeIgniter\CodeIgniter->tryToRouteIt(null)
 6 SYSTEMPATH/CodeIgniter.php(355): CodeIgniter\CodeIgniter->handleRequest(null, Object(Config\Cache), false)
 7 SYSTEMPATH/Boot.php(325): CodeIgniter\CodeIgniter->run()
 8 SYSTEMPATH/Boot.php(67): CodeIgniter\Boot::runCodeIgniter(Object(CodeIgniter\CodeIgniter))
 9 FCPATH/index.php(56): CodeIgniter\Boot::bootWeb(Object(Config\Paths))
WARNING - 2025-11-25 10:55:45 --> [DEPRECATED] Passing lowercase HTTP method "post" is deprecated. Use uppercase HTTP method like "POST". in SYSTEMPATH/Router/RouteCollection.php on line 1027.
 1 SYSTEMPATH/Router/RouteCollection.php(1027): trigger_error('Passing lowercase HTTP method "post" is deprecated. Use uppercase HTTP method like "POST".', 16384)
 2 APPPATH/Config/Routes.php(51): CodeIgniter\Router\RouteCollection->match([...], 'compte/repondre/(:num)', 'Compte::repondre/$1')
 3 SYSTEMPATH/Router/RouteCollection.php(340): require('/home/2025DIFAL3/e22308557/public_html/V1/ci/app/Config/Routes.php')
 4 SYSTEMPATH/CodeIgniter.php(823): CodeIgniter\Router\RouteCollection->loadRoutes()
 5 SYSTEMPATH/CodeIgniter.php(457): CodeIgniter\CodeIgniter->tryToRouteIt(null)
 6 SYSTEMPATH/CodeIgniter.php(355): CodeIgniter\CodeIgniter->handleRequest(null, Object(Config\Cache), false)
 7 SYSTEMPATH/Boot.php(325): CodeIgniter\CodeIgniter->run()
 8 SYSTEMPATH/Boot.php(67): CodeIgniter\Boot::runCodeIgniter(Object(CodeIgniter\CodeIgniter))
 9 FCPATH/index.php(56): CodeIgniter\Boot::bootWeb(Object(Config\Paths))
WARNING - 2025-11-25 10:55:45 --> [DEPRECATED] Creation of dynamic property App\Controllers\Compte::$model is deprecated in APPPATH/Controllers/Compte.php on line 11.
 1 SYSTEMPATH/CodeIgniter.php(903): App\Controllers\Compte->__construct()
 2 SYSTEMPATH/CodeIgniter.php(500): CodeIgniter\CodeIgniter->createController()
 3 SYSTEMPATH/CodeIgniter.php(355): CodeIgniter\CodeIgniter->handleRequest(null, Object(Config\Cache), false)
 4 SYSTEMPATH/Boot.php(325): CodeIgniter\CodeIgniter->run()
 5 SYSTEMPATH/Boot.php(67): CodeIgniter\Boot::runCodeIgniter(Object(CodeIgniter\CodeIgniter))
 6 FCPATH/index.php(56): CodeIgniter\Boot::bootWeb(Object(Config\Paths))
INFO - 2025-11-25 10:55:45 --> Session: Class initialized using 'CodeIgniter\Session\Handlers\FileHandler' driver.
WARNING - 2025-11-25 10:56:09 --> [DEPRECATED] Passing lowercase HTTP method "get" is deprecated. Use uppercase HTTP method like "GET". in SYSTEMPATH/Router/RouteCollection.php on line 1027.
 1 SYSTEMPATH/Router/RouteCollection.php(1027): trigger_error('Passing lowercase HTTP method "get" is deprecated. Use uppercase HTTP method like "GET".', 16384)
 2 APPPATH/Config/Routes.php(51): CodeIgniter\Router\RouteCollection->match([...], 'compte/repondre/(:num)', 'Compte::repondre/$1')
 3 SYSTEMPATH/Router/RouteCollection.php(340): require('/home/2025DIFAL3/e22308557/public_html/V1/ci/app/Config/Routes.php')
 4 SYSTEMPATH/CodeIgniter.php(823): CodeIgniter\Router\RouteCollection->loadRoutes()
 5 SYSTEMPATH/CodeIgniter.php(457): CodeIgniter\CodeIgniter->tryToRouteIt(null)
 6 SYSTEMPATH/CodeIgniter.php(355): CodeIgniter\CodeIgniter->handleRequest(null, Object(Config\Cache), false)
 7 SYSTEMPATH/Boot.php(325): CodeIgniter\CodeIgniter->run()
 8 SYSTEMPATH/Boot.php(67): CodeIgniter\Boot::runCodeIgniter(Object(CodeIgniter\CodeIgniter))
 9 FCPATH/index.php(56): CodeIgniter\Boot::bootWeb(Object(Config\Paths))
WARNING - 2025-11-25 10:56:09 --> [DEPRECATED] Passing lowercase HTTP method "post" is deprecated. Use uppercase HTTP method like "POST". in SYSTEMPATH/Router/RouteCollection.php on line 1027.
 1 SYSTEMPATH/Router/RouteCollection.php(1027): trigger_error('Passing lowercase HTTP method "post" is deprecated. Use uppercase HTTP method like "POST".', 16384)
 2 APPPATH/Config/Routes.php(51): CodeIgniter\Router\RouteCollection->match([...], 'compte/repondre/(:num)', 'Compte::repondre/$1')
 3 SYSTEMPATH/Router/RouteCollection.php(340): require('/home/2025DIFAL3/e22308557/public_html/V1/ci/app/Config/Routes.php')
 4 SYSTEMPATH/CodeIgniter.php(823): CodeIgniter\Router\RouteCollection->loadRoutes()
 5 SYSTEMPATH/CodeIgniter.php(457): CodeIgniter\CodeIgniter->tryToRouteIt(null)
 6 SYSTEMPATH/CodeIgniter.php(355): CodeIgniter\CodeIgniter->handleRequest(null, Object(Config\Cache), false)
 7 SYSTEMPATH/Boot.php(325): CodeIgniter\CodeIgniter->run()
 8 SYSTEMPATH/Boot.php(67): CodeIgniter\Boot::runCodeIgniter(Object(CodeIgniter\CodeIgniter))
 9 FCPATH/index.php(56): CodeIgniter\Boot::bootWeb(Object(Config\Paths))
WARNING - 2025-11-25 10:56:09 --> [DEPRECATED] Creation of dynamic property App\Controllers\Compte::$model is deprecated in APPPATH/Controllers/Compte.php on line 11.
 1 SYSTEMPATH/CodeIgniter.php(903): App\Controllers\Compte->__construct()
 2 SYSTEMPATH/CodeIgniter.php(500): CodeIgniter\CodeIgniter->createController()
 3 SYSTEMPATH/CodeIgniter.php(355): CodeIgniter\CodeIgniter->handleRequest(null, Object(Config\Cache), false)
 4 SYSTEMPATH/Boot.php(325): CodeIgniter\CodeIgniter->run()
 5 SYSTEMPATH/Boot.php(67): CodeIgniter\Boot::runCodeIgniter(Object(CodeIgniter\CodeIgniter))
 6 FCPATH/index.php(56): CodeIgniter\Boot::bootWeb(Object(Config\Paths))
INFO - 2025-11-25 10:56:09 --> Session: Class initialized using 'CodeIgniter\Session\Handlers\FileHandler' driver.
WARNING - 2025-11-25 10:59:51 --> [DEPRECATED] Passing lowercase HTTP method "get" is deprecated. Use uppercase HTTP method like "GET". in SYSTEMPATH/Router/RouteCollection.php on line 1027.
 1 SYSTEMPATH/Router/RouteCollection.php(1027): trigger_error('Passing lowercase HTTP method "get" is deprecated. Use uppercase HTTP method like "GET".', 16384)
 2 APPPATH/Config/Routes.php(51): CodeIgniter\Router\RouteCollection->match([...], 'compte/repondre/(:num)', 'Compte::repondre/$1')
 3 SYSTEMPATH/Router/RouteCollection.php(340): require('/home/2025DIFAL3/e22308557/public_html/V1/ci/app/Config/Routes.php')
 4 SYSTEMPATH/CodeIgniter.php(823): CodeIgniter\Router\RouteCollection->loadRoutes()
 5 SYSTEMPATH/CodeIgniter.php(457): CodeIgniter\CodeIgniter->tryToRouteIt(null)
 6 SYSTEMPATH/CodeIgniter.php(355): CodeIgniter\CodeIgniter->handleRequest(null, Object(Config\Cache), false)
 7 SYSTEMPATH/Boot.php(325): CodeIgniter\CodeIgniter->run()
 8 SYSTEMPATH/Boot.php(67): CodeIgniter\Boot::runCodeIgniter(Object(CodeIgniter\CodeIgniter))
 9 FCPATH/index.php(56): CodeIgniter\Boot::bootWeb(Object(Config\Paths))
WARNING - 2025-11-25 10:59:51 --> [DEPRECATED] Passing lowercase HTTP method "post" is deprecated. Use uppercase HTTP method like "POST". in SYSTEMPATH/Router/RouteCollection.php on line 1027.
 1 SYSTEMPATH/Router/RouteCollection.php(1027): trigger_error('Passing lowercase HTTP method "post" is deprecated. Use uppercase HTTP method like "POST".', 16384)
 2 APPPATH/Config/Routes.php(51): CodeIgniter\Router\RouteCollection->match([...], 'compte/repondre/(:num)', 'Compte::repondre/$1')
 3 SYSTEMPATH/Router/RouteCollection.php(340): require('/home/2025DIFAL3/e22308557/public_html/V1/ci/app/Config/Routes.php')
 4 SYSTEMPATH/CodeIgniter.php(823): CodeIgniter\Router\RouteCollection->loadRoutes()
 5 SYSTEMPATH/CodeIgniter.php(457): CodeIgniter\CodeIgniter->tryToRouteIt(null)
 6 SYSTEMPATH/CodeIgniter.php(355): CodeIgniter\CodeIgniter->handleRequest(null, Object(Config\Cache), false)
 7 SYSTEMPATH/Boot.php(325): CodeIgniter\CodeIgniter->run()
 8 SYSTEMPATH/Boot.php(67): CodeIgniter\Boot::runCodeIgniter(Object(CodeIgniter\CodeIgniter))
 9 FCPATH/index.php(56): CodeIgniter\Boot::bootWeb(Object(Config\Paths))
WARNING - 2025-11-25 10:59:51 --> [DEPRECATED] Creation of dynamic property App\Controllers\Compte::$model is deprecated in APPPATH/Controllers/Compte.php on line 11.
 1 SYSTEMPATH/CodeIgniter.php(903): App\Controllers\Compte->__construct()
 2 SYSTEMPATH/CodeIgniter.php(500): CodeIgniter\CodeIgniter->createController()
 3 SYSTEMPATH/CodeIgniter.php(355): CodeIgniter\CodeIgniter->handleRequest(null, Object(Config\Cache), false)
 4 SYSTEMPATH/Boot.php(325): CodeIgniter\CodeIgniter->run()
 5 SYSTEMPATH/Boot.php(67): CodeIgniter\Boot::runCodeIgniter(Object(CodeIgniter\CodeIgniter))
 6 FCPATH/index.php(56): CodeIgniter\Boot::bootWeb(Object(Config\Paths))
INFO - 2025-11-25 10:59:51 --> Session: Class initialized using 'CodeIgniter\Session\Handlers\FileHandler' driver.
WARNING - 2025-11-25 10:59:56 --> [DEPRECATED] Passing lowercase HTTP method "get" is deprecated. Use uppercase HTTP method like "GET". in SYSTEMPATH/Router/RouteCollection.php on line 1027.
 1 SYSTEMPATH/Router/RouteCollection.php(1027): trigger_error('Passing lowercase HTTP method "get" is deprecated. Use uppercase HTTP method like "GET".', 16384)
 2 APPPATH/Config/Routes.php(51): CodeIgniter\Router\RouteCollection->match([...], 'compte/repondre/(:num)', 'Compte::repondre/$1')
 3 SYSTEMPATH/Router/RouteCollection.php(340): require('/home/2025DIFAL3/e22308557/public_html/V1/ci/app/Config/Routes.php')
 4 SYSTEMPATH/CodeIgniter.php(823): CodeIgniter\Router\RouteCollection->loadRoutes()
 5 SYSTEMPATH/CodeIgniter.php(457): CodeIgniter\CodeIgniter->tryToRouteIt(null)
 6 SYSTEMPATH/CodeIgniter.php(355): CodeIgniter\CodeIgniter->handleRequest(null, Object(Config\Cache), false)
 7 SYSTEMPATH/Boot.php(325): CodeIgniter\CodeIgniter->run()
 8 SYSTEMPATH/Boot.php(67): CodeIgniter\Boot::runCodeIgniter(Object(CodeIgniter\CodeIgniter))
 9 FCPATH/index.php(56): CodeIgniter\Boot::bootWeb(Object(Config\Paths))
WARNING - 2025-11-25 10:59:56 --> [DEPRECATED] Passing lowercase HTTP method "post" is deprecated. Use uppercase HTTP method like "POST". in SYSTEMPATH/Router/RouteCollection.php on line 1027.
 1 SYSTEMPATH/Router/RouteCollection.php(1027): trigger_error('Passing lowercase HTTP method "post" is deprecated. Use uppercase HTTP method like "POST".', 16384)
 2 APPPATH/Config/Routes.php(51): CodeIgniter\Router\RouteCollection->match([...], 'compte/repondre/(:num)', 'Compte::repondre/$1')
 3 SYSTEMPATH/Router/RouteCollection.php(340): require('/home/2025DIFAL3/e22308557/public_html/V1/ci/app/Config/Routes.php')
 4 SYSTEMPATH/CodeIgniter.php(823): CodeIgniter\Router\RouteCollection->loadRoutes()
 5 SYSTEMPATH/CodeIgniter.php(457): CodeIgniter\CodeIgniter->tryToRouteIt(null)
 6 SYSTEMPATH/CodeIgniter.php(355): CodeIgniter\CodeIgniter->handleRequest(null, Object(Config\Cache), false)
 7 SYSTEMPATH/Boot.php(325): CodeIgniter\CodeIgniter->run()
 8 SYSTEMPATH/Boot.php(67): CodeIgniter\Boot::runCodeIgniter(Object(CodeIgniter\CodeIgniter))
 9 FCPATH/index.php(56): CodeIgniter\Boot::bootWeb(Object(Config\Paths))
WARNING - 2025-11-25 10:59:56 --> [DEPRECATED] Creation of dynamic property App\Controllers\Compte::$model is deprecated in APPPATH/Controllers/Compte.php on line 11.
 1 SYSTEMPATH/CodeIgniter.php(903): App\Controllers\Compte->__construct()
 2 SYSTEMPATH/CodeIgniter.php(500): CodeIgniter\CodeIgniter->createController()
 3 SYSTEMPATH/CodeIgniter.php(355): CodeIgniter\CodeIgniter->handleRequest(null, Object(Config\Cache), false)
 4 SYSTEMPATH/Boot.php(325): CodeIgniter\CodeIgniter->run()
 5 SYSTEMPATH/Boot.php(67): CodeIgniter\Boot::runCodeIgniter(Object(CodeIgniter\CodeIgniter))
 6 FCPATH/index.php(56): CodeIgniter\Boot::bootWeb(Object(Config\Paths))
INFO - 2025-11-25 10:59:56 --> Session: Class initialized using 'CodeIgniter\Session\Handlers\FileHandler' driver.
WARNING - 2025-11-25 11:00:04 --> [DEPRECATED] Passing lowercase HTTP method "get" is deprecated. Use uppercase HTTP method like "GET". in SYSTEMPATH/Router/RouteCollection.php on line 1027.
 1 SYSTEMPATH/Router/RouteCollection.php(1027): trigger_error('Passing lowercase HTTP method "get" is deprecated. Use uppercase HTTP method like "GET".', 16384)
 2 APPPATH/Config/Routes.php(51): CodeIgniter\Router\RouteCollection->match([...], 'compte/repondre/(:num)', 'Compte::repondre/$1')
 3 SYSTEMPATH/Router/RouteCollection.php(340): require('/home/2025DIFAL3/e22308557/public_html/V1/ci/app/Config/Routes.php')
 4 SYSTEMPATH/CodeIgniter.php(823): CodeIgniter\Router\RouteCollection->loadRoutes()
 5 SYSTEMPATH/CodeIgniter.php(457): CodeIgniter\CodeIgniter->tryToRouteIt(null)
 6 SYSTEMPATH/CodeIgniter.php(355): CodeIgniter\CodeIgniter->handleRequest(null, Object(Config\Cache), false)
 7 SYSTEMPATH/Boot.php(325): CodeIgniter\CodeIgniter->run()
 8 SYSTEMPATH/Boot.php(67): CodeIgniter\Boot::runCodeIgniter(Object(CodeIgniter\CodeIgniter))
 9 FCPATH/index.php(56): CodeIgniter\Boot::bootWeb(Object(Config\Paths))
WARNING - 2025-11-25 11:00:04 --> [DEPRECATED] Passing lowercase HTTP method "post" is deprecated. Use uppercase HTTP method like "POST". in SYSTEMPATH/Router/RouteCollection.php on line 1027.
 1 SYSTEMPATH/Router/RouteCollection.php(1027): trigger_error('Passing lowercase HTTP method "post" is deprecated. Use uppercase HTTP method like "POST".', 16384)
 2 APPPATH/Config/Routes.php(51): CodeIgniter\Router\RouteCollection->match([...], 'compte/repondre/(:num)', 'Compte::repondre/$1')
 3 SYSTEMPATH/Router/RouteCollection.php(340): require('/home/2025DIFAL3/e22308557/public_html/V1/ci/app/Config/Routes.php')
 4 SYSTEMPATH/CodeIgniter.php(823): CodeIgniter\Router\RouteCollection->loadRoutes()
 5 SYSTEMPATH/CodeIgniter.php(457): CodeIgniter\CodeIgniter->tryToRouteIt(null)
 6 SYSTEMPATH/CodeIgniter.php(355): CodeIgniter\CodeIgniter->handleRequest(null, Object(Config\Cache), false)
 7 SYSTEMPATH/Boot.php(325): CodeIgniter\CodeIgniter->run()
 8 SYSTEMPATH/Boot.php(67): CodeIgniter\Boot::runCodeIgniter(Object(CodeIgniter\CodeIgniter))
 9 FCPATH/index.php(56): CodeIgniter\Boot::bootWeb(Object(Config\Paths))
WARNING - 2025-11-25 11:00:04 --> [DEPRECATED] Creation of dynamic property App\Controllers\Compte::$model is deprecated in APPPATH/Controllers/Compte.php on line 11.
 1 SYSTEMPATH/CodeIgniter.php(903): App\Controllers\Compte->__construct()
 2 SYSTEMPATH/CodeIgniter.php(500): CodeIgniter\CodeIgniter->createController()
 3 SYSTEMPATH/CodeIgniter.php(355): CodeIgniter\CodeIgniter->handleRequest(null, Object(Config\Cache), false)
 4 SYSTEMPATH/Boot.php(325): CodeIgniter\CodeIgniter->run()
 5 SYSTEMPATH/Boot.php(67): CodeIgniter\Boot::runCodeIgniter(Object(CodeIgniter\CodeIgniter))
 6 FCPATH/index.php(56): CodeIgniter\Boot::bootWeb(Object(Config\Paths))
INFO - 2025-11-25 11:00:04 --> Session: Class initialized using 'CodeIgniter\Session\Handlers\FileHandler' driver.
WARNING - 2025-11-25 11:00:07 --> [DEPRECATED] Passing lowercase HTTP method "get" is deprecated. Use uppercase HTTP method like "GET". in SYSTEMPATH/Router/RouteCollection.php on line 1027.
 1 SYSTEMPATH/Router/RouteCollection.php(1027): trigger_error('Passing lowercase HTTP method "get" is deprecated. Use uppercase HTTP method like "GET".', 16384)
 2 APPPATH/Config/Routes.php(51): CodeIgniter\Router\RouteCollection->match([...], 'compte/repondre/(:num)', 'Compte::repondre/$1')
 3 SYSTEMPATH/Router/RouteCollection.php(340): require('/home/2025DIFAL3/e22308557/public_html/V1/ci/app/Config/Routes.php')
 4 SYSTEMPATH/CodeIgniter.php(823): CodeIgniter\Router\RouteCollection->loadRoutes()
 5 SYSTEMPATH/CodeIgniter.php(457): CodeIgniter\CodeIgniter->tryToRouteIt(null)
 6 SYSTEMPATH/CodeIgniter.php(355): CodeIgniter\CodeIgniter->handleRequest(null, Object(Config\Cache), false)
 7 SYSTEMPATH/Boot.php(325): CodeIgniter\CodeIgniter->run()
 8 SYSTEMPATH/Boot.php(67): CodeIgniter\Boot::runCodeIgniter(Object(CodeIgniter\CodeIgniter))
 9 FCPATH/index.php(56): CodeIgniter\Boot::bootWeb(Object(Config\Paths))
WARNING - 2025-11-25 11:00:07 --> [DEPRECATED] Passing lowercase HTTP method "post" is deprecated. Use uppercase HTTP method like "POST". in SYSTEMPATH/Router/RouteCollection.php on line 1027.
 1 SYSTEMPATH/Router/RouteCollection.php(1027): trigger_error('Passing lowercase HTTP method "post" is deprecated. Use uppercase HTTP method like "POST".', 16384)
 2 APPPATH/Config/Routes.php(51): CodeIgniter\Router\RouteCollection->match([...], 'compte/repondre/(:num)', 'Compte::repondre/$1')
 3 SYSTEMPATH/Router/RouteCollection.php(340): require('/home/2025DIFAL3/e22308557/public_html/V1/ci/app/Config/Routes.php')
 4 SYSTEMPATH/CodeIgniter.php(823): CodeIgniter\Router\RouteCollection->loadRoutes()
 5 SYSTEMPATH/CodeIgniter.php(457): CodeIgniter\CodeIgniter->tryToRouteIt(null)
 6 SYSTEMPATH/CodeIgniter.php(355): CodeIgniter\CodeIgniter->handleRequest(null, Object(Config\Cache), false)
 7 SYSTEMPATH/Boot.php(325): CodeIgniter\CodeIgniter->run()
 8 SYSTEMPATH/Boot.php(67): CodeIgniter\Boot::runCodeIgniter(Object(CodeIgniter\CodeIgniter))
 9 FCPATH/index.php(56): CodeIgniter\Boot::bootWeb(Object(Config\Paths))
WARNING - 2025-11-25 11:00:07 --> [DEPRECATED] Creation of dynamic property App\Controllers\Compte::$model is deprecated in APPPATH/Controllers/Compte.php on line 11.
 1 SYSTEMPATH/CodeIgniter.php(903): App\Controllers\Compte->__construct()
 2 SYSTEMPATH/CodeIgniter.php(500): CodeIgniter\CodeIgniter->createController()
 3 SYSTEMPATH/CodeIgniter.php(355): CodeIgniter\CodeIgniter->handleRequest(null, Object(Config\Cache), false)
 4 SYSTEMPATH/Boot.php(325): CodeIgniter\CodeIgniter->run()
 5 SYSTEMPATH/Boot.php(67): CodeIgniter\Boot::runCodeIgniter(Object(CodeIgniter\CodeIgniter))
 6 FCPATH/index.php(56): CodeIgniter\Boot::bootWeb(Object(Config\Paths))
INFO - 2025-11-25 11:00:07 --> Session: Class initialized using 'CodeIgniter\Session\Handlers\FileHandler' driver.
WARNING - 2025-11-25 11:02:20 --> [DEPRECATED] Passing lowercase HTTP method "get" is deprecated. Use uppercase HTTP method like "GET". in SYSTEMPATH/Router/RouteCollection.php on line 1027.
 1 SYSTEMPATH/Router/RouteCollection.php(1027): trigger_error('Passing lowercase HTTP method "get" is deprecated. Use uppercase HTTP method like "GET".', 16384)
 2 APPPATH/Config/Routes.php(51): CodeIgniter\Router\RouteCollection->match([...], 'compte/repondre/(:num)', 'Compte::repondre/$1')
 3 SYSTEMPATH/Router/RouteCollection.php(340): require('/home/2025DIFAL3/e22308557/public_html/V1/ci/app/Config/Routes.php')
 4 SYSTEMPATH/CodeIgniter.php(823): CodeIgniter\Router\RouteCollection->loadRoutes()
 5 SYSTEMPATH/CodeIgniter.php(457): CodeIgniter\CodeIgniter->tryToRouteIt(null)
 6 SYSTEMPATH/CodeIgniter.php(355): CodeIgniter\CodeIgniter->handleRequest(null, Object(Config\Cache), false)
 7 SYSTEMPATH/Boot.php(325): CodeIgniter\CodeIgniter->run()
 8 SYSTEMPATH/Boot.php(67): CodeIgniter\Boot::runCodeIgniter(Object(CodeIgniter\CodeIgniter))
 9 FCPATH/index.php(56): CodeIgniter\Boot::bootWeb(Object(Config\Paths))
WARNING - 2025-11-25 11:02:20 --> [DEPRECATED] Passing lowercase HTTP method "post" is deprecated. Use uppercase HTTP method like "POST". in SYSTEMPATH/Router/RouteCollection.php on line 1027.
 1 SYSTEMPATH/Router/RouteCollection.php(1027): trigger_error('Passing lowercase HTTP method "post" is deprecated. Use uppercase HTTP method like "POST".', 16384)
 2 APPPATH/Config/Routes.php(51): CodeIgniter\Router\RouteCollection->match([...], 'compte/repondre/(:num)', 'Compte::repondre/$1')
 3 SYSTEMPATH/Router/RouteCollection.php(340): require('/home/2025DIFAL3/e22308557/public_html/V1/ci/app/Config/Routes.php')
 4 SYSTEMPATH/CodeIgniter.php(823): CodeIgniter\Router\RouteCollection->loadRoutes()
 5 SYSTEMPATH/CodeIgniter.php(457): CodeIgniter\CodeIgniter->tryToRouteIt(null)
 6 SYSTEMPATH/CodeIgniter.php(355): CodeIgniter\CodeIgniter->handleRequest(null, Object(Config\Cache), false)
 7 SYSTEMPATH/Boot.php(325): CodeIgniter\CodeIgniter->run()
 8 SYSTEMPATH/Boot.php(67): CodeIgniter\Boot::runCodeIgniter(Object(CodeIgniter\CodeIgniter))
 9 FCPATH/index.php(56): CodeIgniter\Boot::bootWeb(Object(Config\Paths))
WARNING - 2025-11-25 11:02:20 --> [DEPRECATED] Creation of dynamic property App\Controllers\Compte::$model is deprecated in APPPATH/Controllers/Compte.php on line 11.
 1 SYSTEMPATH/CodeIgniter.php(903): App\Controllers\Compte->__construct()
 2 SYSTEMPATH/CodeIgniter.php(500): CodeIgniter\CodeIgniter->createController()
 3 SYSTEMPATH/CodeIgniter.php(355): CodeIgniter\CodeIgniter->handleRequest(null, Object(Config\Cache), false)
 4 SYSTEMPATH/Boot.php(325): CodeIgniter\CodeIgniter->run()
 5 SYSTEMPATH/Boot.php(67): CodeIgniter\Boot::runCodeIgniter(Object(CodeIgniter\CodeIgniter))
 6 FCPATH/index.php(56): CodeIgniter\Boot::bootWeb(Object(Config\Paths))
INFO - 2025-11-25 11:02:20 --> Session: Class initialized using 'CodeIgniter\Session\Handlers\FileHandler' driver.
WARNING - 2025-11-25 11:03:24 --> [DEPRECATED] Passing lowercase HTTP method "get" is deprecated. Use uppercase HTTP method like "GET". in SYSTEMPATH/Router/RouteCollection.php on line 1027.
 1 SYSTEMPATH/Router/RouteCollection.php(1027): trigger_error('Passing lowercase HTTP method "get" is deprecated. Use uppercase HTTP method like "GET".', 16384)
 2 APPPATH/Config/Routes.php(51): CodeIgniter\Router\RouteCollection->match([...], 'compte/repondre/(:num)', 'Compte::repondre/$1')
 3 SYSTEMPATH/Router/RouteCollection.php(340): require('/home/2025DIFAL3/e22308557/public_html/V1/ci/app/Config/Routes.php')
 4 SYSTEMPATH/CodeIgniter.php(823): CodeIgniter\Router\RouteCollection->loadRoutes()
 5 SYSTEMPATH/CodeIgniter.php(457): CodeIgniter\CodeIgniter->tryToRouteIt(null)
 6 SYSTEMPATH/CodeIgniter.php(355): CodeIgniter\CodeIgniter->handleRequest(null, Object(Config\Cache), false)
 7 SYSTEMPATH/Boot.php(325): CodeIgniter\CodeIgniter->run()
 8 SYSTEMPATH/Boot.php(67): CodeIgniter\Boot::runCodeIgniter(Object(CodeIgniter\CodeIgniter))
 9 FCPATH/index.php(56): CodeIgniter\Boot::bootWeb(Object(Config\Paths))
WARNING - 2025-11-25 11:03:24 --> [DEPRECATED] Passing lowercase HTTP method "post" is deprecated. Use uppercase HTTP method like "POST". in SYSTEMPATH/Router/RouteCollection.php on line 1027.
 1 SYSTEMPATH/Router/RouteCollection.php(1027): trigger_error('Passing lowercase HTTP method "post" is deprecated. Use uppercase HTTP method like "POST".', 16384)
 2 APPPATH/Config/Routes.php(51): CodeIgniter\Router\RouteCollection->match([...], 'compte/repondre/(:num)', 'Compte::repondre/$1')
 3 SYSTEMPATH/Router/RouteCollection.php(340): require('/home/2025DIFAL3/e22308557/public_html/V1/ci/app/Config/Routes.php')
 4 SYSTEMPATH/CodeIgniter.php(823): CodeIgniter\Router\RouteCollection->loadRoutes()
 5 SYSTEMPATH/CodeIgniter.php(457): CodeIgniter\CodeIgniter->tryToRouteIt(null)
 6 SYSTEMPATH/CodeIgniter.php(355): CodeIgniter\CodeIgniter->handleRequest(null, Object(Config\Cache), false)
 7 SYSTEMPATH/Boot.php(325): CodeIgniter\CodeIgniter->run()
 8 SYSTEMPATH/Boot.php(67): CodeIgniter\Boot::runCodeIgniter(Object(CodeIgniter\CodeIgniter))
 9 FCPATH/index.php(56): CodeIgniter\Boot::bootWeb(Object(Config\Paths))
WARNING - 2025-11-25 11:03:24 --> [DEPRECATED] Creation of dynamic property App\Controllers\Compte::$model is deprecated in APPPATH/Controllers/Compte.php on line 11.
 1 SYSTEMPATH/CodeIgniter.php(903): App\Controllers\Compte->__construct()
 2 SYSTEMPATH/CodeIgniter.php(500): CodeIgniter\CodeIgniter->createController()
 3 SYSTEMPATH/CodeIgniter.php(355): CodeIgniter\CodeIgniter->handleRequest(null, Object(Config\Cache), false)
 4 SYSTEMPATH/Boot.php(325): CodeIgniter\CodeIgniter->run()
 5 SYSTEMPATH/Boot.php(67): CodeIgniter\Boot::runCodeIgniter(Object(CodeIgniter\CodeIgniter))
 6 FCPATH/index.php(56): CodeIgniter\Boot::bootWeb(Object(Config\Paths))
INFO - 2025-11-25 11:03:24 --> Session: Class initialized using 'CodeIgniter\Session\Handlers\FileHandler' driver.
WARNING - 2025-11-25 11:03:24 --> [DEPRECATED] Passing lowercase HTTP method "get" is deprecated. Use uppercase HTTP method like "GET". in SYSTEMPATH/Router/RouteCollection.php on line 1027.
 1 SYSTEMPATH/Router/RouteCollection.php(1027): trigger_error('Passing lowercase HTTP method "get" is deprecated. Use uppercase HTTP method like "GET".', 16384)
 2 APPPATH/Config/Routes.php(51): CodeIgniter\Router\RouteCollection->match([...], 'compte/repondre/(:num)', 'Compte::repondre/$1')
 3 SYSTEMPATH/Router/RouteCollection.php(340): require('/home/2025DIFAL3/e22308557/public_html/V1/ci/app/Config/Routes.php')
 4 SYSTEMPATH/CodeIgniter.php(823): CodeIgniter\Router\RouteCollection->loadRoutes()
 5 SYSTEMPATH/CodeIgniter.php(457): CodeIgniter\CodeIgniter->tryToRouteIt(null)
 6 SYSTEMPATH/CodeIgniter.php(355): CodeIgniter\CodeIgniter->handleRequest(null, Object(Config\Cache), false)
 7 SYSTEMPATH/Boot.php(325): CodeIgniter\CodeIgniter->run()
 8 SYSTEMPATH/Boot.php(67): CodeIgniter\Boot::runCodeIgniter(Object(CodeIgniter\CodeIgniter))
 9 FCPATH/index.php(56): CodeIgniter\Boot::bootWeb(Object(Config\Paths))
WARNING - 2025-11-25 11:03:24 --> [DEPRECATED] Passing lowercase HTTP method "post" is deprecated. Use uppercase HTTP method like "POST". in SYSTEMPATH/Router/RouteCollection.php on line 1027.
 1 SYSTEMPATH/Router/RouteCollection.php(1027): trigger_error('Passing lowercase HTTP method "post" is deprecated. Use uppercase HTTP method like "POST".', 16384)
 2 APPPATH/Config/Routes.php(51): CodeIgniter\Router\RouteCollection->match([...], 'compte/repondre/(:num)', 'Compte::repondre/$1')
 3 SYSTEMPATH/Router/RouteCollection.php(340): require('/home/2025DIFAL3/e22308557/public_html/V1/ci/app/Config/Routes.php')
 4 SYSTEMPATH/CodeIgniter.php(823): CodeIgniter\Router\RouteCollection->loadRoutes()
 5 SYSTEMPATH/CodeIgniter.php(457): CodeIgniter\CodeIgniter->tryToRouteIt(null)
 6 SYSTEMPATH/CodeIgniter.php(355): CodeIgniter\CodeIgniter->handleRequest(null, Object(Config\Cache), false)
 7 SYSTEMPATH/Boot.php(325): CodeIgniter\CodeIgniter->run()
 8 SYSTEMPATH/Boot.php(67): CodeIgniter\Boot::runCodeIgniter(Object(CodeIgniter\CodeIgniter))
 9 FCPATH/index.php(56): CodeIgniter\Boot::bootWeb(Object(Config\Paths))
WARNING - 2025-11-25 11:03:24 --> [DEPRECATED] Creation of dynamic property App\Controllers\Compte::$model is deprecated in APPPATH/Controllers/Compte.php on line 11.
 1 SYSTEMPATH/CodeIgniter.php(903): App\Controllers\Compte->__construct()
 2 SYSTEMPATH/CodeIgniter.php(500): CodeIgniter\CodeIgniter->createController()
 3 SYSTEMPATH/CodeIgniter.php(355): CodeIgniter\CodeIgniter->handleRequest(null, Object(Config\Cache), false)
 4 SYSTEMPATH/Boot.php(325): CodeIgniter\CodeIgniter->run()
 5 SYSTEMPATH/Boot.php(67): CodeIgniter\Boot::runCodeIgniter(Object(CodeIgniter\CodeIgniter))
 6 FCPATH/index.php(56): CodeIgniter\Boot::bootWeb(Object(Config\Paths))
INFO - 2025-11-25 11:03:24 --> Session: Class initialized using 'CodeIgniter\Session\Handlers\FileHandler' driver.
WARNING - 2025-11-25 11:04:29 --> [DEPRECATED] Passing lowercase HTTP method "get" is deprecated. Use uppercase HTTP method like "GET". in SYSTEMPATH/Router/RouteCollection.php on line 1027.
 1 SYSTEMPATH/Router/RouteCollection.php(1027): trigger_error('Passing lowercase HTTP method "get" is deprecated. Use uppercase HTTP method like "GET".', 16384)
 2 APPPATH/Config/Routes.php(51): CodeIgniter\Router\RouteCollection->match([...], 'compte/repondre/(:num)', 'Compte::repondre/$1')
 3 SYSTEMPATH/Router/RouteCollection.php(340): require('/home/2025DIFAL3/e22308557/public_html/V1/ci/app/Config/Routes.php')
 4 SYSTEMPATH/CodeIgniter.php(823): CodeIgniter\Router\RouteCollection->loadRoutes()
 5 SYSTEMPATH/CodeIgniter.php(457): CodeIgniter\CodeIgniter->tryToRouteIt(null)
 6 SYSTEMPATH/CodeIgniter.php(355): CodeIgniter\CodeIgniter->handleRequest(null, Object(Config\Cache), false)
 7 SYSTEMPATH/Boot.php(325): CodeIgniter\CodeIgniter->run()
 8 SYSTEMPATH/Boot.php(67): CodeIgniter\Boot::runCodeIgniter(Object(CodeIgniter\CodeIgniter))
 9 FCPATH/index.php(56): CodeIgniter\Boot::bootWeb(Object(Config\Paths))
WARNING - 2025-11-25 11:04:29 --> [DEPRECATED] Passing lowercase HTTP method "post" is deprecated. Use uppercase HTTP method like "POST". in SYSTEMPATH/Router/RouteCollection.php on line 1027.
 1 SYSTEMPATH/Router/RouteCollection.php(1027): trigger_error('Passing lowercase HTTP method "post" is deprecated. Use uppercase HTTP method like "POST".', 16384)
 2 APPPATH/Config/Routes.php(51): CodeIgniter\Router\RouteCollection->match([...], 'compte/repondre/(:num)', 'Compte::repondre/$1')
 3 SYSTEMPATH/Router/RouteCollection.php(340): require('/home/2025DIFAL3/e22308557/public_html/V1/ci/app/Config/Routes.php')
 4 SYSTEMPATH/CodeIgniter.php(823): CodeIgniter\Router\RouteCollection->loadRoutes()
 5 SYSTEMPATH/CodeIgniter.php(457): CodeIgniter\CodeIgniter->tryToRouteIt(null)
 6 SYSTEMPATH/CodeIgniter.php(355): CodeIgniter\CodeIgniter->handleRequest(null, Object(Config\Cache), false)
 7 SYSTEMPATH/Boot.php(325): CodeIgniter\CodeIgniter->run()
 8 SYSTEMPATH/Boot.php(67): CodeIgniter\Boot::runCodeIgniter(Object(CodeIgniter\CodeIgniter))
 9 FCPATH/index.php(56): CodeIgniter\Boot::bootWeb(Object(Config\Paths))
WARNING - 2025-11-25 11:04:29 --> [DEPRECATED] Creation of dynamic property App\Controllers\Compte::$model is deprecated in APPPATH/Controllers/Compte.php on line 11.
 1 SYSTEMPATH/CodeIgniter.php(903): App\Controllers\Compte->__construct()
 2 SYSTEMPATH/CodeIgniter.php(500): CodeIgniter\CodeIgniter->createController()
 3 SYSTEMPATH/CodeIgniter.php(355): CodeIgniter\CodeIgniter->handleRequest(null, Object(Config\Cache), false)
 4 SYSTEMPATH/Boot.php(325): CodeIgniter\CodeIgniter->run()
 5 SYSTEMPATH/Boot.php(67): CodeIgniter\Boot::runCodeIgniter(Object(CodeIgniter\CodeIgniter))
 6 FCPATH/index.php(56): CodeIgniter\Boot::bootWeb(Object(Config\Paths))
INFO - 2025-11-25 11:04:29 --> Session: Class initialized using 'CodeIgniter\Session\Handlers\FileHandler' driver.
WARNING - 2025-11-25 11:04:31 --> [DEPRECATED] Passing lowercase HTTP method "get" is deprecated. Use uppercase HTTP method like "GET". in SYSTEMPATH/Router/RouteCollection.php on line 1027.
 1 SYSTEMPATH/Router/RouteCollection.php(1027): trigger_error('Passing lowercase HTTP method "get" is deprecated. Use uppercase HTTP method like "GET".', 16384)
 2 APPPATH/Config/Routes.php(51): CodeIgniter\Router\RouteCollection->match([...], 'compte/repondre/(:num)', 'Compte::repondre/$1')
 3 SYSTEMPATH/Router/RouteCollection.php(340): require('/home/2025DIFAL3/e22308557/public_html/V1/ci/app/Config/Routes.php')
 4 SYSTEMPATH/CodeIgniter.php(823): CodeIgniter\Router\RouteCollection->loadRoutes()
 5 SYSTEMPATH/CodeIgniter.php(457): CodeIgniter\CodeIgniter->tryToRouteIt(null)
 6 SYSTEMPATH/CodeIgniter.php(355): CodeIgniter\CodeIgniter->handleRequest(null, Object(Config\Cache), false)
 7 SYSTEMPATH/Boot.php(325): CodeIgniter\CodeIgniter->run()
 8 SYSTEMPATH/Boot.php(67): CodeIgniter\Boot::runCodeIgniter(Object(CodeIgniter\CodeIgniter))
 9 FCPATH/index.php(56): CodeIgniter\Boot::bootWeb(Object(Config\Paths))
WARNING - 2025-11-25 11:04:31 --> [DEPRECATED] Passing lowercase HTTP method "post" is deprecated. Use uppercase HTTP method like "POST". in SYSTEMPATH/Router/RouteCollection.php on line 1027.
 1 SYSTEMPATH/Router/RouteCollection.php(1027): trigger_error('Passing lowercase HTTP method "post" is deprecated. Use uppercase HTTP method like "POST".', 16384)
 2 APPPATH/Config/Routes.php(51): CodeIgniter\Router\RouteCollection->match([...], 'compte/repondre/(:num)', 'Compte::repondre/$1')
 3 SYSTEMPATH/Router/RouteCollection.php(340): require('/home/2025DIFAL3/e22308557/public_html/V1/ci/app/Config/Routes.php')
 4 SYSTEMPATH/CodeIgniter.php(823): CodeIgniter\Router\RouteCollection->loadRoutes()
 5 SYSTEMPATH/CodeIgniter.php(457): CodeIgniter\CodeIgniter->tryToRouteIt(null)
 6 SYSTEMPATH/CodeIgniter.php(355): CodeIgniter\CodeIgniter->handleRequest(null, Object(Config\Cache), false)
 7 SYSTEMPATH/Boot.php(325): CodeIgniter\CodeIgniter->run()
 8 SYSTEMPATH/Boot.php(67): CodeIgniter\Boot::runCodeIgniter(Object(CodeIgniter\CodeIgniter))
 9 FCPATH/index.php(56): CodeIgniter\Boot::bootWeb(Object(Config\Paths))
WARNING - 2025-11-25 11:04:31 --> [DEPRECATED] Creation of dynamic property App\Controllers\Compte::$model is deprecated in APPPATH/Controllers/Compte.php on line 11.
 1 SYSTEMPATH/CodeIgniter.php(903): App\Controllers\Compte->__construct()
 2 SYSTEMPATH/CodeIgniter.php(500): CodeIgniter\CodeIgniter->createController()
 3 SYSTEMPATH/CodeIgniter.php(355): CodeIgniter\CodeIgniter->handleRequest(null, Object(Config\Cache), false)
 4 SYSTEMPATH/Boot.php(325): CodeIgniter\CodeIgniter->run()
 5 SYSTEMPATH/Boot.php(67): CodeIgniter\Boot::runCodeIgniter(Object(CodeIgniter\CodeIgniter))
 6 FCPATH/index.php(56): CodeIgniter\Boot::bootWeb(Object(Config\Paths))
INFO - 2025-11-25 11:04:31 --> Session: Class initialized using 'CodeIgniter\Session\Handlers\FileHandler' driver.
WARNING - 2025-11-25 11:04:33 --> [DEPRECATED] Passing lowercase HTTP method "get" is deprecated. Use uppercase HTTP method like "GET". in SYSTEMPATH/Router/RouteCollection.php on line 1027.
 1 SYSTEMPATH/Router/RouteCollection.php(1027): trigger_error('Passing lowercase HTTP method "get" is deprecated. Use uppercase HTTP method like "GET".', 16384)
 2 APPPATH/Config/Routes.php(51): CodeIgniter\Router\RouteCollection->match([...], 'compte/repondre/(:num)', 'Compte::repondre/$1')
 3 SYSTEMPATH/Router/RouteCollection.php(340): require('/home/2025DIFAL3/e22308557/public_html/V1/ci/app/Config/Routes.php')
 4 SYSTEMPATH/CodeIgniter.php(823): CodeIgniter\Router\RouteCollection->loadRoutes()
 5 SYSTEMPATH/CodeIgniter.php(457): CodeIgniter\CodeIgniter->tryToRouteIt(null)
 6 SYSTEMPATH/CodeIgniter.php(355): CodeIgniter\CodeIgniter->handleRequest(null, Object(Config\Cache), false)
 7 SYSTEMPATH/Boot.php(325): CodeIgniter\CodeIgniter->run()
 8 SYSTEMPATH/Boot.php(67): CodeIgniter\Boot::runCodeIgniter(Object(CodeIgniter\CodeIgniter))
 9 FCPATH/index.php(56): CodeIgniter\Boot::bootWeb(Object(Config\Paths))
WARNING - 2025-11-25 11:04:33 --> [DEPRECATED] Passing lowercase HTTP method "post" is deprecated. Use uppercase HTTP method like "POST". in SYSTEMPATH/Router/RouteCollection.php on line 1027.
 1 SYSTEMPATH/Router/RouteCollection.php(1027): trigger_error('Passing lowercase HTTP method "post" is deprecated. Use uppercase HTTP method like "POST".', 16384)
 2 APPPATH/Config/Routes.php(51): CodeIgniter\Router\RouteCollection->match([...], 'compte/repondre/(:num)', 'Compte::repondre/$1')
 3 SYSTEMPATH/Router/RouteCollection.php(340): require('/home/2025DIFAL3/e22308557/public_html/V1/ci/app/Config/Routes.php')
 4 SYSTEMPATH/CodeIgniter.php(823): CodeIgniter\Router\RouteCollection->loadRoutes()
 5 SYSTEMPATH/CodeIgniter.php(457): CodeIgniter\CodeIgniter->tryToRouteIt(null)
 6 SYSTEMPATH/CodeIgniter.php(355): CodeIgniter\CodeIgniter->handleRequest(null, Object(Config\Cache), false)
 7 SYSTEMPATH/Boot.php(325): CodeIgniter\CodeIgniter->run()
 8 SYSTEMPATH/Boot.php(67): CodeIgniter\Boot::runCodeIgniter(Object(CodeIgniter\CodeIgniter))
 9 FCPATH/index.php(56): CodeIgniter\Boot::bootWeb(Object(Config\Paths))
WARNING - 2025-11-25 11:04:33 --> [DEPRECATED] Creation of dynamic property App\Controllers\Compte::$model is deprecated in APPPATH/Controllers/Compte.php on line 11.
 1 SYSTEMPATH/CodeIgniter.php(903): App\Controllers\Compte->__construct()
 2 SYSTEMPATH/CodeIgniter.php(500): CodeIgniter\CodeIgniter->createController()
 3 SYSTEMPATH/CodeIgniter.php(355): CodeIgniter\CodeIgniter->handleRequest(null, Object(Config\Cache), false)
 4 SYSTEMPATH/Boot.php(325): CodeIgniter\CodeIgniter->run()
 5 SYSTEMPATH/Boot.php(67): CodeIgniter\Boot::runCodeIgniter(Object(CodeIgniter\CodeIgniter))
 6 FCPATH/index.php(56): CodeIgniter\Boot::bootWeb(Object(Config\Paths))
INFO - 2025-11-25 11:04:33 --> Session: Class initialized using 'CodeIgniter\Session\Handlers\FileHandler' driver.
WARNING - 2025-11-25 11:04:37 --> [DEPRECATED] Passing lowercase HTTP method "get" is deprecated. Use uppercase HTTP method like "GET". in SYSTEMPATH/Router/RouteCollection.php on line 1027.
 1 SYSTEMPATH/Router/RouteCollection.php(1027): trigger_error('Passing lowercase HTTP method "get" is deprecated. Use uppercase HTTP method like "GET".', 16384)
 2 APPPATH/Config/Routes.php(51): CodeIgniter\Router\RouteCollection->match([...], 'compte/repondre/(:num)', 'Compte::repondre/$1')
 3 SYSTEMPATH/Router/RouteCollection.php(340): require('/home/2025DIFAL3/e22308557/public_html/V1/ci/app/Config/Routes.php')
 4 SYSTEMPATH/CodeIgniter.php(823): CodeIgniter\Router\RouteCollection->loadRoutes()
 5 SYSTEMPATH/CodeIgniter.php(457): CodeIgniter\CodeIgniter->tryToRouteIt(null)
 6 SYSTEMPATH/CodeIgniter.php(355): CodeIgniter\CodeIgniter->handleRequest(null, Object(Config\Cache), false)
 7 SYSTEMPATH/Boot.php(325): CodeIgniter\CodeIgniter->run()
 8 SYSTEMPATH/Boot.php(67): CodeIgniter\Boot::runCodeIgniter(Object(CodeIgniter\CodeIgniter))
 9 FCPATH/index.php(56): CodeIgniter\Boot::bootWeb(Object(Config\Paths))
WARNING - 2025-11-25 11:04:37 --> [DEPRECATED] Passing lowercase HTTP method "post" is deprecated. Use uppercase HTTP method like "POST". in SYSTEMPATH/Router/RouteCollection.php on line 1027.
 1 SYSTEMPATH/Router/RouteCollection.php(1027): trigger_error('Passing lowercase HTTP method "post" is deprecated. Use uppercase HTTP method like "POST".', 16384)
 2 APPPATH/Config/Routes.php(51): CodeIgniter\Router\RouteCollection->match([...], 'compte/repondre/(:num)', 'Compte::repondre/$1')
 3 SYSTEMPATH/Router/RouteCollection.php(340): require('/home/2025DIFAL3/e22308557/public_html/V1/ci/app/Config/Routes.php')
 4 SYSTEMPATH/CodeIgniter.php(823): CodeIgniter\Router\RouteCollection->loadRoutes()
 5 SYSTEMPATH/CodeIgniter.php(457): CodeIgniter\CodeIgniter->tryToRouteIt(null)
 6 SYSTEMPATH/CodeIgniter.php(355): CodeIgniter\CodeIgniter->handleRequest(null, Object(Config\Cache), false)
 7 SYSTEMPATH/Boot.php(325): CodeIgniter\CodeIgniter->run()
 8 SYSTEMPATH/Boot.php(67): CodeIgniter\Boot::runCodeIgniter(Object(CodeIgniter\CodeIgniter))
 9 FCPATH/index.php(56): CodeIgniter\Boot::bootWeb(Object(Config\Paths))
WARNING - 2025-11-25 11:04:37 --> [DEPRECATED] Creation of dynamic property App\Controllers\Compte::$model is deprecated in APPPATH/Controllers/Compte.php on line 11.
 1 SYSTEMPATH/CodeIgniter.php(903): App\Controllers\Compte->__construct()
 2 SYSTEMPATH/CodeIgniter.php(500): CodeIgniter\CodeIgniter->createController()
 3 SYSTEMPATH/CodeIgniter.php(355): CodeIgniter\CodeIgniter->handleRequest(null, Object(Config\Cache), false)
 4 SYSTEMPATH/Boot.php(325): CodeIgniter\CodeIgniter->run()
 5 SYSTEMPATH/Boot.php(67): CodeIgniter\Boot::runCodeIgniter(Object(CodeIgniter\CodeIgniter))
 6 FCPATH/index.php(56): CodeIgniter\Boot::bootWeb(Object(Config\Paths))
INFO - 2025-11-25 11:04:37 --> Session: Class initialized using 'CodeIgniter\Session\Handlers\FileHandler' driver.
WARNING - 2025-11-25 11:04:41 --> [DEPRECATED] Passing lowercase HTTP method "get" is deprecated. Use uppercase HTTP method like "GET". in SYSTEMPATH/Router/RouteCollection.php on line 1027.
 1 SYSTEMPATH/Router/RouteCollection.php(1027): trigger_error('Passing lowercase HTTP method "get" is deprecated. Use uppercase HTTP method like "GET".', 16384)
 2 APPPATH/Config/Routes.php(51): CodeIgniter\Router\RouteCollection->match([...], 'compte/repondre/(:num)', 'Compte::repondre/$1')
 3 SYSTEMPATH/Router/RouteCollection.php(340): require('/home/2025DIFAL3/e22308557/public_html/V1/ci/app/Config/Routes.php')
 4 SYSTEMPATH/CodeIgniter.php(823): CodeIgniter\Router\RouteCollection->loadRoutes()
 5 SYSTEMPATH/CodeIgniter.php(457): CodeIgniter\CodeIgniter->tryToRouteIt(null)
 6 SYSTEMPATH/CodeIgniter.php(355): CodeIgniter\CodeIgniter->handleRequest(null, Object(Config\Cache), false)
 7 SYSTEMPATH/Boot.php(325): CodeIgniter\CodeIgniter->run()
 8 SYSTEMPATH/Boot.php(67): CodeIgniter\Boot::runCodeIgniter(Object(CodeIgniter\CodeIgniter))
 9 FCPATH/index.php(56): CodeIgniter\Boot::bootWeb(Object(Config\Paths))
WARNING - 2025-11-25 11:04:41 --> [DEPRECATED] Passing lowercase HTTP method "post" is deprecated. Use uppercase HTTP method like "POST". in SYSTEMPATH/Router/RouteCollection.php on line 1027.
 1 SYSTEMPATH/Router/RouteCollection.php(1027): trigger_error('Passing lowercase HTTP method "post" is deprecated. Use uppercase HTTP method like "POST".', 16384)
 2 APPPATH/Config/Routes.php(51): CodeIgniter\Router\RouteCollection->match([...], 'compte/repondre/(:num)', 'Compte::repondre/$1')
 3 SYSTEMPATH/Router/RouteCollection.php(340): require('/home/2025DIFAL3/e22308557/public_html/V1/ci/app/Config/Routes.php')
 4 SYSTEMPATH/CodeIgniter.php(823): CodeIgniter\Router\RouteCollection->loadRoutes()
 5 SYSTEMPATH/CodeIgniter.php(457): CodeIgniter\CodeIgniter->tryToRouteIt(null)
 6 SYSTEMPATH/CodeIgniter.php(355): CodeIgniter\CodeIgniter->handleRequest(null, Object(Config\Cache), false)
 7 SYSTEMPATH/Boot.php(325): CodeIgniter\CodeIgniter->run()
 8 SYSTEMPATH/Boot.php(67): CodeIgniter\Boot::runCodeIgniter(Object(CodeIgniter\CodeIgniter))
 9 FCPATH/index.php(56): CodeIgniter\Boot::bootWeb(Object(Config\Paths))
WARNING - 2025-11-25 11:04:41 --> [DEPRECATED] Creation of dynamic property App\Controllers\Compte::$model is deprecated in APPPATH/Controllers/Compte.php on line 11.
 1 SYSTEMPATH/CodeIgniter.php(903): App\Controllers\Compte->__construct()
 2 SYSTEMPATH/CodeIgniter.php(500): CodeIgniter\CodeIgniter->createController()
 3 SYSTEMPATH/CodeIgniter.php(355): CodeIgniter\CodeIgniter->handleRequest(null, Object(Config\Cache), false)
 4 SYSTEMPATH/Boot.php(325): CodeIgniter\CodeIgniter->run()
 5 SYSTEMPATH/Boot.php(67): CodeIgniter\Boot::runCodeIgniter(Object(CodeIgniter\CodeIgniter))
 6 FCPATH/index.php(56): CodeIgniter\Boot::bootWeb(Object(Config\Paths))
INFO - 2025-11-25 11:04:41 --> Session: Class initialized using 'CodeIgniter\Session\Handlers\FileHandler' driver.
WARNING - 2025-11-25 12:26:33 --> [DEPRECATED] Passing lowercase HTTP method "get" is deprecated. Use uppercase HTTP method like "GET". in SYSTEMPATH/Router/RouteCollection.php on line 1027.
 1 SYSTEMPATH/Router/RouteCollection.php(1027): trigger_error('Passing lowercase HTTP method "get" is deprecated. Use uppercase HTTP method like "GET".', 16384)
 2 APPPATH/Config/Routes.php(51): CodeIgniter\Router\RouteCollection->match([...], 'compte/repondre/(:num)', 'Compte::repondre/$1')
 3 SYSTEMPATH/Router/RouteCollection.php(340): require('/home/2025DIFAL3/e22308557/public_html/V1/ci/app/Config/Routes.php')
 4 SYSTEMPATH/CodeIgniter.php(823): CodeIgniter\Router\RouteCollection->loadRoutes()
 5 SYSTEMPATH/CodeIgniter.php(457): CodeIgniter\CodeIgniter->tryToRouteIt(null)
 6 SYSTEMPATH/CodeIgniter.php(355): CodeIgniter\CodeIgniter->handleRequest(null, Object(Config\Cache), false)
 7 SYSTEMPATH/Boot.php(325): CodeIgniter\CodeIgniter->run()
 8 SYSTEMPATH/Boot.php(67): CodeIgniter\Boot::runCodeIgniter(Object(CodeIgniter\CodeIgniter))
 9 FCPATH/index.php(56): CodeIgniter\Boot::bootWeb(Object(Config\Paths))
WARNING - 2025-11-25 12:26:33 --> [DEPRECATED] Passing lowercase HTTP method "post" is deprecated. Use uppercase HTTP method like "POST". in SYSTEMPATH/Router/RouteCollection.php on line 1027.
 1 SYSTEMPATH/Router/RouteCollection.php(1027): trigger_error('Passing lowercase HTTP method "post" is deprecated. Use uppercase HTTP method like "POST".', 16384)
 2 APPPATH/Config/Routes.php(51): CodeIgniter\Router\RouteCollection->match([...], 'compte/repondre/(:num)', 'Compte::repondre/$1')
 3 SYSTEMPATH/Router/RouteCollection.php(340): require('/home/2025DIFAL3/e22308557/public_html/V1/ci/app/Config/Routes.php')
 4 SYSTEMPATH/CodeIgniter.php(823): CodeIgniter\Router\RouteCollection->loadRoutes()
 5 SYSTEMPATH/CodeIgniter.php(457): CodeIgniter\CodeIgniter->tryToRouteIt(null)
 6 SYSTEMPATH/CodeIgniter.php(355): CodeIgniter\CodeIgniter->handleRequest(null, Object(Config\Cache), false)
 7 SYSTEMPATH/Boot.php(325): CodeIgniter\CodeIgniter->run()
 8 SYSTEMPATH/Boot.php(67): CodeIgniter\Boot::runCodeIgniter(Object(CodeIgniter\CodeIgniter))
 9 FCPATH/index.php(56): CodeIgniter\Boot::bootWeb(Object(Config\Paths))
WARNING - 2025-11-25 12:26:33 --> [DEPRECATED] Creation of dynamic property App\Controllers\Compte::$model is deprecated in APPPATH/Controllers/Compte.php on line 11.
 1 SYSTEMPATH/CodeIgniter.php(903): App\Controllers\Compte->__construct()
 2 SYSTEMPATH/CodeIgniter.php(500): CodeIgniter\CodeIgniter->createController()
 3 SYSTEMPATH/CodeIgniter.php(355): CodeIgniter\CodeIgniter->handleRequest(null, Object(Config\Cache), false)
 4 SYSTEMPATH/Boot.php(325): CodeIgniter\CodeIgniter->run()
 5 SYSTEMPATH/Boot.php(67): CodeIgniter\Boot::runCodeIgniter(Object(CodeIgniter\CodeIgniter))
 6 FCPATH/index.php(56): CodeIgniter\Boot::bootWeb(Object(Config\Paths))
INFO - 2025-11-25 12:26:33 --> Session: Class initialized using 'CodeIgniter\Session\Handlers\FileHandler' driver.
WARNING - 2025-11-25 12:27:00 --> [DEPRECATED] Passing lowercase HTTP method "get" is deprecated. Use uppercase HTTP method like "GET". in SYSTEMPATH/Router/RouteCollection.php on line 1027.
 1 SYSTEMPATH/Router/RouteCollection.php(1027): trigger_error('Passing lowercase HTTP method "get" is deprecated. Use uppercase HTTP method like "GET".', 16384)
 2 APPPATH/Config/Routes.php(51): CodeIgniter\Router\RouteCollection->match([...], 'compte/repondre/(:num)', 'Compte::repondre/$1')
 3 SYSTEMPATH/Router/RouteCollection.php(340): require('/home/2025DIFAL3/e22308557/public_html/V1/ci/app/Config/Routes.php')
 4 SYSTEMPATH/CodeIgniter.php(823): CodeIgniter\Router\RouteCollection->loadRoutes()
 5 SYSTEMPATH/CodeIgniter.php(457): CodeIgniter\CodeIgniter->tryToRouteIt(null)
 6 SYSTEMPATH/CodeIgniter.php(355): CodeIgniter\CodeIgniter->handleRequest(null, Object(Config\Cache), false)
 7 SYSTEMPATH/Boot.php(325): CodeIgniter\CodeIgniter->run()
 8 SYSTEMPATH/Boot.php(67): CodeIgniter\Boot::runCodeIgniter(Object(CodeIgniter\CodeIgniter))
 9 FCPATH/index.php(56): CodeIgniter\Boot::bootWeb(Object(Config\Paths))
WARNING - 2025-11-25 12:27:00 --> [DEPRECATED] Passing lowercase HTTP method "post" is deprecated. Use uppercase HTTP method like "POST". in SYSTEMPATH/Router/RouteCollection.php on line 1027.
 1 SYSTEMPATH/Router/RouteCollection.php(1027): trigger_error('Passing lowercase HTTP method "post" is deprecated. Use uppercase HTTP method like "POST".', 16384)
 2 APPPATH/Config/Routes.php(51): CodeIgniter\Router\RouteCollection->match([...], 'compte/repondre/(:num)', 'Compte::repondre/$1')
 3 SYSTEMPATH/Router/RouteCollection.php(340): require('/home/2025DIFAL3/e22308557/public_html/V1/ci/app/Config/Routes.php')
 4 SYSTEMPATH/CodeIgniter.php(823): CodeIgniter\Router\RouteCollection->loadRoutes()
 5 SYSTEMPATH/CodeIgniter.php(457): CodeIgniter\CodeIgniter->tryToRouteIt(null)
 6 SYSTEMPATH/CodeIgniter.php(355): CodeIgniter\CodeIgniter->handleRequest(null, Object(Config\Cache), false)
 7 SYSTEMPATH/Boot.php(325): CodeIgniter\CodeIgniter->run()
 8 SYSTEMPATH/Boot.php(67): CodeIgniter\Boot::runCodeIgniter(Object(CodeIgniter\CodeIgniter))
 9 FCPATH/index.php(56): CodeIgniter\Boot::bootWeb(Object(Config\Paths))
WARNING - 2025-11-25 12:27:00 --> [DEPRECATED] Creation of dynamic property App\Controllers\Compte::$model is deprecated in APPPATH/Controllers/Compte.php on line 11.
 1 SYSTEMPATH/CodeIgniter.php(903): App\Controllers\Compte->__construct()
 2 SYSTEMPATH/CodeIgniter.php(500): CodeIgniter\CodeIgniter->createController()
 3 SYSTEMPATH/CodeIgniter.php(355): CodeIgniter\CodeIgniter->handleRequest(null, Object(Config\Cache), false)
 4 SYSTEMPATH/Boot.php(325): CodeIgniter\CodeIgniter->run()
 5 SYSTEMPATH/Boot.php(67): CodeIgniter\Boot::runCodeIgniter(Object(CodeIgniter\CodeIgniter))
 6 FCPATH/index.php(56): CodeIgniter\Boot::bootWeb(Object(Config\Paths))
INFO - 2025-11-25 12:27:00 --> Session: Class initialized using 'CodeIgniter\Session\Handlers\FileHandler' driver.
WARNING - 2025-11-25 12:27:03 --> [DEPRECATED] Passing lowercase HTTP method "get" is deprecated. Use uppercase HTTP method like "GET". in SYSTEMPATH/Router/RouteCollection.php on line 1027.
 1 SYSTEMPATH/Router/RouteCollection.php(1027): trigger_error('Passing lowercase HTTP method "get" is deprecated. Use uppercase HTTP method like "GET".', 16384)
 2 APPPATH/Config/Routes.php(51): CodeIgniter\Router\RouteCollection->match([...], 'compte/repondre/(:num)', 'Compte::repondre/$1')
 3 SYSTEMPATH/Router/RouteCollection.php(340): require('/home/2025DIFAL3/e22308557/public_html/V1/ci/app/Config/Routes.php')
 4 SYSTEMPATH/CodeIgniter.php(823): CodeIgniter\Router\RouteCollection->loadRoutes()
 5 SYSTEMPATH/CodeIgniter.php(457): CodeIgniter\CodeIgniter->tryToRouteIt(null)
 6 SYSTEMPATH/CodeIgniter.php(355): CodeIgniter\CodeIgniter->handleRequest(null, Object(Config\Cache), false)
 7 SYSTEMPATH/Boot.php(325): CodeIgniter\CodeIgniter->run()
 8 SYSTEMPATH/Boot.php(67): CodeIgniter\Boot::runCodeIgniter(Object(CodeIgniter\CodeIgniter))
 9 FCPATH/index.php(56): CodeIgniter\Boot::bootWeb(Object(Config\Paths))
WARNING - 2025-11-25 12:27:03 --> [DEPRECATED] Passing lowercase HTTP method "post" is deprecated. Use uppercase HTTP method like "POST". in SYSTEMPATH/Router/RouteCollection.php on line 1027.
 1 SYSTEMPATH/Router/RouteCollection.php(1027): trigger_error('Passing lowercase HTTP method "post" is deprecated. Use uppercase HTTP method like "POST".', 16384)
 2 APPPATH/Config/Routes.php(51): CodeIgniter\Router\RouteCollection->match([...], 'compte/repondre/(:num)', 'Compte::repondre/$1')
 3 SYSTEMPATH/Router/RouteCollection.php(340): require('/home/2025DIFAL3/e22308557/public_html/V1/ci/app/Config/Routes.php')
 4 SYSTEMPATH/CodeIgniter.php(823): CodeIgniter\Router\RouteCollection->loadRoutes()
 5 SYSTEMPATH/CodeIgniter.php(457): CodeIgniter\CodeIgniter->tryToRouteIt(null)
 6 SYSTEMPATH/CodeIgniter.php(355): CodeIgniter\CodeIgniter->handleRequest(null, Object(Config\Cache), false)
 7 SYSTEMPATH/Boot.php(325): CodeIgniter\CodeIgniter->run()
 8 SYSTEMPATH/Boot.php(67): CodeIgniter\Boot::runCodeIgniter(Object(CodeIgniter\CodeIgniter))
 9 FCPATH/index.php(56): CodeIgniter\Boot::bootWeb(Object(Config\Paths))
WARNING - 2025-11-25 12:27:03 --> [DEPRECATED] Creation of dynamic property App\Controllers\Compte::$model is deprecated in APPPATH/Controllers/Compte.php on line 11.
 1 SYSTEMPATH/CodeIgniter.php(903): App\Controllers\Compte->__construct()
 2 SYSTEMPATH/CodeIgniter.php(500): CodeIgniter\CodeIgniter->createController()
 3 SYSTEMPATH/CodeIgniter.php(355): CodeIgniter\CodeIgniter->handleRequest(null, Object(Config\Cache), false)
 4 SYSTEMPATH/Boot.php(325): CodeIgniter\CodeIgniter->run()
 5 SYSTEMPATH/Boot.php(67): CodeIgniter\Boot::runCodeIgniter(Object(CodeIgniter\CodeIgniter))
 6 FCPATH/index.php(56): CodeIgniter\Boot::bootWeb(Object(Config\Paths))
INFO - 2025-11-25 12:27:03 --> Session: Class initialized using 'CodeIgniter\Session\Handlers\FileHandler' driver.
WARNING - 2025-11-25 12:27:12 --> [DEPRECATED] Passing lowercase HTTP method "get" is deprecated. Use uppercase HTTP method like "GET". in SYSTEMPATH/Router/RouteCollection.php on line 1027.
 1 SYSTEMPATH/Router/RouteCollection.php(1027): trigger_error('Passing lowercase HTTP method "get" is deprecated. Use uppercase HTTP method like "GET".', 16384)
 2 APPPATH/Config/Routes.php(51): CodeIgniter\Router\RouteCollection->match([...], 'compte/repondre/(:num)', 'Compte::repondre/$1')
 3 SYSTEMPATH/Router/RouteCollection.php(340): require('/home/2025DIFAL3/e22308557/public_html/V1/ci/app/Config/Routes.php')
 4 SYSTEMPATH/CodeIgniter.php(823): CodeIgniter\Router\RouteCollection->loadRoutes()
 5 SYSTEMPATH/CodeIgniter.php(457): CodeIgniter\CodeIgniter->tryToRouteIt(null)
 6 SYSTEMPATH/CodeIgniter.php(355): CodeIgniter\CodeIgniter->handleRequest(null, Object(Config\Cache), false)
 7 SYSTEMPATH/Boot.php(325): CodeIgniter\CodeIgniter->run()
 8 SYSTEMPATH/Boot.php(67): CodeIgniter\Boot::runCodeIgniter(Object(CodeIgniter\CodeIgniter))
 9 FCPATH/index.php(56): CodeIgniter\Boot::bootWeb(Object(Config\Paths))
WARNING - 2025-11-25 12:27:12 --> [DEPRECATED] Passing lowercase HTTP method "post" is deprecated. Use uppercase HTTP method like "POST". in SYSTEMPATH/Router/RouteCollection.php on line 1027.
 1 SYSTEMPATH/Router/RouteCollection.php(1027): trigger_error('Passing lowercase HTTP method "post" is deprecated. Use uppercase HTTP method like "POST".', 16384)
 2 APPPATH/Config/Routes.php(51): CodeIgniter\Router\RouteCollection->match([...], 'compte/repondre/(:num)', 'Compte::repondre/$1')
 3 SYSTEMPATH/Router/RouteCollection.php(340): require('/home/2025DIFAL3/e22308557/public_html/V1/ci/app/Config/Routes.php')
 4 SYSTEMPATH/CodeIgniter.php(823): CodeIgniter\Router\RouteCollection->loadRoutes()
 5 SYSTEMPATH/CodeIgniter.php(457): CodeIgniter\CodeIgniter->tryToRouteIt(null)
 6 SYSTEMPATH/CodeIgniter.php(355): CodeIgniter\CodeIgniter->handleRequest(null, Object(Config\Cache), false)
 7 SYSTEMPATH/Boot.php(325): CodeIgniter\CodeIgniter->run()
 8 SYSTEMPATH/Boot.php(67): CodeIgniter\Boot::runCodeIgniter(Object(CodeIgniter\CodeIgniter))
 9 FCPATH/index.php(56): CodeIgniter\Boot::bootWeb(Object(Config\Paths))
WARNING - 2025-11-25 12:27:12 --> [DEPRECATED] Creation of dynamic property App\Controllers\Compte::$model is deprecated in APPPATH/Controllers/Compte.php on line 11.
 1 SYSTEMPATH/CodeIgniter.php(903): App\Controllers\Compte->__construct()
 2 SYSTEMPATH/CodeIgniter.php(500): CodeIgniter\CodeIgniter->createController()
 3 SYSTEMPATH/CodeIgniter.php(355): CodeIgniter\CodeIgniter->handleRequest(null, Object(Config\Cache), false)
 4 SYSTEMPATH/Boot.php(325): CodeIgniter\CodeIgniter->run()
 5 SYSTEMPATH/Boot.php(67): CodeIgniter\Boot::runCodeIgniter(Object(CodeIgniter\CodeIgniter))
 6 FCPATH/index.php(56): CodeIgniter\Boot::bootWeb(Object(Config\Paths))
INFO - 2025-11-25 12:27:12 --> Session: Class initialized using 'CodeIgniter\Session\Handlers\FileHandler' driver.
WARNING - 2025-11-25 12:27:53 --> [DEPRECATED] Passing lowercase HTTP method "get" is deprecated. Use uppercase HTTP method like "GET". in SYSTEMPATH/Router/RouteCollection.php on line 1027.
 1 SYSTEMPATH/Router/RouteCollection.php(1027): trigger_error('Passing lowercase HTTP method "get" is deprecated. Use uppercase HTTP method like "GET".', 16384)
 2 APPPATH/Config/Routes.php(51): CodeIgniter\Router\RouteCollection->match([...], 'compte/repondre/(:num)', 'Compte::repondre/$1')
 3 SYSTEMPATH/Router/RouteCollection.php(340): require('/home/2025DIFAL3/e22308557/public_html/V1/ci/app/Config/Routes.php')
 4 SYSTEMPATH/CodeIgniter.php(823): CodeIgniter\Router\RouteCollection->loadRoutes()
 5 SYSTEMPATH/CodeIgniter.php(457): CodeIgniter\CodeIgniter->tryToRouteIt(null)
 6 SYSTEMPATH/CodeIgniter.php(355): CodeIgniter\CodeIgniter->handleRequest(null, Object(Config\Cache), false)
 7 SYSTEMPATH/Boot.php(325): CodeIgniter\CodeIgniter->run()
 8 SYSTEMPATH/Boot.php(67): CodeIgniter\Boot::runCodeIgniter(Object(CodeIgniter\CodeIgniter))
 9 FCPATH/index.php(56): CodeIgniter\Boot::bootWeb(Object(Config\Paths))
WARNING - 2025-11-25 12:27:53 --> [DEPRECATED] Passing lowercase HTTP method "post" is deprecated. Use uppercase HTTP method like "POST". in SYSTEMPATH/Router/RouteCollection.php on line 1027.
 1 SYSTEMPATH/Router/RouteCollection.php(1027): trigger_error('Passing lowercase HTTP method "post" is deprecated. Use uppercase HTTP method like "POST".', 16384)
 2 APPPATH/Config/Routes.php(51): CodeIgniter\Router\RouteCollection->match([...], 'compte/repondre/(:num)', 'Compte::repondre/$1')
 3 SYSTEMPATH/Router/RouteCollection.php(340): require('/home/2025DIFAL3/e22308557/public_html/V1/ci/app/Config/Routes.php')
 4 SYSTEMPATH/CodeIgniter.php(823): CodeIgniter\Router\RouteCollection->loadRoutes()
 5 SYSTEMPATH/CodeIgniter.php(457): CodeIgniter\CodeIgniter->tryToRouteIt(null)
 6 SYSTEMPATH/CodeIgniter.php(355): CodeIgniter\CodeIgniter->handleRequest(null, Object(Config\Cache), false)
 7 SYSTEMPATH/Boot.php(325): CodeIgniter\CodeIgniter->run()
 8 SYSTEMPATH/Boot.php(67): CodeIgniter\Boot::runCodeIgniter(Object(CodeIgniter\CodeIgniter))
 9 FCPATH/index.php(56): CodeIgniter\Boot::bootWeb(Object(Config\Paths))
WARNING - 2025-11-25 12:27:53 --> [DEPRECATED] Creation of dynamic property App\Controllers\Compte::$model is deprecated in APPPATH/Controllers/Compte.php on line 11.
 1 SYSTEMPATH/CodeIgniter.php(903): App\Controllers\Compte->__construct()
 2 SYSTEMPATH/CodeIgniter.php(500): CodeIgniter\CodeIgniter->createController()
 3 SYSTEMPATH/CodeIgniter.php(355): CodeIgniter\CodeIgniter->handleRequest(null, Object(Config\Cache), false)
 4 SYSTEMPATH/Boot.php(325): CodeIgniter\CodeIgniter->run()
 5 SYSTEMPATH/Boot.php(67): CodeIgniter\Boot::runCodeIgniter(Object(CodeIgniter\CodeIgniter))
 6 FCPATH/index.php(56): CodeIgniter\Boot::bootWeb(Object(Config\Paths))
INFO - 2025-11-25 12:27:53 --> Session: Class initialized using 'CodeIgniter\Session\Handlers\FileHandler' driver.
WARNING - 2025-11-25 12:28:00 --> [DEPRECATED] Passing lowercase HTTP method "get" is deprecated. Use uppercase HTTP method like "GET". in SYSTEMPATH/Router/RouteCollection.php on line 1027.
 1 SYSTEMPATH/Router/RouteCollection.php(1027): trigger_error('Passing lowercase HTTP method "get" is deprecated. Use uppercase HTTP method like "GET".', 16384)
 2 APPPATH/Config/Routes.php(51): CodeIgniter\Router\RouteCollection->match([...], 'compte/repondre/(:num)', 'Compte::repondre/$1')
 3 SYSTEMPATH/Router/RouteCollection.php(340): require('/home/2025DIFAL3/e22308557/public_html/V1/ci/app/Config/Routes.php')
 4 SYSTEMPATH/CodeIgniter.php(823): CodeIgniter\Router\RouteCollection->loadRoutes()
 5 SYSTEMPATH/CodeIgniter.php(457): CodeIgniter\CodeIgniter->tryToRouteIt(null)
 6 SYSTEMPATH/CodeIgniter.php(355): CodeIgniter\CodeIgniter->handleRequest(null, Object(Config\Cache), false)
 7 SYSTEMPATH/Boot.php(325): CodeIgniter\CodeIgniter->run()
 8 SYSTEMPATH/Boot.php(67): CodeIgniter\Boot::runCodeIgniter(Object(CodeIgniter\CodeIgniter))
 9 FCPATH/index.php(56): CodeIgniter\Boot::bootWeb(Object(Config\Paths))
WARNING - 2025-11-25 12:28:00 --> [DEPRECATED] Passing lowercase HTTP method "post" is deprecated. Use uppercase HTTP method like "POST". in SYSTEMPATH/Router/RouteCollection.php on line 1027.
 1 SYSTEMPATH/Router/RouteCollection.php(1027): trigger_error('Passing lowercase HTTP method "post" is deprecated. Use uppercase HTTP method like "POST".', 16384)
 2 APPPATH/Config/Routes.php(51): CodeIgniter\Router\RouteCollection->match([...], 'compte/repondre/(:num)', 'Compte::repondre/$1')
 3 SYSTEMPATH/Router/RouteCollection.php(340): require('/home/2025DIFAL3/e22308557/public_html/V1/ci/app/Config/Routes.php')
 4 SYSTEMPATH/CodeIgniter.php(823): CodeIgniter\Router\RouteCollection->loadRoutes()
 5 SYSTEMPATH/CodeIgniter.php(457): CodeIgniter\CodeIgniter->tryToRouteIt(null)
 6 SYSTEMPATH/CodeIgniter.php(355): CodeIgniter\CodeIgniter->handleRequest(null, Object(Config\Cache), false)
 7 SYSTEMPATH/Boot.php(325): CodeIgniter\CodeIgniter->run()
 8 SYSTEMPATH/Boot.php(67): CodeIgniter\Boot::runCodeIgniter(Object(CodeIgniter\CodeIgniter))
 9 FCPATH/index.php(56): CodeIgniter\Boot::bootWeb(Object(Config\Paths))
WARNING - 2025-11-25 12:28:00 --> [DEPRECATED] Creation of dynamic property App\Controllers\Compte::$model is deprecated in APPPATH/Controllers/Compte.php on line 11.
 1 SYSTEMPATH/CodeIgniter.php(903): App\Controllers\Compte->__construct()
 2 SYSTEMPATH/CodeIgniter.php(500): CodeIgniter\CodeIgniter->createController()
 3 SYSTEMPATH/CodeIgniter.php(355): CodeIgniter\CodeIgniter->handleRequest(null, Object(Config\Cache), false)
 4 SYSTEMPATH/Boot.php(325): CodeIgniter\CodeIgniter->run()
 5 SYSTEMPATH/Boot.php(67): CodeIgniter\Boot::runCodeIgniter(Object(CodeIgniter\CodeIgniter))
 6 FCPATH/index.php(56): CodeIgniter\Boot::bootWeb(Object(Config\Paths))
INFO - 2025-11-25 12:28:00 --> Session: Class initialized using 'CodeIgniter\Session\Handlers\FileHandler' driver.
WARNING - 2025-11-25 12:33:46 --> [DEPRECATED] Passing lowercase HTTP method "get" is deprecated. Use uppercase HTTP method like "GET". in SYSTEMPATH/Router/RouteCollection.php on line 1027.
 1 SYSTEMPATH/Router/RouteCollection.php(1027): trigger_error('Passing lowercase HTTP method "get" is deprecated. Use uppercase HTTP method like "GET".', 16384)
 2 APPPATH/Config/Routes.php(51): CodeIgniter\Router\RouteCollection->match([...], 'compte/repondre/(:num)', 'Compte::repondre/$1')
 3 SYSTEMPATH/Router/RouteCollection.php(340): require('/home/2025DIFAL3/e22308557/public_html/V1/ci/app/Config/Routes.php')
 4 SYSTEMPATH/CodeIgniter.php(823): CodeIgniter\Router\RouteCollection->loadRoutes()
 5 SYSTEMPATH/CodeIgniter.php(457): CodeIgniter\CodeIgniter->tryToRouteIt(null)
 6 SYSTEMPATH/CodeIgniter.php(355): CodeIgniter\CodeIgniter->handleRequest(null, Object(Config\Cache), false)
 7 SYSTEMPATH/Boot.php(325): CodeIgniter\CodeIgniter->run()
 8 SYSTEMPATH/Boot.php(67): CodeIgniter\Boot::runCodeIgniter(Object(CodeIgniter\CodeIgniter))
 9 FCPATH/index.php(56): CodeIgniter\Boot::bootWeb(Object(Config\Paths))
WARNING - 2025-11-25 12:33:46 --> [DEPRECATED] Passing lowercase HTTP method "post" is deprecated. Use uppercase HTTP method like "POST". in SYSTEMPATH/Router/RouteCollection.php on line 1027.
 1 SYSTEMPATH/Router/RouteCollection.php(1027): trigger_error('Passing lowercase HTTP method "post" is deprecated. Use uppercase HTTP method like "POST".', 16384)
 2 APPPATH/Config/Routes.php(51): CodeIgniter\Router\RouteCollection->match([...], 'compte/repondre/(:num)', 'Compte::repondre/$1')
 3 SYSTEMPATH/Router/RouteCollection.php(340): require('/home/2025DIFAL3/e22308557/public_html/V1/ci/app/Config/Routes.php')
 4 SYSTEMPATH/CodeIgniter.php(823): CodeIgniter\Router\RouteCollection->loadRoutes()
 5 SYSTEMPATH/CodeIgniter.php(457): CodeIgniter\CodeIgniter->tryToRouteIt(null)
 6 SYSTEMPATH/CodeIgniter.php(355): CodeIgniter\CodeIgniter->handleRequest(null, Object(Config\Cache), false)
 7 SYSTEMPATH/Boot.php(325): CodeIgniter\CodeIgniter->run()
 8 SYSTEMPATH/Boot.php(67): CodeIgniter\Boot::runCodeIgniter(Object(CodeIgniter\CodeIgniter))
 9 FCPATH/index.php(56): CodeIgniter\Boot::bootWeb(Object(Config\Paths))
WARNING - 2025-11-25 12:33:46 --> [DEPRECATED] Creation of dynamic property App\Controllers\Compte::$model is deprecated in APPPATH/Controllers/Compte.php on line 11.
 1 SYSTEMPATH/CodeIgniter.php(903): App\Controllers\Compte->__construct()
 2 SYSTEMPATH/CodeIgniter.php(500): CodeIgniter\CodeIgniter->createController()
 3 SYSTEMPATH/CodeIgniter.php(355): CodeIgniter\CodeIgniter->handleRequest(null, Object(Config\Cache), false)
 4 SYSTEMPATH/Boot.php(325): CodeIgniter\CodeIgniter->run()
 5 SYSTEMPATH/Boot.php(67): CodeIgniter\Boot::runCodeIgniter(Object(CodeIgniter\CodeIgniter))
 6 FCPATH/index.php(56): CodeIgniter\Boot::bootWeb(Object(Config\Paths))
INFO - 2025-11-25 12:33:46 --> Session: Class initialized using 'CodeIgniter\Session\Handlers\FileHandler' driver.
WARNING - 2025-11-25 12:36:13 --> [DEPRECATED] Passing lowercase HTTP method "get" is deprecated. Use uppercase HTTP method like "GET". in SYSTEMPATH/Router/RouteCollection.php on line 1027.
 1 SYSTEMPATH/Router/RouteCollection.php(1027): trigger_error('Passing lowercase HTTP method "get" is deprecated. Use uppercase HTTP method like "GET".', 16384)
 2 APPPATH/Config/Routes.php(51): CodeIgniter\Router\RouteCollection->match([...], 'compte/repondre/(:num)', 'Compte::repondre/$1')
 3 SYSTEMPATH/Router/RouteCollection.php(340): require('/home/2025DIFAL3/e22308557/public_html/V1/ci/app/Config/Routes.php')
 4 SYSTEMPATH/CodeIgniter.php(823): CodeIgniter\Router\RouteCollection->loadRoutes()
 5 SYSTEMPATH/CodeIgniter.php(457): CodeIgniter\CodeIgniter->tryToRouteIt(null)
 6 SYSTEMPATH/CodeIgniter.php(355): CodeIgniter\CodeIgniter->handleRequest(null, Object(Config\Cache), false)
 7 SYSTEMPATH/Boot.php(325): CodeIgniter\CodeIgniter->run()
 8 SYSTEMPATH/Boot.php(67): CodeIgniter\Boot::runCodeIgniter(Object(CodeIgniter\CodeIgniter))
 9 FCPATH/index.php(56): CodeIgniter\Boot::bootWeb(Object(Config\Paths))
WARNING - 2025-11-25 12:36:13 --> [DEPRECATED] Passing lowercase HTTP method "post" is deprecated. Use uppercase HTTP method like "POST". in SYSTEMPATH/Router/RouteCollection.php on line 1027.
 1 SYSTEMPATH/Router/RouteCollection.php(1027): trigger_error('Passing lowercase HTTP method "post" is deprecated. Use uppercase HTTP method like "POST".', 16384)
 2 APPPATH/Config/Routes.php(51): CodeIgniter\Router\RouteCollection->match([...], 'compte/repondre/(:num)', 'Compte::repondre/$1')
 3 SYSTEMPATH/Router/RouteCollection.php(340): require('/home/2025DIFAL3/e22308557/public_html/V1/ci/app/Config/Routes.php')
 4 SYSTEMPATH/CodeIgniter.php(823): CodeIgniter\Router\RouteCollection->loadRoutes()
 5 SYSTEMPATH/CodeIgniter.php(457): CodeIgniter\CodeIgniter->tryToRouteIt(null)
 6 SYSTEMPATH/CodeIgniter.php(355): CodeIgniter\CodeIgniter->handleRequest(null, Object(Config\Cache), false)
 7 SYSTEMPATH/Boot.php(325): CodeIgniter\CodeIgniter->run()
 8 SYSTEMPATH/Boot.php(67): CodeIgniter\Boot::runCodeIgniter(Object(CodeIgniter\CodeIgniter))
 9 FCPATH/index.php(56): CodeIgniter\Boot::bootWeb(Object(Config\Paths))
WARNING - 2025-11-25 12:36:13 --> [DEPRECATED] Creation of dynamic property App\Controllers\Compte::$model is deprecated in APPPATH/Controllers/Compte.php on line 11.
 1 SYSTEMPATH/CodeIgniter.php(903): App\Controllers\Compte->__construct()
 2 SYSTEMPATH/CodeIgniter.php(500): CodeIgniter\CodeIgniter->createController()
 3 SYSTEMPATH/CodeIgniter.php(355): CodeIgniter\CodeIgniter->handleRequest(null, Object(Config\Cache), false)
 4 SYSTEMPATH/Boot.php(325): CodeIgniter\CodeIgniter->run()
 5 SYSTEMPATH/Boot.php(67): CodeIgniter\Boot::runCodeIgniter(Object(CodeIgniter\CodeIgniter))
 6 FCPATH/index.php(56): CodeIgniter\Boot::bootWeb(Object(Config\Paths))
INFO - 2025-11-25 12:36:13 --> Session: Class initialized using 'CodeIgniter\Session\Handlers\FileHandler' driver.
WARNING - 2025-11-25 12:36:18 --> [DEPRECATED] Passing lowercase HTTP method "get" is deprecated. Use uppercase HTTP method like "GET". in SYSTEMPATH/Router/RouteCollection.php on line 1027.
 1 SYSTEMPATH/Router/RouteCollection.php(1027): trigger_error('Passing lowercase HTTP method "get" is deprecated. Use uppercase HTTP method like "GET".', 16384)
 2 APPPATH/Config/Routes.php(51): CodeIgniter\Router\RouteCollection->match([...], 'compte/repondre/(:num)', 'Compte::repondre/$1')
 3 SYSTEMPATH/Router/RouteCollection.php(340): require('/home/2025DIFAL3/e22308557/public_html/V1/ci/app/Config/Routes.php')
 4 SYSTEMPATH/CodeIgniter.php(823): CodeIgniter\Router\RouteCollection->loadRoutes()
 5 SYSTEMPATH/CodeIgniter.php(457): CodeIgniter\CodeIgniter->tryToRouteIt(null)
 6 SYSTEMPATH/CodeIgniter.php(355): CodeIgniter\CodeIgniter->handleRequest(null, Object(Config\Cache), false)
 7 SYSTEMPATH/Boot.php(325): CodeIgniter\CodeIgniter->run()
 8 SYSTEMPATH/Boot.php(67): CodeIgniter\Boot::runCodeIgniter(Object(CodeIgniter\CodeIgniter))
 9 FCPATH/index.php(56): CodeIgniter\Boot::bootWeb(Object(Config\Paths))
WARNING - 2025-11-25 12:36:18 --> [DEPRECATED] Passing lowercase HTTP method "post" is deprecated. Use uppercase HTTP method like "POST". in SYSTEMPATH/Router/RouteCollection.php on line 1027.
 1 SYSTEMPATH/Router/RouteCollection.php(1027): trigger_error('Passing lowercase HTTP method "post" is deprecated. Use uppercase HTTP method like "POST".', 16384)
 2 APPPATH/Config/Routes.php(51): CodeIgniter\Router\RouteCollection->match([...], 'compte/repondre/(:num)', 'Compte::repondre/$1')
 3 SYSTEMPATH/Router/RouteCollection.php(340): require('/home/2025DIFAL3/e22308557/public_html/V1/ci/app/Config/Routes.php')
 4 SYSTEMPATH/CodeIgniter.php(823): CodeIgniter\Router\RouteCollection->loadRoutes()
 5 SYSTEMPATH/CodeIgniter.php(457): CodeIgniter\CodeIgniter->tryToRouteIt(null)
 6 SYSTEMPATH/CodeIgniter.php(355): CodeIgniter\CodeIgniter->handleRequest(null, Object(Config\Cache), false)
 7 SYSTEMPATH/Boot.php(325): CodeIgniter\CodeIgniter->run()
 8 SYSTEMPATH/Boot.php(67): CodeIgniter\Boot::runCodeIgniter(Object(CodeIgniter\CodeIgniter))
 9 FCPATH/index.php(56): CodeIgniter\Boot::bootWeb(Object(Config\Paths))
WARNING - 2025-11-25 12:36:18 --> [DEPRECATED] Creation of dynamic property App\Controllers\Compte::$model is deprecated in APPPATH/Controllers/Compte.php on line 11.
 1 SYSTEMPATH/CodeIgniter.php(903): App\Controllers\Compte->__construct()
 2 SYSTEMPATH/CodeIgniter.php(500): CodeIgniter\CodeIgniter->createController()
 3 SYSTEMPATH/CodeIgniter.php(355): CodeIgniter\CodeIgniter->handleRequest(null, Object(Config\Cache), false)
 4 SYSTEMPATH/Boot.php(325): CodeIgniter\CodeIgniter->run()
 5 SYSTEMPATH/Boot.php(67): CodeIgniter\Boot::runCodeIgniter(Object(CodeIgniter\CodeIgniter))
 6 FCPATH/index.php(56): CodeIgniter\Boot::bootWeb(Object(Config\Paths))
INFO - 2025-11-25 12:36:18 --> Session: Class initialized using 'CodeIgniter\Session\Handlers\FileHandler' driver.
WARNING - 2025-11-25 12:42:14 --> [DEPRECATED] Passing lowercase HTTP method "get" is deprecated. Use uppercase HTTP method like "GET". in SYSTEMPATH/Router/RouteCollection.php on line 1027.
 1 SYSTEMPATH/Router/RouteCollection.php(1027): trigger_error('Passing lowercase HTTP method "get" is deprecated. Use uppercase HTTP method like "GET".', 16384)
 2 APPPATH/Config/Routes.php(51): CodeIgniter\Router\RouteCollection->match([...], 'compte/repondre/(:num)', 'Compte::repondre/$1')
 3 SYSTEMPATH/Router/RouteCollection.php(340): require('/home/2025DIFAL3/e22308557/public_html/V1/ci/app/Config/Routes.php')
 4 SYSTEMPATH/CodeIgniter.php(823): CodeIgniter\Router\RouteCollection->loadRoutes()
 5 SYSTEMPATH/CodeIgniter.php(457): CodeIgniter\CodeIgniter->tryToRouteIt(null)
 6 SYSTEMPATH/CodeIgniter.php(355): CodeIgniter\CodeIgniter->handleRequest(null, Object(Config\Cache), false)
 7 SYSTEMPATH/Boot.php(325): CodeIgniter\CodeIgniter->run()
 8 SYSTEMPATH/Boot.php(67): CodeIgniter\Boot::runCodeIgniter(Object(CodeIgniter\CodeIgniter))
 9 FCPATH/index.php(56): CodeIgniter\Boot::bootWeb(Object(Config\Paths))
WARNING - 2025-11-25 12:42:14 --> [DEPRECATED] Passing lowercase HTTP method "post" is deprecated. Use uppercase HTTP method like "POST". in SYSTEMPATH/Router/RouteCollection.php on line 1027.
 1 SYSTEMPATH/Router/RouteCollection.php(1027): trigger_error('Passing lowercase HTTP method "post" is deprecated. Use uppercase HTTP method like "POST".', 16384)
 2 APPPATH/Config/Routes.php(51): CodeIgniter\Router\RouteCollection->match([...], 'compte/repondre/(:num)', 'Compte::repondre/$1')
 3 SYSTEMPATH/Router/RouteCollection.php(340): require('/home/2025DIFAL3/e22308557/public_html/V1/ci/app/Config/Routes.php')
 4 SYSTEMPATH/CodeIgniter.php(823): CodeIgniter\Router\RouteCollection->loadRoutes()
 5 SYSTEMPATH/CodeIgniter.php(457): CodeIgniter\CodeIgniter->tryToRouteIt(null)
 6 SYSTEMPATH/CodeIgniter.php(355): CodeIgniter\CodeIgniter->handleRequest(null, Object(Config\Cache), false)
 7 SYSTEMPATH/Boot.php(325): CodeIgniter\CodeIgniter->run()
 8 SYSTEMPATH/Boot.php(67): CodeIgniter\Boot::runCodeIgniter(Object(CodeIgniter\CodeIgniter))
 9 FCPATH/index.php(56): CodeIgniter\Boot::bootWeb(Object(Config\Paths))
WARNING - 2025-11-25 12:42:14 --> [DEPRECATED] Creation of dynamic property App\Controllers\Compte::$model is deprecated in APPPATH/Controllers/Compte.php on line 11.
 1 SYSTEMPATH/CodeIgniter.php(903): App\Controllers\Compte->__construct()
 2 SYSTEMPATH/CodeIgniter.php(500): CodeIgniter\CodeIgniter->createController()
 3 SYSTEMPATH/CodeIgniter.php(355): CodeIgniter\CodeIgniter->handleRequest(null, Object(Config\Cache), false)
 4 SYSTEMPATH/Boot.php(325): CodeIgniter\CodeIgniter->run()
 5 SYSTEMPATH/Boot.php(67): CodeIgniter\Boot::runCodeIgniter(Object(CodeIgniter\CodeIgniter))
 6 FCPATH/index.php(56): CodeIgniter\Boot::bootWeb(Object(Config\Paths))
INFO - 2025-11-25 12:42:14 --> Session: Class initialized using 'CodeIgniter\Session\Handlers\FileHandler' driver.
WARNING - 2025-11-25 12:42:26 --> [DEPRECATED] Passing lowercase HTTP method "get" is deprecated. Use uppercase HTTP method like "GET". in SYSTEMPATH/Router/RouteCollection.php on line 1027.
 1 SYSTEMPATH/Router/RouteCollection.php(1027): trigger_error('Passing lowercase HTTP method "get" is deprecated. Use uppercase HTTP method like "GET".', 16384)
 2 APPPATH/Config/Routes.php(51): CodeIgniter\Router\RouteCollection->match([...], 'compte/repondre/(:num)', 'Compte::repondre/$1')
 3 SYSTEMPATH/Router/RouteCollection.php(340): require('/home/2025DIFAL3/e22308557/public_html/V1/ci/app/Config/Routes.php')
 4 SYSTEMPATH/CodeIgniter.php(823): CodeIgniter\Router\RouteCollection->loadRoutes()
 5 SYSTEMPATH/CodeIgniter.php(457): CodeIgniter\CodeIgniter->tryToRouteIt(null)
 6 SYSTEMPATH/CodeIgniter.php(355): CodeIgniter\CodeIgniter->handleRequest(null, Object(Config\Cache), false)
 7 SYSTEMPATH/Boot.php(325): CodeIgniter\CodeIgniter->run()
 8 SYSTEMPATH/Boot.php(67): CodeIgniter\Boot::runCodeIgniter(Object(CodeIgniter\CodeIgniter))
 9 FCPATH/index.php(56): CodeIgniter\Boot::bootWeb(Object(Config\Paths))
WARNING - 2025-11-25 12:42:26 --> [DEPRECATED] Passing lowercase HTTP method "post" is deprecated. Use uppercase HTTP method like "POST". in SYSTEMPATH/Router/RouteCollection.php on line 1027.
 1 SYSTEMPATH/Router/RouteCollection.php(1027): trigger_error('Passing lowercase HTTP method "post" is deprecated. Use uppercase HTTP method like "POST".', 16384)
 2 APPPATH/Config/Routes.php(51): CodeIgniter\Router\RouteCollection->match([...], 'compte/repondre/(:num)', 'Compte::repondre/$1')
 3 SYSTEMPATH/Router/RouteCollection.php(340): require('/home/2025DIFAL3/e22308557/public_html/V1/ci/app/Config/Routes.php')
 4 SYSTEMPATH/CodeIgniter.php(823): CodeIgniter\Router\RouteCollection->loadRoutes()
 5 SYSTEMPATH/CodeIgniter.php(457): CodeIgniter\CodeIgniter->tryToRouteIt(null)
 6 SYSTEMPATH/CodeIgniter.php(355): CodeIgniter\CodeIgniter->handleRequest(null, Object(Config\Cache), false)
 7 SYSTEMPATH/Boot.php(325): CodeIgniter\CodeIgniter->run()
 8 SYSTEMPATH/Boot.php(67): CodeIgniter\Boot::runCodeIgniter(Object(CodeIgniter\CodeIgniter))
 9 FCPATH/index.php(56): CodeIgniter\Boot::bootWeb(Object(Config\Paths))
WARNING - 2025-11-25 12:42:26 --> [DEPRECATED] Creation of dynamic property App\Controllers\Compte::$model is deprecated in APPPATH/Controllers/Compte.php on line 11.
 1 SYSTEMPATH/CodeIgniter.php(903): App\Controllers\Compte->__construct()
 2 SYSTEMPATH/CodeIgniter.php(500): CodeIgniter\CodeIgniter->createController()
 3 SYSTEMPATH/CodeIgniter.php(355): CodeIgniter\CodeIgniter->handleRequest(null, Object(Config\Cache), false)
 4 SYSTEMPATH/Boot.php(325): CodeIgniter\CodeIgniter->run()
 5 SYSTEMPATH/Boot.php(67): CodeIgniter\Boot::runCodeIgniter(Object(CodeIgniter\CodeIgniter))
 6 FCPATH/index.php(56): CodeIgniter\Boot::bootWeb(Object(Config\Paths))
INFO - 2025-11-25 12:42:26 --> Session: Class initialized using 'CodeIgniter\Session\Handlers\FileHandler' driver.
CRITICAL - 2025-11-25 12:42:26 --> ErrorException: Undefined variable $login
[Method: GET, Route: compte/afficher_les_profils]
in APPPATH/Controllers/Compte.php on line 345.
 1 APPPATH/Controllers/Compte.php(345): CodeIgniter\Debug\Exceptions->errorHandler()
 2 SYSTEMPATH/CodeIgniter.php(933): App\Controllers\Compte->afficher_les_profils()
 3 SYSTEMPATH/CodeIgniter.php(509): CodeIgniter\CodeIgniter->runController()
 4 SYSTEMPATH/CodeIgniter.php(355): CodeIgniter\CodeIgniter->handleRequest()
 5 SYSTEMPATH/Boot.php(325): CodeIgniter\CodeIgniter->run()
 6 SYSTEMPATH/Boot.php(67): CodeIgniter\Boot::runCodeIgniter()
 7 FCPATH/index.php(56): CodeIgniter\Boot::bootWeb()
WARNING - 2025-11-25 12:43:22 --> [DEPRECATED] Passing lowercase HTTP method "get" is deprecated. Use uppercase HTTP method like "GET". in SYSTEMPATH/Router/RouteCollection.php on line 1027.
 1 SYSTEMPATH/Router/RouteCollection.php(1027): trigger_error('Passing lowercase HTTP method "get" is deprecated. Use uppercase HTTP method like "GET".', 16384)
 2 APPPATH/Config/Routes.php(51): CodeIgniter\Router\RouteCollection->match([...], 'compte/repondre/(:num)', 'Compte::repondre/$1')
 3 SYSTEMPATH/Router/RouteCollection.php(340): require('/home/2025DIFAL3/e22308557/public_html/V1/ci/app/Config/Routes.php')
 4 SYSTEMPATH/CodeIgniter.php(823): CodeIgniter\Router\RouteCollection->loadRoutes()
 5 SYSTEMPATH/CodeIgniter.php(457): CodeIgniter\CodeIgniter->tryToRouteIt(null)
 6 SYSTEMPATH/CodeIgniter.php(355): CodeIgniter\CodeIgniter->handleRequest(null, Object(Config\Cache), false)
 7 SYSTEMPATH/Boot.php(325): CodeIgniter\CodeIgniter->run()
 8 SYSTEMPATH/Boot.php(67): CodeIgniter\Boot::runCodeIgniter(Object(CodeIgniter\CodeIgniter))
 9 FCPATH/index.php(56): CodeIgniter\Boot::bootWeb(Object(Config\Paths))
WARNING - 2025-11-25 12:43:22 --> [DEPRECATED] Passing lowercase HTTP method "post" is deprecated. Use uppercase HTTP method like "POST". in SYSTEMPATH/Router/RouteCollection.php on line 1027.
 1 SYSTEMPATH/Router/RouteCollection.php(1027): trigger_error('Passing lowercase HTTP method "post" is deprecated. Use uppercase HTTP method like "POST".', 16384)
 2 APPPATH/Config/Routes.php(51): CodeIgniter\Router\RouteCollection->match([...], 'compte/repondre/(:num)', 'Compte::repondre/$1')
 3 SYSTEMPATH/Router/RouteCollection.php(340): require('/home/2025DIFAL3/e22308557/public_html/V1/ci/app/Config/Routes.php')
 4 SYSTEMPATH/CodeIgniter.php(823): CodeIgniter\Router\RouteCollection->loadRoutes()
 5 SYSTEMPATH/CodeIgniter.php(457): CodeIgniter\CodeIgniter->tryToRouteIt(null)
 6 SYSTEMPATH/CodeIgniter.php(355): CodeIgniter\CodeIgniter->handleRequest(null, Object(Config\Cache), false)
 7 SYSTEMPATH/Boot.php(325): CodeIgniter\CodeIgniter->run()
 8 SYSTEMPATH/Boot.php(67): CodeIgniter\Boot::runCodeIgniter(Object(CodeIgniter\CodeIgniter))
 9 FCPATH/index.php(56): CodeIgniter\Boot::bootWeb(Object(Config\Paths))
WARNING - 2025-11-25 12:43:22 --> [DEPRECATED] Creation of dynamic property App\Controllers\Compte::$model is deprecated in APPPATH/Controllers/Compte.php on line 11.
 1 SYSTEMPATH/CodeIgniter.php(903): App\Controllers\Compte->__construct()
 2 SYSTEMPATH/CodeIgniter.php(500): CodeIgniter\CodeIgniter->createController()
 3 SYSTEMPATH/CodeIgniter.php(355): CodeIgniter\CodeIgniter->handleRequest(null, Object(Config\Cache), false)
 4 SYSTEMPATH/Boot.php(325): CodeIgniter\CodeIgniter->run()
 5 SYSTEMPATH/Boot.php(67): CodeIgniter\Boot::runCodeIgniter(Object(CodeIgniter\CodeIgniter))
 6 FCPATH/index.php(56): CodeIgniter\Boot::bootWeb(Object(Config\Paths))
INFO - 2025-11-25 12:43:22 --> Session: Class initialized using 'CodeIgniter\Session\Handlers\FileHandler' driver.
WARNING - 2025-11-25 12:43:28 --> [DEPRECATED] Passing lowercase HTTP method "get" is deprecated. Use uppercase HTTP method like "GET". in SYSTEMPATH/Router/RouteCollection.php on line 1027.
 1 SYSTEMPATH/Router/RouteCollection.php(1027): trigger_error('Passing lowercase HTTP method "get" is deprecated. Use uppercase HTTP method like "GET".', 16384)
 2 APPPATH/Config/Routes.php(51): CodeIgniter\Router\RouteCollection->match([...], 'compte/repondre/(:num)', 'Compte::repondre/$1')
 3 SYSTEMPATH/Router/RouteCollection.php(340): require('/home/2025DIFAL3/e22308557/public_html/V1/ci/app/Config/Routes.php')
 4 SYSTEMPATH/CodeIgniter.php(823): CodeIgniter\Router\RouteCollection->loadRoutes()
 5 SYSTEMPATH/CodeIgniter.php(457): CodeIgniter\CodeIgniter->tryToRouteIt(null)
 6 SYSTEMPATH/CodeIgniter.php(355): CodeIgniter\CodeIgniter->handleRequest(null, Object(Config\Cache), false)
 7 SYSTEMPATH/Boot.php(325): CodeIgniter\CodeIgniter->run()
 8 SYSTEMPATH/Boot.php(67): CodeIgniter\Boot::runCodeIgniter(Object(CodeIgniter\CodeIgniter))
 9 FCPATH/index.php(56): CodeIgniter\Boot::bootWeb(Object(Config\Paths))
WARNING - 2025-11-25 12:43:28 --> [DEPRECATED] Passing lowercase HTTP method "post" is deprecated. Use uppercase HTTP method like "POST". in SYSTEMPATH/Router/RouteCollection.php on line 1027.
 1 SYSTEMPATH/Router/RouteCollection.php(1027): trigger_error('Passing lowercase HTTP method "post" is deprecated. Use uppercase HTTP method like "POST".', 16384)
 2 APPPATH/Config/Routes.php(51): CodeIgniter\Router\RouteCollection->match([...], 'compte/repondre/(:num)', 'Compte::repondre/$1')
 3 SYSTEMPATH/Router/RouteCollection.php(340): require('/home/2025DIFAL3/e22308557/public_html/V1/ci/app/Config/Routes.php')
 4 SYSTEMPATH/CodeIgniter.php(823): CodeIgniter\Router\RouteCollection->loadRoutes()
 5 SYSTEMPATH/CodeIgniter.php(457): CodeIgniter\CodeIgniter->tryToRouteIt(null)
 6 SYSTEMPATH/CodeIgniter.php(355): CodeIgniter\CodeIgniter->handleRequest(null, Object(Config\Cache), false)
 7 SYSTEMPATH/Boot.php(325): CodeIgniter\CodeIgniter->run()
 8 SYSTEMPATH/Boot.php(67): CodeIgniter\Boot::runCodeIgniter(Object(CodeIgniter\CodeIgniter))
 9 FCPATH/index.php(56): CodeIgniter\Boot::bootWeb(Object(Config\Paths))
WARNING - 2025-11-25 12:43:28 --> [DEPRECATED] Creation of dynamic property App\Controllers\Compte::$model is deprecated in APPPATH/Controllers/Compte.php on line 11.
 1 SYSTEMPATH/CodeIgniter.php(903): App\Controllers\Compte->__construct()
 2 SYSTEMPATH/CodeIgniter.php(500): CodeIgniter\CodeIgniter->createController()
 3 SYSTEMPATH/CodeIgniter.php(355): CodeIgniter\CodeIgniter->handleRequest(null, Object(Config\Cache), false)
 4 SYSTEMPATH/Boot.php(325): CodeIgniter\CodeIgniter->run()
 5 SYSTEMPATH/Boot.php(67): CodeIgniter\Boot::runCodeIgniter(Object(CodeIgniter\CodeIgniter))
 6 FCPATH/index.php(56): CodeIgniter\Boot::bootWeb(Object(Config\Paths))
INFO - 2025-11-25 12:43:28 --> Session: Class initialized using 'CodeIgniter\Session\Handlers\FileHandler' driver.
WARNING - 2025-11-25 12:43:37 --> [DEPRECATED] Passing lowercase HTTP method "get" is deprecated. Use uppercase HTTP method like "GET". in SYSTEMPATH/Router/RouteCollection.php on line 1027.
 1 SYSTEMPATH/Router/RouteCollection.php(1027): trigger_error('Passing lowercase HTTP method "get" is deprecated. Use uppercase HTTP method like "GET".', 16384)
 2 APPPATH/Config/Routes.php(51): CodeIgniter\Router\RouteCollection->match([...], 'compte/repondre/(:num)', 'Compte::repondre/$1')
 3 SYSTEMPATH/Router/RouteCollection.php(340): require('/home/2025DIFAL3/e22308557/public_html/V1/ci/app/Config/Routes.php')
 4 SYSTEMPATH/CodeIgniter.php(823): CodeIgniter\Router\RouteCollection->loadRoutes()
 5 SYSTEMPATH/CodeIgniter.php(457): CodeIgniter\CodeIgniter->tryToRouteIt(null)
 6 SYSTEMPATH/CodeIgniter.php(355): CodeIgniter\CodeIgniter->handleRequest(null, Object(Config\Cache), false)
 7 SYSTEMPATH/Boot.php(325): CodeIgniter\CodeIgniter->run()
 8 SYSTEMPATH/Boot.php(67): CodeIgniter\Boot::runCodeIgniter(Object(CodeIgniter\CodeIgniter))
 9 FCPATH/index.php(56): CodeIgniter\Boot::bootWeb(Object(Config\Paths))
WARNING - 2025-11-25 12:43:37 --> [DEPRECATED] Passing lowercase HTTP method "post" is deprecated. Use uppercase HTTP method like "POST". in SYSTEMPATH/Router/RouteCollection.php on line 1027.
 1 SYSTEMPATH/Router/RouteCollection.php(1027): trigger_error('Passing lowercase HTTP method "post" is deprecated. Use uppercase HTTP method like "POST".', 16384)
 2 APPPATH/Config/Routes.php(51): CodeIgniter\Router\RouteCollection->match([...], 'compte/repondre/(:num)', 'Compte::repondre/$1')
 3 SYSTEMPATH/Router/RouteCollection.php(340): require('/home/2025DIFAL3/e22308557/public_html/V1/ci/app/Config/Routes.php')
 4 SYSTEMPATH/CodeIgniter.php(823): CodeIgniter\Router\RouteCollection->loadRoutes()
 5 SYSTEMPATH/CodeIgniter.php(457): CodeIgniter\CodeIgniter->tryToRouteIt(null)
 6 SYSTEMPATH/CodeIgniter.php(355): CodeIgniter\CodeIgniter->handleRequest(null, Object(Config\Cache), false)
 7 SYSTEMPATH/Boot.php(325): CodeIgniter\CodeIgniter->run()
 8 SYSTEMPATH/Boot.php(67): CodeIgniter\Boot::runCodeIgniter(Object(CodeIgniter\CodeIgniter))
 9 FCPATH/index.php(56): CodeIgniter\Boot::bootWeb(Object(Config\Paths))
WARNING - 2025-11-25 12:43:37 --> [DEPRECATED] Creation of dynamic property App\Controllers\Compte::$model is deprecated in APPPATH/Controllers/Compte.php on line 11.
 1 SYSTEMPATH/CodeIgniter.php(903): App\Controllers\Compte->__construct()
 2 SYSTEMPATH/CodeIgniter.php(500): CodeIgniter\CodeIgniter->createController()
 3 SYSTEMPATH/CodeIgniter.php(355): CodeIgniter\CodeIgniter->handleRequest(null, Object(Config\Cache), false)
 4 SYSTEMPATH/Boot.php(325): CodeIgniter\CodeIgniter->run()
 5 SYSTEMPATH/Boot.php(67): CodeIgniter\Boot::runCodeIgniter(Object(CodeIgniter\CodeIgniter))
 6 FCPATH/index.php(56): CodeIgniter\Boot::bootWeb(Object(Config\Paths))
INFO - 2025-11-25 12:43:37 --> Session: Class initialized using 'CodeIgniter\Session\Handlers\FileHandler' driver.
WARNING - 2025-11-25 12:43:39 --> [DEPRECATED] Passing lowercase HTTP method "get" is deprecated. Use uppercase HTTP method like "GET". in SYSTEMPATH/Router/RouteCollection.php on line 1027.
 1 SYSTEMPATH/Router/RouteCollection.php(1027): trigger_error('Passing lowercase HTTP method "get" is deprecated. Use uppercase HTTP method like "GET".', 16384)
 2 APPPATH/Config/Routes.php(51): CodeIgniter\Router\RouteCollection->match([...], 'compte/repondre/(:num)', 'Compte::repondre/$1')
 3 SYSTEMPATH/Router/RouteCollection.php(340): require('/home/2025DIFAL3/e22308557/public_html/V1/ci/app/Config/Routes.php')
 4 SYSTEMPATH/CodeIgniter.php(823): CodeIgniter\Router\RouteCollection->loadRoutes()
 5 SYSTEMPATH/CodeIgniter.php(457): CodeIgniter\CodeIgniter->tryToRouteIt(null)
 6 SYSTEMPATH/CodeIgniter.php(355): CodeIgniter\CodeIgniter->handleRequest(null, Object(Config\Cache), false)
 7 SYSTEMPATH/Boot.php(325): CodeIgniter\CodeIgniter->run()
 8 SYSTEMPATH/Boot.php(67): CodeIgniter\Boot::runCodeIgniter(Object(CodeIgniter\CodeIgniter))
 9 FCPATH/index.php(56): CodeIgniter\Boot::bootWeb(Object(Config\Paths))
WARNING - 2025-11-25 12:43:39 --> [DEPRECATED] Passing lowercase HTTP method "post" is deprecated. Use uppercase HTTP method like "POST". in SYSTEMPATH/Router/RouteCollection.php on line 1027.
 1 SYSTEMPATH/Router/RouteCollection.php(1027): trigger_error('Passing lowercase HTTP method "post" is deprecated. Use uppercase HTTP method like "POST".', 16384)
 2 APPPATH/Config/Routes.php(51): CodeIgniter\Router\RouteCollection->match([...], 'compte/repondre/(:num)', 'Compte::repondre/$1')
 3 SYSTEMPATH/Router/RouteCollection.php(340): require('/home/2025DIFAL3/e22308557/public_html/V1/ci/app/Config/Routes.php')
 4 SYSTEMPATH/CodeIgniter.php(823): CodeIgniter\Router\RouteCollection->loadRoutes()
 5 SYSTEMPATH/CodeIgniter.php(457): CodeIgniter\CodeIgniter->tryToRouteIt(null)
 6 SYSTEMPATH/CodeIgniter.php(355): CodeIgniter\CodeIgniter->handleRequest(null, Object(Config\Cache), false)
 7 SYSTEMPATH/Boot.php(325): CodeIgniter\CodeIgniter->run()
 8 SYSTEMPATH/Boot.php(67): CodeIgniter\Boot::runCodeIgniter(Object(CodeIgniter\CodeIgniter))
 9 FCPATH/index.php(56): CodeIgniter\Boot::bootWeb(Object(Config\Paths))
WARNING - 2025-11-25 12:43:39 --> [DEPRECATED] Creation of dynamic property App\Controllers\Compte::$model is deprecated in APPPATH/Controllers/Compte.php on line 11.
 1 SYSTEMPATH/CodeIgniter.php(903): App\Controllers\Compte->__construct()
 2 SYSTEMPATH/CodeIgniter.php(500): CodeIgniter\CodeIgniter->createController()
 3 SYSTEMPATH/CodeIgniter.php(355): CodeIgniter\CodeIgniter->handleRequest(null, Object(Config\Cache), false)
 4 SYSTEMPATH/Boot.php(325): CodeIgniter\CodeIgniter->run()
 5 SYSTEMPATH/Boot.php(67): CodeIgniter\Boot::runCodeIgniter(Object(CodeIgniter\CodeIgniter))
 6 FCPATH/index.php(56): CodeIgniter\Boot::bootWeb(Object(Config\Paths))
INFO - 2025-11-25 12:43:39 --> Session: Class initialized using 'CodeIgniter\Session\Handlers\FileHandler' driver.
WARNING - 2025-11-25 12:43:55 --> [DEPRECATED] Passing lowercase HTTP method "get" is deprecated. Use uppercase HTTP method like "GET". in SYSTEMPATH/Router/RouteCollection.php on line 1027.
 1 SYSTEMPATH/Router/RouteCollection.php(1027): trigger_error('Passing lowercase HTTP method "get" is deprecated. Use uppercase HTTP method like "GET".', 16384)
 2 APPPATH/Config/Routes.php(51): CodeIgniter\Router\RouteCollection->match([...], 'compte/repondre/(:num)', 'Compte::repondre/$1')
 3 SYSTEMPATH/Router/RouteCollection.php(340): require('/home/2025DIFAL3/e22308557/public_html/V1/ci/app/Config/Routes.php')
 4 SYSTEMPATH/CodeIgniter.php(823): CodeIgniter\Router\RouteCollection->loadRoutes()
 5 SYSTEMPATH/CodeIgniter.php(457): CodeIgniter\CodeIgniter->tryToRouteIt(null)
 6 SYSTEMPATH/CodeIgniter.php(355): CodeIgniter\CodeIgniter->handleRequest(null, Object(Config\Cache), false)
 7 SYSTEMPATH/Boot.php(325): CodeIgniter\CodeIgniter->run()
 8 SYSTEMPATH/Boot.php(67): CodeIgniter\Boot::runCodeIgniter(Object(CodeIgniter\CodeIgniter))
 9 FCPATH/index.php(56): CodeIgniter\Boot::bootWeb(Object(Config\Paths))
WARNING - 2025-11-25 12:43:55 --> [DEPRECATED] Passing lowercase HTTP method "post" is deprecated. Use uppercase HTTP method like "POST". in SYSTEMPATH/Router/RouteCollection.php on line 1027.
 1 SYSTEMPATH/Router/RouteCollection.php(1027): trigger_error('Passing lowercase HTTP method "post" is deprecated. Use uppercase HTTP method like "POST".', 16384)
 2 APPPATH/Config/Routes.php(51): CodeIgniter\Router\RouteCollection->match([...], 'compte/repondre/(:num)', 'Compte::repondre/$1')
 3 SYSTEMPATH/Router/RouteCollection.php(340): require('/home/2025DIFAL3/e22308557/public_html/V1/ci/app/Config/Routes.php')
 4 SYSTEMPATH/CodeIgniter.php(823): CodeIgniter\Router\RouteCollection->loadRoutes()
 5 SYSTEMPATH/CodeIgniter.php(457): CodeIgniter\CodeIgniter->tryToRouteIt(null)
 6 SYSTEMPATH/CodeIgniter.php(355): CodeIgniter\CodeIgniter->handleRequest(null, Object(Config\Cache), false)
 7 SYSTEMPATH/Boot.php(325): CodeIgniter\CodeIgniter->run()
 8 SYSTEMPATH/Boot.php(67): CodeIgniter\Boot::runCodeIgniter(Object(CodeIgniter\CodeIgniter))
 9 FCPATH/index.php(56): CodeIgniter\Boot::bootWeb(Object(Config\Paths))
WARNING - 2025-11-25 12:43:55 --> [DEPRECATED] Creation of dynamic property App\Controllers\Compte::$model is deprecated in APPPATH/Controllers/Compte.php on line 11.
 1 SYSTEMPATH/CodeIgniter.php(903): App\Controllers\Compte->__construct()
 2 SYSTEMPATH/CodeIgniter.php(500): CodeIgniter\CodeIgniter->createController()
 3 SYSTEMPATH/CodeIgniter.php(355): CodeIgniter\CodeIgniter->handleRequest(null, Object(Config\Cache), false)
 4 SYSTEMPATH/Boot.php(325): CodeIgniter\CodeIgniter->run()
 5 SYSTEMPATH/Boot.php(67): CodeIgniter\Boot::runCodeIgniter(Object(CodeIgniter\CodeIgniter))
 6 FCPATH/index.php(56): CodeIgniter\Boot::bootWeb(Object(Config\Paths))
INFO - 2025-11-25 12:43:55 --> Session: Class initialized using 'CodeIgniter\Session\Handlers\FileHandler' driver.
WARNING - 2025-11-25 12:44:25 --> [DEPRECATED] Passing lowercase HTTP method "get" is deprecated. Use uppercase HTTP method like "GET". in SYSTEMPATH/Router/RouteCollection.php on line 1027.
 1 SYSTEMPATH/Router/RouteCollection.php(1027): trigger_error('Passing lowercase HTTP method "get" is deprecated. Use uppercase HTTP method like "GET".', 16384)
 2 APPPATH/Config/Routes.php(51): CodeIgniter\Router\RouteCollection->match([...], 'compte/repondre/(:num)', 'Compte::repondre/$1')
 3 SYSTEMPATH/Router/RouteCollection.php(340): require('/home/2025DIFAL3/e22308557/public_html/V1/ci/app/Config/Routes.php')
 4 SYSTEMPATH/CodeIgniter.php(823): CodeIgniter\Router\RouteCollection->loadRoutes()
 5 SYSTEMPATH/CodeIgniter.php(457): CodeIgniter\CodeIgniter->tryToRouteIt(null)
 6 SYSTEMPATH/CodeIgniter.php(355): CodeIgniter\CodeIgniter->handleRequest(null, Object(Config\Cache), false)
 7 SYSTEMPATH/Boot.php(325): CodeIgniter\CodeIgniter->run()
 8 SYSTEMPATH/Boot.php(67): CodeIgniter\Boot::runCodeIgniter(Object(CodeIgniter\CodeIgniter))
 9 FCPATH/index.php(56): CodeIgniter\Boot::bootWeb(Object(Config\Paths))
WARNING - 2025-11-25 12:44:25 --> [DEPRECATED] Passing lowercase HTTP method "post" is deprecated. Use uppercase HTTP method like "POST". in SYSTEMPATH/Router/RouteCollection.php on line 1027.
 1 SYSTEMPATH/Router/RouteCollection.php(1027): trigger_error('Passing lowercase HTTP method "post" is deprecated. Use uppercase HTTP method like "POST".', 16384)
 2 APPPATH/Config/Routes.php(51): CodeIgniter\Router\RouteCollection->match([...], 'compte/repondre/(:num)', 'Compte::repondre/$1')
 3 SYSTEMPATH/Router/RouteCollection.php(340): require('/home/2025DIFAL3/e22308557/public_html/V1/ci/app/Config/Routes.php')
 4 SYSTEMPATH/CodeIgniter.php(823): CodeIgniter\Router\RouteCollection->loadRoutes()
 5 SYSTEMPATH/CodeIgniter.php(457): CodeIgniter\CodeIgniter->tryToRouteIt(null)
 6 SYSTEMPATH/CodeIgniter.php(355): CodeIgniter\CodeIgniter->handleRequest(null, Object(Config\Cache), false)
 7 SYSTEMPATH/Boot.php(325): CodeIgniter\CodeIgniter->run()
 8 SYSTEMPATH/Boot.php(67): CodeIgniter\Boot::runCodeIgniter(Object(CodeIgniter\CodeIgniter))
 9 FCPATH/index.php(56): CodeIgniter\Boot::bootWeb(Object(Config\Paths))
WARNING - 2025-11-25 12:44:25 --> [DEPRECATED] Creation of dynamic property App\Controllers\Compte::$model is deprecated in APPPATH/Controllers/Compte.php on line 11.
 1 SYSTEMPATH/CodeIgniter.php(903): App\Controllers\Compte->__construct()
 2 SYSTEMPATH/CodeIgniter.php(500): CodeIgniter\CodeIgniter->createController()
 3 SYSTEMPATH/CodeIgniter.php(355): CodeIgniter\CodeIgniter->handleRequest(null, Object(Config\Cache), false)
 4 SYSTEMPATH/Boot.php(325): CodeIgniter\CodeIgniter->run()
 5 SYSTEMPATH/Boot.php(67): CodeIgniter\Boot::runCodeIgniter(Object(CodeIgniter\CodeIgniter))
 6 FCPATH/index.php(56): CodeIgniter\Boot::bootWeb(Object(Config\Paths))
INFO - 2025-11-25 12:44:25 --> Session: Class initialized using 'CodeIgniter\Session\Handlers\FileHandler' driver.
WARNING - 2025-11-25 12:58:35 --> [DEPRECATED] Passing lowercase HTTP method "get" is deprecated. Use uppercase HTTP method like "GET". in SYSTEMPATH/Router/RouteCollection.php on line 1027.
 1 SYSTEMPATH/Router/RouteCollection.php(1027): trigger_error('Passing lowercase HTTP method "get" is deprecated. Use uppercase HTTP method like "GET".', 16384)
 2 APPPATH/Config/Routes.php(51): CodeIgniter\Router\RouteCollection->match([...], 'compte/repondre/(:num)', 'Compte::repondre/$1')
 3 SYSTEMPATH/Router/RouteCollection.php(340): require('/home/2025DIFAL3/e22308557/public_html/V1/ci/app/Config/Routes.php')
 4 SYSTEMPATH/CodeIgniter.php(823): CodeIgniter\Router\RouteCollection->loadRoutes()
 5 SYSTEMPATH/CodeIgniter.php(457): CodeIgniter\CodeIgniter->tryToRouteIt(null)
 6 SYSTEMPATH/CodeIgniter.php(355): CodeIgniter\CodeIgniter->handleRequest(null, Object(Config\Cache), false)
 7 SYSTEMPATH/Boot.php(325): CodeIgniter\CodeIgniter->run()
 8 SYSTEMPATH/Boot.php(67): CodeIgniter\Boot::runCodeIgniter(Object(CodeIgniter\CodeIgniter))
 9 FCPATH/index.php(56): CodeIgniter\Boot::bootWeb(Object(Config\Paths))
WARNING - 2025-11-25 12:58:35 --> [DEPRECATED] Passing lowercase HTTP method "post" is deprecated. Use uppercase HTTP method like "POST". in SYSTEMPATH/Router/RouteCollection.php on line 1027.
 1 SYSTEMPATH/Router/RouteCollection.php(1027): trigger_error('Passing lowercase HTTP method "post" is deprecated. Use uppercase HTTP method like "POST".', 16384)
 2 APPPATH/Config/Routes.php(51): CodeIgniter\Router\RouteCollection->match([...], 'compte/repondre/(:num)', 'Compte::repondre/$1')
 3 SYSTEMPATH/Router/RouteCollection.php(340): require('/home/2025DIFAL3/e22308557/public_html/V1/ci/app/Config/Routes.php')
 4 SYSTEMPATH/CodeIgniter.php(823): CodeIgniter\Router\RouteCollection->loadRoutes()
 5 SYSTEMPATH/CodeIgniter.php(457): CodeIgniter\CodeIgniter->tryToRouteIt(null)
 6 SYSTEMPATH/CodeIgniter.php(355): CodeIgniter\CodeIgniter->handleRequest(null, Object(Config\Cache), false)
 7 SYSTEMPATH/Boot.php(325): CodeIgniter\CodeIgniter->run()
 8 SYSTEMPATH/Boot.php(67): CodeIgniter\Boot::runCodeIgniter(Object(CodeIgniter\CodeIgniter))
 9 FCPATH/index.php(56): CodeIgniter\Boot::bootWeb(Object(Config\Paths))
WARNING - 2025-11-25 12:58:35 --> [DEPRECATED] Creation of dynamic property App\Controllers\Compte::$model is deprecated in APPPATH/Controllers/Compte.php on line 11.
 1 SYSTEMPATH/CodeIgniter.php(903): App\Controllers\Compte->__construct()
 2 SYSTEMPATH/CodeIgniter.php(500): CodeIgniter\CodeIgniter->createController()
 3 SYSTEMPATH/CodeIgniter.php(355): CodeIgniter\CodeIgniter->handleRequest(null, Object(Config\Cache), false)
 4 SYSTEMPATH/Boot.php(325): CodeIgniter\CodeIgniter->run()
 5 SYSTEMPATH/Boot.php(67): CodeIgniter\Boot::runCodeIgniter(Object(CodeIgniter\CodeIgniter))
 6 FCPATH/index.php(56): CodeIgniter\Boot::bootWeb(Object(Config\Paths))
INFO - 2025-11-25 12:58:35 --> Session: Class initialized using 'CodeIgniter\Session\Handlers\FileHandler' driver.
WARNING - 2025-11-25 12:58:36 --> [DEPRECATED] Passing lowercase HTTP method "get" is deprecated. Use uppercase HTTP method like "GET". in SYSTEMPATH/Router/RouteCollection.php on line 1027.
 1 SYSTEMPATH/Router/RouteCollection.php(1027): trigger_error('Passing lowercase HTTP method "get" is deprecated. Use uppercase HTTP method like "GET".', 16384)
 2 APPPATH/Config/Routes.php(51): CodeIgniter\Router\RouteCollection->match([...], 'compte/repondre/(:num)', 'Compte::repondre/$1')
 3 SYSTEMPATH/Router/RouteCollection.php(340): require('/home/2025DIFAL3/e22308557/public_html/V1/ci/app/Config/Routes.php')
 4 SYSTEMPATH/CodeIgniter.php(823): CodeIgniter\Router\RouteCollection->loadRoutes()
 5 SYSTEMPATH/CodeIgniter.php(457): CodeIgniter\CodeIgniter->tryToRouteIt(null)
 6 SYSTEMPATH/CodeIgniter.php(355): CodeIgniter\CodeIgniter->handleRequest(null, Object(Config\Cache), false)
 7 SYSTEMPATH/Boot.php(325): CodeIgniter\CodeIgniter->run()
 8 SYSTEMPATH/Boot.php(67): CodeIgniter\Boot::runCodeIgniter(Object(CodeIgniter\CodeIgniter))
 9 FCPATH/index.php(56): CodeIgniter\Boot::bootWeb(Object(Config\Paths))
WARNING - 2025-11-25 12:58:36 --> [DEPRECATED] Passing lowercase HTTP method "post" is deprecated. Use uppercase HTTP method like "POST". in SYSTEMPATH/Router/RouteCollection.php on line 1027.
 1 SYSTEMPATH/Router/RouteCollection.php(1027): trigger_error('Passing lowercase HTTP method "post" is deprecated. Use uppercase HTTP method like "POST".', 16384)
 2 APPPATH/Config/Routes.php(51): CodeIgniter\Router\RouteCollection->match([...], 'compte/repondre/(:num)', 'Compte::repondre/$1')
 3 SYSTEMPATH/Router/RouteCollection.php(340): require('/home/2025DIFAL3/e22308557/public_html/V1/ci/app/Config/Routes.php')
 4 SYSTEMPATH/CodeIgniter.php(823): CodeIgniter\Router\RouteCollection->loadRoutes()
 5 SYSTEMPATH/CodeIgniter.php(457): CodeIgniter\CodeIgniter->tryToRouteIt(null)
 6 SYSTEMPATH/CodeIgniter.php(355): CodeIgniter\CodeIgniter->handleRequest(null, Object(Config\Cache), false)
 7 SYSTEMPATH/Boot.php(325): CodeIgniter\CodeIgniter->run()
 8 SYSTEMPATH/Boot.php(67): CodeIgniter\Boot::runCodeIgniter(Object(CodeIgniter\CodeIgniter))
 9 FCPATH/index.php(56): CodeIgniter\Boot::bootWeb(Object(Config\Paths))
WARNING - 2025-11-25 12:58:36 --> [DEPRECATED] Creation of dynamic property App\Controllers\Compte::$model is deprecated in APPPATH/Controllers/Compte.php on line 11.
 1 SYSTEMPATH/CodeIgniter.php(903): App\Controllers\Compte->__construct()
 2 SYSTEMPATH/CodeIgniter.php(500): CodeIgniter\CodeIgniter->createController()
 3 SYSTEMPATH/CodeIgniter.php(355): CodeIgniter\CodeIgniter->handleRequest(null, Object(Config\Cache), false)
 4 SYSTEMPATH/Boot.php(325): CodeIgniter\CodeIgniter->run()
 5 SYSTEMPATH/Boot.php(67): CodeIgniter\Boot::runCodeIgniter(Object(CodeIgniter\CodeIgniter))
 6 FCPATH/index.php(56): CodeIgniter\Boot::bootWeb(Object(Config\Paths))
INFO - 2025-11-25 12:58:36 --> Session: Class initialized using 'CodeIgniter\Session\Handlers\FileHandler' driver.
WARNING - 2025-11-25 12:58:40 --> [DEPRECATED] Passing lowercase HTTP method "get" is deprecated. Use uppercase HTTP method like "GET". in SYSTEMPATH/Router/RouteCollection.php on line 1027.
 1 SYSTEMPATH/Router/RouteCollection.php(1027): trigger_error('Passing lowercase HTTP method "get" is deprecated. Use uppercase HTTP method like "GET".', 16384)
 2 APPPATH/Config/Routes.php(51): CodeIgniter\Router\RouteCollection->match([...], 'compte/repondre/(:num)', 'Compte::repondre/$1')
 3 SYSTEMPATH/Router/RouteCollection.php(340): require('/home/2025DIFAL3/e22308557/public_html/V1/ci/app/Config/Routes.php')
 4 SYSTEMPATH/CodeIgniter.php(823): CodeIgniter\Router\RouteCollection->loadRoutes()
 5 SYSTEMPATH/CodeIgniter.php(457): CodeIgniter\CodeIgniter->tryToRouteIt(null)
 6 SYSTEMPATH/CodeIgniter.php(355): CodeIgniter\CodeIgniter->handleRequest(null, Object(Config\Cache), false)
 7 SYSTEMPATH/Boot.php(325): CodeIgniter\CodeIgniter->run()
 8 SYSTEMPATH/Boot.php(67): CodeIgniter\Boot::runCodeIgniter(Object(CodeIgniter\CodeIgniter))
 9 FCPATH/index.php(56): CodeIgniter\Boot::bootWeb(Object(Config\Paths))
WARNING - 2025-11-25 12:58:40 --> [DEPRECATED] Passing lowercase HTTP method "post" is deprecated. Use uppercase HTTP method like "POST". in SYSTEMPATH/Router/RouteCollection.php on line 1027.
 1 SYSTEMPATH/Router/RouteCollection.php(1027): trigger_error('Passing lowercase HTTP method "post" is deprecated. Use uppercase HTTP method like "POST".', 16384)
 2 APPPATH/Config/Routes.php(51): CodeIgniter\Router\RouteCollection->match([...], 'compte/repondre/(:num)', 'Compte::repondre/$1')
 3 SYSTEMPATH/Router/RouteCollection.php(340): require('/home/2025DIFAL3/e22308557/public_html/V1/ci/app/Config/Routes.php')
 4 SYSTEMPATH/CodeIgniter.php(823): CodeIgniter\Router\RouteCollection->loadRoutes()
 5 SYSTEMPATH/CodeIgniter.php(457): CodeIgniter\CodeIgniter->tryToRouteIt(null)
 6 SYSTEMPATH/CodeIgniter.php(355): CodeIgniter\CodeIgniter->handleRequest(null, Object(Config\Cache), false)
 7 SYSTEMPATH/Boot.php(325): CodeIgniter\CodeIgniter->run()
 8 SYSTEMPATH/Boot.php(67): CodeIgniter\Boot::runCodeIgniter(Object(CodeIgniter\CodeIgniter))
 9 FCPATH/index.php(56): CodeIgniter\Boot::bootWeb(Object(Config\Paths))
WARNING - 2025-11-25 12:58:40 --> [DEPRECATED] Creation of dynamic property App\Controllers\Compte::$model is deprecated in APPPATH/Controllers/Compte.php on line 11.
 1 SYSTEMPATH/CodeIgniter.php(903): App\Controllers\Compte->__construct()
 2 SYSTEMPATH/CodeIgniter.php(500): CodeIgniter\CodeIgniter->createController()
 3 SYSTEMPATH/CodeIgniter.php(355): CodeIgniter\CodeIgniter->handleRequest(null, Object(Config\Cache), false)
 4 SYSTEMPATH/Boot.php(325): CodeIgniter\CodeIgniter->run()
 5 SYSTEMPATH/Boot.php(67): CodeIgniter\Boot::runCodeIgniter(Object(CodeIgniter\CodeIgniter))
 6 FCPATH/index.php(56): CodeIgniter\Boot::bootWeb(Object(Config\Paths))
INFO - 2025-11-25 12:58:40 --> Session: Class initialized using 'CodeIgniter\Session\Handlers\FileHandler' driver.
WARNING - 2025-11-25 12:58:44 --> [DEPRECATED] Passing lowercase HTTP method "get" is deprecated. Use uppercase HTTP method like "GET". in SYSTEMPATH/Router/RouteCollection.php on line 1027.
 1 SYSTEMPATH/Router/RouteCollection.php(1027): trigger_error('Passing lowercase HTTP method "get" is deprecated. Use uppercase HTTP method like "GET".', 16384)
 2 APPPATH/Config/Routes.php(51): CodeIgniter\Router\RouteCollection->match([...], 'compte/repondre/(:num)', 'Compte::repondre/$1')
 3 SYSTEMPATH/Router/RouteCollection.php(340): require('/home/2025DIFAL3/e22308557/public_html/V1/ci/app/Config/Routes.php')
 4 SYSTEMPATH/CodeIgniter.php(823): CodeIgniter\Router\RouteCollection->loadRoutes()
 5 SYSTEMPATH/CodeIgniter.php(457): CodeIgniter\CodeIgniter->tryToRouteIt(null)
 6 SYSTEMPATH/CodeIgniter.php(355): CodeIgniter\CodeIgniter->handleRequest(null, Object(Config\Cache), false)
 7 SYSTEMPATH/Boot.php(325): CodeIgniter\CodeIgniter->run()
 8 SYSTEMPATH/Boot.php(67): CodeIgniter\Boot::runCodeIgniter(Object(CodeIgniter\CodeIgniter))
 9 FCPATH/index.php(56): CodeIgniter\Boot::bootWeb(Object(Config\Paths))
WARNING - 2025-11-25 12:58:44 --> [DEPRECATED] Passing lowercase HTTP method "post" is deprecated. Use uppercase HTTP method like "POST". in SYSTEMPATH/Router/RouteCollection.php on line 1027.
 1 SYSTEMPATH/Router/RouteCollection.php(1027): trigger_error('Passing lowercase HTTP method "post" is deprecated. Use uppercase HTTP method like "POST".', 16384)
 2 APPPATH/Config/Routes.php(51): CodeIgniter\Router\RouteCollection->match([...], 'compte/repondre/(:num)', 'Compte::repondre/$1')
 3 SYSTEMPATH/Router/RouteCollection.php(340): require('/home/2025DIFAL3/e22308557/public_html/V1/ci/app/Config/Routes.php')
 4 SYSTEMPATH/CodeIgniter.php(823): CodeIgniter\Router\RouteCollection->loadRoutes()
 5 SYSTEMPATH/CodeIgniter.php(457): CodeIgniter\CodeIgniter->tryToRouteIt(null)
 6 SYSTEMPATH/CodeIgniter.php(355): CodeIgniter\CodeIgniter->handleRequest(null, Object(Config\Cache), false)
 7 SYSTEMPATH/Boot.php(325): CodeIgniter\CodeIgniter->run()
 8 SYSTEMPATH/Boot.php(67): CodeIgniter\Boot::runCodeIgniter(Object(CodeIgniter\CodeIgniter))
 9 FCPATH/index.php(56): CodeIgniter\Boot::bootWeb(Object(Config\Paths))
WARNING - 2025-11-25 12:58:44 --> [DEPRECATED] Creation of dynamic property App\Controllers\Compte::$model is deprecated in APPPATH/Controllers/Compte.php on line 11.
 1 SYSTEMPATH/CodeIgniter.php(903): App\Controllers\Compte->__construct()
 2 SYSTEMPATH/CodeIgniter.php(500): CodeIgniter\CodeIgniter->createController()
 3 SYSTEMPATH/CodeIgniter.php(355): CodeIgniter\CodeIgniter->handleRequest(null, Object(Config\Cache), false)
 4 SYSTEMPATH/Boot.php(325): CodeIgniter\CodeIgniter->run()
 5 SYSTEMPATH/Boot.php(67): CodeIgniter\Boot::runCodeIgniter(Object(CodeIgniter\CodeIgniter))
 6 FCPATH/index.php(56): CodeIgniter\Boot::bootWeb(Object(Config\Paths))
INFO - 2025-11-25 12:58:44 --> Session: Class initialized using 'CodeIgniter\Session\Handlers\FileHandler' driver.
WARNING - 2025-11-25 12:58:48 --> [DEPRECATED] Passing lowercase HTTP method "get" is deprecated. Use uppercase HTTP method like "GET". in SYSTEMPATH/Router/RouteCollection.php on line 1027.
 1 SYSTEMPATH/Router/RouteCollection.php(1027): trigger_error('Passing lowercase HTTP method "get" is deprecated. Use uppercase HTTP method like "GET".', 16384)
 2 APPPATH/Config/Routes.php(51): CodeIgniter\Router\RouteCollection->match([...], 'compte/repondre/(:num)', 'Compte::repondre/$1')
 3 SYSTEMPATH/Router/RouteCollection.php(340): require('/home/2025DIFAL3/e22308557/public_html/V1/ci/app/Config/Routes.php')
 4 SYSTEMPATH/CodeIgniter.php(823): CodeIgniter\Router\RouteCollection->loadRoutes()
 5 SYSTEMPATH/CodeIgniter.php(457): CodeIgniter\CodeIgniter->tryToRouteIt(null)
 6 SYSTEMPATH/CodeIgniter.php(355): CodeIgniter\CodeIgniter->handleRequest(null, Object(Config\Cache), false)
 7 SYSTEMPATH/Boot.php(325): CodeIgniter\CodeIgniter->run()
 8 SYSTEMPATH/Boot.php(67): CodeIgniter\Boot::runCodeIgniter(Object(CodeIgniter\CodeIgniter))
 9 FCPATH/index.php(56): CodeIgniter\Boot::bootWeb(Object(Config\Paths))
WARNING - 2025-11-25 12:58:48 --> [DEPRECATED] Passing lowercase HTTP method "post" is deprecated. Use uppercase HTTP method like "POST". in SYSTEMPATH/Router/RouteCollection.php on line 1027.
 1 SYSTEMPATH/Router/RouteCollection.php(1027): trigger_error('Passing lowercase HTTP method "post" is deprecated. Use uppercase HTTP method like "POST".', 16384)
 2 APPPATH/Config/Routes.php(51): CodeIgniter\Router\RouteCollection->match([...], 'compte/repondre/(:num)', 'Compte::repondre/$1')
 3 SYSTEMPATH/Router/RouteCollection.php(340): require('/home/2025DIFAL3/e22308557/public_html/V1/ci/app/Config/Routes.php')
 4 SYSTEMPATH/CodeIgniter.php(823): CodeIgniter\Router\RouteCollection->loadRoutes()
 5 SYSTEMPATH/CodeIgniter.php(457): CodeIgniter\CodeIgniter->tryToRouteIt(null)
 6 SYSTEMPATH/CodeIgniter.php(355): CodeIgniter\CodeIgniter->handleRequest(null, Object(Config\Cache), false)
 7 SYSTEMPATH/Boot.php(325): CodeIgniter\CodeIgniter->run()
 8 SYSTEMPATH/Boot.php(67): CodeIgniter\Boot::runCodeIgniter(Object(CodeIgniter\CodeIgniter))
 9 FCPATH/index.php(56): CodeIgniter\Boot::bootWeb(Object(Config\Paths))
WARNING - 2025-11-25 12:58:48 --> [DEPRECATED] Creation of dynamic property App\Controllers\Compte::$model is deprecated in APPPATH/Controllers/Compte.php on line 11.
 1 SYSTEMPATH/CodeIgniter.php(903): App\Controllers\Compte->__construct()
 2 SYSTEMPATH/CodeIgniter.php(500): CodeIgniter\CodeIgniter->createController()
 3 SYSTEMPATH/CodeIgniter.php(355): CodeIgniter\CodeIgniter->handleRequest(null, Object(Config\Cache), false)
 4 SYSTEMPATH/Boot.php(325): CodeIgniter\CodeIgniter->run()
 5 SYSTEMPATH/Boot.php(67): CodeIgniter\Boot::runCodeIgniter(Object(CodeIgniter\CodeIgniter))
 6 FCPATH/index.php(56): CodeIgniter\Boot::bootWeb(Object(Config\Paths))
INFO - 2025-11-25 12:58:48 --> Session: Class initialized using 'CodeIgniter\Session\Handlers\FileHandler' driver.
WARNING - 2025-11-25 12:58:49 --> [DEPRECATED] Passing lowercase HTTP method "get" is deprecated. Use uppercase HTTP method like "GET". in SYSTEMPATH/Router/RouteCollection.php on line 1027.
 1 SYSTEMPATH/Router/RouteCollection.php(1027): trigger_error('Passing lowercase HTTP method "get" is deprecated. Use uppercase HTTP method like "GET".', 16384)
 2 APPPATH/Config/Routes.php(51): CodeIgniter\Router\RouteCollection->match([...], 'compte/repondre/(:num)', 'Compte::repondre/$1')
 3 SYSTEMPATH/Router/RouteCollection.php(340): require('/home/2025DIFAL3/e22308557/public_html/V1/ci/app/Config/Routes.php')
 4 SYSTEMPATH/CodeIgniter.php(823): CodeIgniter\Router\RouteCollection->loadRoutes()
 5 SYSTEMPATH/CodeIgniter.php(457): CodeIgniter\CodeIgniter->tryToRouteIt(null)
 6 SYSTEMPATH/CodeIgniter.php(355): CodeIgniter\CodeIgniter->handleRequest(null, Object(Config\Cache), false)
 7 SYSTEMPATH/Boot.php(325): CodeIgniter\CodeIgniter->run()
 8 SYSTEMPATH/Boot.php(67): CodeIgniter\Boot::runCodeIgniter(Object(CodeIgniter\CodeIgniter))
 9 FCPATH/index.php(56): CodeIgniter\Boot::bootWeb(Object(Config\Paths))
WARNING - 2025-11-25 12:58:49 --> [DEPRECATED] Passing lowercase HTTP method "post" is deprecated. Use uppercase HTTP method like "POST". in SYSTEMPATH/Router/RouteCollection.php on line 1027.
 1 SYSTEMPATH/Router/RouteCollection.php(1027): trigger_error('Passing lowercase HTTP method "post" is deprecated. Use uppercase HTTP method like "POST".', 16384)
 2 APPPATH/Config/Routes.php(51): CodeIgniter\Router\RouteCollection->match([...], 'compte/repondre/(:num)', 'Compte::repondre/$1')
 3 SYSTEMPATH/Router/RouteCollection.php(340): require('/home/2025DIFAL3/e22308557/public_html/V1/ci/app/Config/Routes.php')
 4 SYSTEMPATH/CodeIgniter.php(823): CodeIgniter\Router\RouteCollection->loadRoutes()
 5 SYSTEMPATH/CodeIgniter.php(457): CodeIgniter\CodeIgniter->tryToRouteIt(null)
 6 SYSTEMPATH/CodeIgniter.php(355): CodeIgniter\CodeIgniter->handleRequest(null, Object(Config\Cache), false)
 7 SYSTEMPATH/Boot.php(325): CodeIgniter\CodeIgniter->run()
 8 SYSTEMPATH/Boot.php(67): CodeIgniter\Boot::runCodeIgniter(Object(CodeIgniter\CodeIgniter))
 9 FCPATH/index.php(56): CodeIgniter\Boot::bootWeb(Object(Config\Paths))
WARNING - 2025-11-25 12:58:49 --> [DEPRECATED] Creation of dynamic property App\Controllers\Compte::$model is deprecated in APPPATH/Controllers/Compte.php on line 11.
 1 SYSTEMPATH/CodeIgniter.php(903): App\Controllers\Compte->__construct()
 2 SYSTEMPATH/CodeIgniter.php(500): CodeIgniter\CodeIgniter->createController()
 3 SYSTEMPATH/CodeIgniter.php(355): CodeIgniter\CodeIgniter->handleRequest(null, Object(Config\Cache), false)
 4 SYSTEMPATH/Boot.php(325): CodeIgniter\CodeIgniter->run()
 5 SYSTEMPATH/Boot.php(67): CodeIgniter\Boot::runCodeIgniter(Object(CodeIgniter\CodeIgniter))
 6 FCPATH/index.php(56): CodeIgniter\Boot::bootWeb(Object(Config\Paths))
INFO - 2025-11-25 12:58:49 --> Session: Class initialized using 'CodeIgniter\Session\Handlers\FileHandler' driver.
WARNING - 2025-11-25 12:58:52 --> [DEPRECATED] Passing lowercase HTTP method "get" is deprecated. Use uppercase HTTP method like "GET". in SYSTEMPATH/Router/RouteCollection.php on line 1027.
 1 SYSTEMPATH/Router/RouteCollection.php(1027): trigger_error('Passing lowercase HTTP method "get" is deprecated. Use uppercase HTTP method like "GET".', 16384)
 2 APPPATH/Config/Routes.php(51): CodeIgniter\Router\RouteCollection->match([...], 'compte/repondre/(:num)', 'Compte::repondre/$1')
 3 SYSTEMPATH/Router/RouteCollection.php(340): require('/home/2025DIFAL3/e22308557/public_html/V1/ci/app/Config/Routes.php')
 4 SYSTEMPATH/CodeIgniter.php(823): CodeIgniter\Router\RouteCollection->loadRoutes()
 5 SYSTEMPATH/CodeIgniter.php(457): CodeIgniter\CodeIgniter->tryToRouteIt(null)
 6 SYSTEMPATH/CodeIgniter.php(355): CodeIgniter\CodeIgniter->handleRequest(null, Object(Config\Cache), false)
 7 SYSTEMPATH/Boot.php(325): CodeIgniter\CodeIgniter->run()
 8 SYSTEMPATH/Boot.php(67): CodeIgniter\Boot::runCodeIgniter(Object(CodeIgniter\CodeIgniter))
 9 FCPATH/index.php(56): CodeIgniter\Boot::bootWeb(Object(Config\Paths))
WARNING - 2025-11-25 12:58:52 --> [DEPRECATED] Passing lowercase HTTP method "post" is deprecated. Use uppercase HTTP method like "POST". in SYSTEMPATH/Router/RouteCollection.php on line 1027.
 1 SYSTEMPATH/Router/RouteCollection.php(1027): trigger_error('Passing lowercase HTTP method "post" is deprecated. Use uppercase HTTP method like "POST".', 16384)
 2 APPPATH/Config/Routes.php(51): CodeIgniter\Router\RouteCollection->match([...], 'compte/repondre/(:num)', 'Compte::repondre/$1')
 3 SYSTEMPATH/Router/RouteCollection.php(340): require('/home/2025DIFAL3/e22308557/public_html/V1/ci/app/Config/Routes.php')
 4 SYSTEMPATH/CodeIgniter.php(823): CodeIgniter\Router\RouteCollection->loadRoutes()
 5 SYSTEMPATH/CodeIgniter.php(457): CodeIgniter\CodeIgniter->tryToRouteIt(null)
 6 SYSTEMPATH/CodeIgniter.php(355): CodeIgniter\CodeIgniter->handleRequest(null, Object(Config\Cache), false)
 7 SYSTEMPATH/Boot.php(325): CodeIgniter\CodeIgniter->run()
 8 SYSTEMPATH/Boot.php(67): CodeIgniter\Boot::runCodeIgniter(Object(CodeIgniter\CodeIgniter))
 9 FCPATH/index.php(56): CodeIgniter\Boot::bootWeb(Object(Config\Paths))
WARNING - 2025-11-25 12:58:52 --> [DEPRECATED] Creation of dynamic property App\Controllers\Compte::$model is deprecated in APPPATH/Controllers/Compte.php on line 11.
 1 SYSTEMPATH/CodeIgniter.php(903): App\Controllers\Compte->__construct()
 2 SYSTEMPATH/CodeIgniter.php(500): CodeIgniter\CodeIgniter->createController()
 3 SYSTEMPATH/CodeIgniter.php(355): CodeIgniter\CodeIgniter->handleRequest(null, Object(Config\Cache), false)
 4 SYSTEMPATH/Boot.php(325): CodeIgniter\CodeIgniter->run()
 5 SYSTEMPATH/Boot.php(67): CodeIgniter\Boot::runCodeIgniter(Object(CodeIgniter\CodeIgniter))
 6 FCPATH/index.php(56): CodeIgniter\Boot::bootWeb(Object(Config\Paths))
INFO - 2025-11-25 12:58:52 --> Session: Class initialized using 'CodeIgniter\Session\Handlers\FileHandler' driver.
WARNING - 2025-11-25 12:59:04 --> [DEPRECATED] Passing lowercase HTTP method "get" is deprecated. Use uppercase HTTP method like "GET". in SYSTEMPATH/Router/RouteCollection.php on line 1027.
 1 SYSTEMPATH/Router/RouteCollection.php(1027): trigger_error('Passing lowercase HTTP method "get" is deprecated. Use uppercase HTTP method like "GET".', 16384)
 2 APPPATH/Config/Routes.php(51): CodeIgniter\Router\RouteCollection->match([...], 'compte/repondre/(:num)', 'Compte::repondre/$1')
 3 SYSTEMPATH/Router/RouteCollection.php(340): require('/home/2025DIFAL3/e22308557/public_html/V1/ci/app/Config/Routes.php')
 4 SYSTEMPATH/CodeIgniter.php(823): CodeIgniter\Router\RouteCollection->loadRoutes()
 5 SYSTEMPATH/CodeIgniter.php(457): CodeIgniter\CodeIgniter->tryToRouteIt(null)
 6 SYSTEMPATH/CodeIgniter.php(355): CodeIgniter\CodeIgniter->handleRequest(null, Object(Config\Cache), false)
 7 SYSTEMPATH/Boot.php(325): CodeIgniter\CodeIgniter->run()
 8 SYSTEMPATH/Boot.php(67): CodeIgniter\Boot::runCodeIgniter(Object(CodeIgniter\CodeIgniter))
 9 FCPATH/index.php(56): CodeIgniter\Boot::bootWeb(Object(Config\Paths))
WARNING - 2025-11-25 12:59:04 --> [DEPRECATED] Passing lowercase HTTP method "post" is deprecated. Use uppercase HTTP method like "POST". in SYSTEMPATH/Router/RouteCollection.php on line 1027.
 1 SYSTEMPATH/Router/RouteCollection.php(1027): trigger_error('Passing lowercase HTTP method "post" is deprecated. Use uppercase HTTP method like "POST".', 16384)
 2 APPPATH/Config/Routes.php(51): CodeIgniter\Router\RouteCollection->match([...], 'compte/repondre/(:num)', 'Compte::repondre/$1')
 3 SYSTEMPATH/Router/RouteCollection.php(340): require('/home/2025DIFAL3/e22308557/public_html/V1/ci/app/Config/Routes.php')
 4 SYSTEMPATH/CodeIgniter.php(823): CodeIgniter\Router\RouteCollection->loadRoutes()
 5 SYSTEMPATH/CodeIgniter.php(457): CodeIgniter\CodeIgniter->tryToRouteIt(null)
 6 SYSTEMPATH/CodeIgniter.php(355): CodeIgniter\CodeIgniter->handleRequest(null, Object(Config\Cache), false)
 7 SYSTEMPATH/Boot.php(325): CodeIgniter\CodeIgniter->run()
 8 SYSTEMPATH/Boot.php(67): CodeIgniter\Boot::runCodeIgniter(Object(CodeIgniter\CodeIgniter))
 9 FCPATH/index.php(56): CodeIgniter\Boot::bootWeb(Object(Config\Paths))
WARNING - 2025-11-25 12:59:04 --> [DEPRECATED] Creation of dynamic property App\Controllers\Compte::$model is deprecated in APPPATH/Controllers/Compte.php on line 11.
 1 SYSTEMPATH/CodeIgniter.php(903): App\Controllers\Compte->__construct()
 2 SYSTEMPATH/CodeIgniter.php(500): CodeIgniter\CodeIgniter->createController()
 3 SYSTEMPATH/CodeIgniter.php(355): CodeIgniter\CodeIgniter->handleRequest(null, Object(Config\Cache), false)
 4 SYSTEMPATH/Boot.php(325): CodeIgniter\CodeIgniter->run()
 5 SYSTEMPATH/Boot.php(67): CodeIgniter\Boot::runCodeIgniter(Object(CodeIgniter\CodeIgniter))
 6 FCPATH/index.php(56): CodeIgniter\Boot::bootWeb(Object(Config\Paths))
INFO - 2025-11-25 12:59:04 --> Session: Class initialized using 'CodeIgniter\Session\Handlers\FileHandler' driver.
WARNING - 2025-11-25 12:59:09 --> [DEPRECATED] Passing lowercase HTTP method "get" is deprecated. Use uppercase HTTP method like "GET". in SYSTEMPATH/Router/RouteCollection.php on line 1027.
 1 SYSTEMPATH/Router/RouteCollection.php(1027): trigger_error('Passing lowercase HTTP method "get" is deprecated. Use uppercase HTTP method like "GET".', 16384)
 2 APPPATH/Config/Routes.php(51): CodeIgniter\Router\RouteCollection->match([...], 'compte/repondre/(:num)', 'Compte::repondre/$1')
 3 SYSTEMPATH/Router/RouteCollection.php(340): require('/home/2025DIFAL3/e22308557/public_html/V1/ci/app/Config/Routes.php')
 4 SYSTEMPATH/CodeIgniter.php(823): CodeIgniter\Router\RouteCollection->loadRoutes()
 5 SYSTEMPATH/CodeIgniter.php(457): CodeIgniter\CodeIgniter->tryToRouteIt(null)
 6 SYSTEMPATH/CodeIgniter.php(355): CodeIgniter\CodeIgniter->handleRequest(null, Object(Config\Cache), false)
 7 SYSTEMPATH/Boot.php(325): CodeIgniter\CodeIgniter->run()
 8 SYSTEMPATH/Boot.php(67): CodeIgniter\Boot::runCodeIgniter(Object(CodeIgniter\CodeIgniter))
 9 FCPATH/index.php(56): CodeIgniter\Boot::bootWeb(Object(Config\Paths))
WARNING - 2025-11-25 12:59:09 --> [DEPRECATED] Passing lowercase HTTP method "post" is deprecated. Use uppercase HTTP method like "POST". in SYSTEMPATH/Router/RouteCollection.php on line 1027.
 1 SYSTEMPATH/Router/RouteCollection.php(1027): trigger_error('Passing lowercase HTTP method "post" is deprecated. Use uppercase HTTP method like "POST".', 16384)
 2 APPPATH/Config/Routes.php(51): CodeIgniter\Router\RouteCollection->match([...], 'compte/repondre/(:num)', 'Compte::repondre/$1')
 3 SYSTEMPATH/Router/RouteCollection.php(340): require('/home/2025DIFAL3/e22308557/public_html/V1/ci/app/Config/Routes.php')
 4 SYSTEMPATH/CodeIgniter.php(823): CodeIgniter\Router\RouteCollection->loadRoutes()
 5 SYSTEMPATH/CodeIgniter.php(457): CodeIgniter\CodeIgniter->tryToRouteIt(null)
 6 SYSTEMPATH/CodeIgniter.php(355): CodeIgniter\CodeIgniter->handleRequest(null, Object(Config\Cache), false)
 7 SYSTEMPATH/Boot.php(325): CodeIgniter\CodeIgniter->run()
 8 SYSTEMPATH/Boot.php(67): CodeIgniter\Boot::runCodeIgniter(Object(CodeIgniter\CodeIgniter))
 9 FCPATH/index.php(56): CodeIgniter\Boot::bootWeb(Object(Config\Paths))
WARNING - 2025-11-25 12:59:09 --> [DEPRECATED] Creation of dynamic property App\Controllers\Compte::$model is deprecated in APPPATH/Controllers/Compte.php on line 11.
 1 SYSTEMPATH/CodeIgniter.php(903): App\Controllers\Compte->__construct()
 2 SYSTEMPATH/CodeIgniter.php(500): CodeIgniter\CodeIgniter->createController()
 3 SYSTEMPATH/CodeIgniter.php(355): CodeIgniter\CodeIgniter->handleRequest(null, Object(Config\Cache), false)
 4 SYSTEMPATH/Boot.php(325): CodeIgniter\CodeIgniter->run()
 5 SYSTEMPATH/Boot.php(67): CodeIgniter\Boot::runCodeIgniter(Object(CodeIgniter\CodeIgniter))
 6 FCPATH/index.php(56): CodeIgniter\Boot::bootWeb(Object(Config\Paths))
INFO - 2025-11-25 12:59:09 --> Session: Class initialized using 'CodeIgniter\Session\Handlers\FileHandler' driver.
WARNING - 2025-11-25 12:59:10 --> [DEPRECATED] Passing lowercase HTTP method "get" is deprecated. Use uppercase HTTP method like "GET". in SYSTEMPATH/Router/RouteCollection.php on line 1027.
 1 SYSTEMPATH/Router/RouteCollection.php(1027): trigger_error('Passing lowercase HTTP method "get" is deprecated. Use uppercase HTTP method like "GET".', 16384)
 2 APPPATH/Config/Routes.php(51): CodeIgniter\Router\RouteCollection->match([...], 'compte/repondre/(:num)', 'Compte::repondre/$1')
 3 SYSTEMPATH/Router/RouteCollection.php(340): require('/home/2025DIFAL3/e22308557/public_html/V1/ci/app/Config/Routes.php')
 4 SYSTEMPATH/CodeIgniter.php(823): CodeIgniter\Router\RouteCollection->loadRoutes()
 5 SYSTEMPATH/CodeIgniter.php(457): CodeIgniter\CodeIgniter->tryToRouteIt(null)
 6 SYSTEMPATH/CodeIgniter.php(355): CodeIgniter\CodeIgniter->handleRequest(null, Object(Config\Cache), false)
 7 SYSTEMPATH/Boot.php(325): CodeIgniter\CodeIgniter->run()
 8 SYSTEMPATH/Boot.php(67): CodeIgniter\Boot::runCodeIgniter(Object(CodeIgniter\CodeIgniter))
 9 FCPATH/index.php(56): CodeIgniter\Boot::bootWeb(Object(Config\Paths))
WARNING - 2025-11-25 12:59:10 --> [DEPRECATED] Passing lowercase HTTP method "post" is deprecated. Use uppercase HTTP method like "POST". in SYSTEMPATH/Router/RouteCollection.php on line 1027.
 1 SYSTEMPATH/Router/RouteCollection.php(1027): trigger_error('Passing lowercase HTTP method "post" is deprecated. Use uppercase HTTP method like "POST".', 16384)
 2 APPPATH/Config/Routes.php(51): CodeIgniter\Router\RouteCollection->match([...], 'compte/repondre/(:num)', 'Compte::repondre/$1')
 3 SYSTEMPATH/Router/RouteCollection.php(340): require('/home/2025DIFAL3/e22308557/public_html/V1/ci/app/Config/Routes.php')
 4 SYSTEMPATH/CodeIgniter.php(823): CodeIgniter\Router\RouteCollection->loadRoutes()
 5 SYSTEMPATH/CodeIgniter.php(457): CodeIgniter\CodeIgniter->tryToRouteIt(null)
 6 SYSTEMPATH/CodeIgniter.php(355): CodeIgniter\CodeIgniter->handleRequest(null, Object(Config\Cache), false)
 7 SYSTEMPATH/Boot.php(325): CodeIgniter\CodeIgniter->run()
 8 SYSTEMPATH/Boot.php(67): CodeIgniter\Boot::runCodeIgniter(Object(CodeIgniter\CodeIgniter))
 9 FCPATH/index.php(56): CodeIgniter\Boot::bootWeb(Object(Config\Paths))
WARNING - 2025-11-25 12:59:10 --> [DEPRECATED] Creation of dynamic property App\Controllers\Compte::$model is deprecated in APPPATH/Controllers/Compte.php on line 11.
 1 SYSTEMPATH/CodeIgniter.php(903): App\Controllers\Compte->__construct()
 2 SYSTEMPATH/CodeIgniter.php(500): CodeIgniter\CodeIgniter->createController()
 3 SYSTEMPATH/CodeIgniter.php(355): CodeIgniter\CodeIgniter->handleRequest(null, Object(Config\Cache), false)
 4 SYSTEMPATH/Boot.php(325): CodeIgniter\CodeIgniter->run()
 5 SYSTEMPATH/Boot.php(67): CodeIgniter\Boot::runCodeIgniter(Object(CodeIgniter\CodeIgniter))
 6 FCPATH/index.php(56): CodeIgniter\Boot::bootWeb(Object(Config\Paths))
INFO - 2025-11-25 12:59:10 --> Session: Class initialized using 'CodeIgniter\Session\Handlers\FileHandler' driver.
WARNING - 2025-11-25 12:59:20 --> [DEPRECATED] Passing lowercase HTTP method "get" is deprecated. Use uppercase HTTP method like "GET". in SYSTEMPATH/Router/RouteCollection.php on line 1027.
 1 SYSTEMPATH/Router/RouteCollection.php(1027): trigger_error('Passing lowercase HTTP method "get" is deprecated. Use uppercase HTTP method like "GET".', 16384)
 2 APPPATH/Config/Routes.php(51): CodeIgniter\Router\RouteCollection->match([...], 'compte/repondre/(:num)', 'Compte::repondre/$1')
 3 SYSTEMPATH/Router/RouteCollection.php(340): require('/home/2025DIFAL3/e22308557/public_html/V1/ci/app/Config/Routes.php')
 4 SYSTEMPATH/CodeIgniter.php(823): CodeIgniter\Router\RouteCollection->loadRoutes()
 5 SYSTEMPATH/CodeIgniter.php(457): CodeIgniter\CodeIgniter->tryToRouteIt(null)
 6 SYSTEMPATH/CodeIgniter.php(355): CodeIgniter\CodeIgniter->handleRequest(null, Object(Config\Cache), false)
 7 SYSTEMPATH/Boot.php(325): CodeIgniter\CodeIgniter->run()
 8 SYSTEMPATH/Boot.php(67): CodeIgniter\Boot::runCodeIgniter(Object(CodeIgniter\CodeIgniter))
 9 FCPATH/index.php(56): CodeIgniter\Boot::bootWeb(Object(Config\Paths))
WARNING - 2025-11-25 12:59:20 --> [DEPRECATED] Passing lowercase HTTP method "post" is deprecated. Use uppercase HTTP method like "POST". in SYSTEMPATH/Router/RouteCollection.php on line 1027.
 1 SYSTEMPATH/Router/RouteCollection.php(1027): trigger_error('Passing lowercase HTTP method "post" is deprecated. Use uppercase HTTP method like "POST".', 16384)
 2 APPPATH/Config/Routes.php(51): CodeIgniter\Router\RouteCollection->match([...], 'compte/repondre/(:num)', 'Compte::repondre/$1')
 3 SYSTEMPATH/Router/RouteCollection.php(340): require('/home/2025DIFAL3/e22308557/public_html/V1/ci/app/Config/Routes.php')
 4 SYSTEMPATH/CodeIgniter.php(823): CodeIgniter\Router\RouteCollection->loadRoutes()
 5 SYSTEMPATH/CodeIgniter.php(457): CodeIgniter\CodeIgniter->tryToRouteIt(null)
 6 SYSTEMPATH/CodeIgniter.php(355): CodeIgniter\CodeIgniter->handleRequest(null, Object(Config\Cache), false)
 7 SYSTEMPATH/Boot.php(325): CodeIgniter\CodeIgniter->run()
 8 SYSTEMPATH/Boot.php(67): CodeIgniter\Boot::runCodeIgniter(Object(CodeIgniter\CodeIgniter))
 9 FCPATH/index.php(56): CodeIgniter\Boot::bootWeb(Object(Config\Paths))
WARNING - 2025-11-25 12:59:20 --> [DEPRECATED] Creation of dynamic property App\Controllers\Compte::$model is deprecated in APPPATH/Controllers/Compte.php on line 11.
 1 SYSTEMPATH/CodeIgniter.php(903): App\Controllers\Compte->__construct()
 2 SYSTEMPATH/CodeIgniter.php(500): CodeIgniter\CodeIgniter->createController()
 3 SYSTEMPATH/CodeIgniter.php(355): CodeIgniter\CodeIgniter->handleRequest(null, Object(Config\Cache), false)
 4 SYSTEMPATH/Boot.php(325): CodeIgniter\CodeIgniter->run()
 5 SYSTEMPATH/Boot.php(67): CodeIgniter\Boot::runCodeIgniter(Object(CodeIgniter\CodeIgniter))
 6 FCPATH/index.php(56): CodeIgniter\Boot::bootWeb(Object(Config\Paths))
INFO - 2025-11-25 12:59:20 --> Session: Class initialized using 'CodeIgniter\Session\Handlers\FileHandler' driver.
WARNING - 2025-11-25 12:59:26 --> [DEPRECATED] Passing lowercase HTTP method "get" is deprecated. Use uppercase HTTP method like "GET". in SYSTEMPATH/Router/RouteCollection.php on line 1027.
 1 SYSTEMPATH/Router/RouteCollection.php(1027): trigger_error('Passing lowercase HTTP method "get" is deprecated. Use uppercase HTTP method like "GET".', 16384)
 2 APPPATH/Config/Routes.php(51): CodeIgniter\Router\RouteCollection->match([...], 'compte/repondre/(:num)', 'Compte::repondre/$1')
 3 SYSTEMPATH/Router/RouteCollection.php(340): require('/home/2025DIFAL3/e22308557/public_html/V1/ci/app/Config/Routes.php')
 4 SYSTEMPATH/CodeIgniter.php(823): CodeIgniter\Router\RouteCollection->loadRoutes()
 5 SYSTEMPATH/CodeIgniter.php(457): CodeIgniter\CodeIgniter->tryToRouteIt(null)
 6 SYSTEMPATH/CodeIgniter.php(355): CodeIgniter\CodeIgniter->handleRequest(null, Object(Config\Cache), false)
 7 SYSTEMPATH/Boot.php(325): CodeIgniter\CodeIgniter->run()
 8 SYSTEMPATH/Boot.php(67): CodeIgniter\Boot::runCodeIgniter(Object(CodeIgniter\CodeIgniter))
 9 FCPATH/index.php(56): CodeIgniter\Boot::bootWeb(Object(Config\Paths))
WARNING - 2025-11-25 12:59:26 --> [DEPRECATED] Passing lowercase HTTP method "post" is deprecated. Use uppercase HTTP method like "POST". in SYSTEMPATH/Router/RouteCollection.php on line 1027.
 1 SYSTEMPATH/Router/RouteCollection.php(1027): trigger_error('Passing lowercase HTTP method "post" is deprecated. Use uppercase HTTP method like "POST".', 16384)
 2 APPPATH/Config/Routes.php(51): CodeIgniter\Router\RouteCollection->match([...], 'compte/repondre/(:num)', 'Compte::repondre/$1')
 3 SYSTEMPATH/Router/RouteCollection.php(340): require('/home/2025DIFAL3/e22308557/public_html/V1/ci/app/Config/Routes.php')
 4 SYSTEMPATH/CodeIgniter.php(823): CodeIgniter\Router\RouteCollection->loadRoutes()
 5 SYSTEMPATH/CodeIgniter.php(457): CodeIgniter\CodeIgniter->tryToRouteIt(null)
 6 SYSTEMPATH/CodeIgniter.php(355): CodeIgniter\CodeIgniter->handleRequest(null, Object(Config\Cache), false)
 7 SYSTEMPATH/Boot.php(325): CodeIgniter\CodeIgniter->run()
 8 SYSTEMPATH/Boot.php(67): CodeIgniter\Boot::runCodeIgniter(Object(CodeIgniter\CodeIgniter))
 9 FCPATH/index.php(56): CodeIgniter\Boot::bootWeb(Object(Config\Paths))
WARNING - 2025-11-25 12:59:26 --> [DEPRECATED] Creation of dynamic property App\Controllers\Compte::$model is deprecated in APPPATH/Controllers/Compte.php on line 11.
 1 SYSTEMPATH/CodeIgniter.php(903): App\Controllers\Compte->__construct()
 2 SYSTEMPATH/CodeIgniter.php(500): CodeIgniter\CodeIgniter->createController()
 3 SYSTEMPATH/CodeIgniter.php(355): CodeIgniter\CodeIgniter->handleRequest(null, Object(Config\Cache), false)
 4 SYSTEMPATH/Boot.php(325): CodeIgniter\CodeIgniter->run()
 5 SYSTEMPATH/Boot.php(67): CodeIgniter\Boot::runCodeIgniter(Object(CodeIgniter\CodeIgniter))
 6 FCPATH/index.php(56): CodeIgniter\Boot::bootWeb(Object(Config\Paths))
INFO - 2025-11-25 12:59:26 --> Session: Class initialized using 'CodeIgniter\Session\Handlers\FileHandler' driver.
WARNING - 2025-11-25 12:59:29 --> [DEPRECATED] Passing lowercase HTTP method "get" is deprecated. Use uppercase HTTP method like "GET". in SYSTEMPATH/Router/RouteCollection.php on line 1027.
 1 SYSTEMPATH/Router/RouteCollection.php(1027): trigger_error('Passing lowercase HTTP method "get" is deprecated. Use uppercase HTTP method like "GET".', 16384)
 2 APPPATH/Config/Routes.php(51): CodeIgniter\Router\RouteCollection->match([...], 'compte/repondre/(:num)', 'Compte::repondre/$1')
 3 SYSTEMPATH/Router/RouteCollection.php(340): require('/home/2025DIFAL3/e22308557/public_html/V1/ci/app/Config/Routes.php')
 4 SYSTEMPATH/CodeIgniter.php(823): CodeIgniter\Router\RouteCollection->loadRoutes()
 5 SYSTEMPATH/CodeIgniter.php(457): CodeIgniter\CodeIgniter->tryToRouteIt(null)
 6 SYSTEMPATH/CodeIgniter.php(355): CodeIgniter\CodeIgniter->handleRequest(null, Object(Config\Cache), false)
 7 SYSTEMPATH/Boot.php(325): CodeIgniter\CodeIgniter->run()
 8 SYSTEMPATH/Boot.php(67): CodeIgniter\Boot::runCodeIgniter(Object(CodeIgniter\CodeIgniter))
 9 FCPATH/index.php(56): CodeIgniter\Boot::bootWeb(Object(Config\Paths))
WARNING - 2025-11-25 12:59:29 --> [DEPRECATED] Passing lowercase HTTP method "post" is deprecated. Use uppercase HTTP method like "POST". in SYSTEMPATH/Router/RouteCollection.php on line 1027.
 1 SYSTEMPATH/Router/RouteCollection.php(1027): trigger_error('Passing lowercase HTTP method "post" is deprecated. Use uppercase HTTP method like "POST".', 16384)
 2 APPPATH/Config/Routes.php(51): CodeIgniter\Router\RouteCollection->match([...], 'compte/repondre/(:num)', 'Compte::repondre/$1')
 3 SYSTEMPATH/Router/RouteCollection.php(340): require('/home/2025DIFAL3/e22308557/public_html/V1/ci/app/Config/Routes.php')
 4 SYSTEMPATH/CodeIgniter.php(823): CodeIgniter\Router\RouteCollection->loadRoutes()
 5 SYSTEMPATH/CodeIgniter.php(457): CodeIgniter\CodeIgniter->tryToRouteIt(null)
 6 SYSTEMPATH/CodeIgniter.php(355): CodeIgniter\CodeIgniter->handleRequest(null, Object(Config\Cache), false)
 7 SYSTEMPATH/Boot.php(325): CodeIgniter\CodeIgniter->run()
 8 SYSTEMPATH/Boot.php(67): CodeIgniter\Boot::runCodeIgniter(Object(CodeIgniter\CodeIgniter))
 9 FCPATH/index.php(56): CodeIgniter\Boot::bootWeb(Object(Config\Paths))
WARNING - 2025-11-25 12:59:29 --> [DEPRECATED] Creation of dynamic property App\Controllers\Compte::$model is deprecated in APPPATH/Controllers/Compte.php on line 11.
 1 SYSTEMPATH/CodeIgniter.php(903): App\Controllers\Compte->__construct()
 2 SYSTEMPATH/CodeIgniter.php(500): CodeIgniter\CodeIgniter->createController()
 3 SYSTEMPATH/CodeIgniter.php(355): CodeIgniter\CodeIgniter->handleRequest(null, Object(Config\Cache), false)
 4 SYSTEMPATH/Boot.php(325): CodeIgniter\CodeIgniter->run()
 5 SYSTEMPATH/Boot.php(67): CodeIgniter\Boot::runCodeIgniter(Object(CodeIgniter\CodeIgniter))
 6 FCPATH/index.php(56): CodeIgniter\Boot::bootWeb(Object(Config\Paths))
INFO - 2025-11-25 12:59:29 --> Session: Class initialized using 'CodeIgniter\Session\Handlers\FileHandler' driver.
WARNING - 2025-11-25 12:59:33 --> [DEPRECATED] Passing lowercase HTTP method "get" is deprecated. Use uppercase HTTP method like "GET". in SYSTEMPATH/Router/RouteCollection.php on line 1027.
 1 SYSTEMPATH/Router/RouteCollection.php(1027): trigger_error('Passing lowercase HTTP method "get" is deprecated. Use uppercase HTTP method like "GET".', 16384)
 2 APPPATH/Config/Routes.php(51): CodeIgniter\Router\RouteCollection->match([...], 'compte/repondre/(:num)', 'Compte::repondre/$1')
 3 SYSTEMPATH/Router/RouteCollection.php(340): require('/home/2025DIFAL3/e22308557/public_html/V1/ci/app/Config/Routes.php')
 4 SYSTEMPATH/CodeIgniter.php(823): CodeIgniter\Router\RouteCollection->loadRoutes()
 5 SYSTEMPATH/CodeIgniter.php(457): CodeIgniter\CodeIgniter->tryToRouteIt(null)
 6 SYSTEMPATH/CodeIgniter.php(355): CodeIgniter\CodeIgniter->handleRequest(null, Object(Config\Cache), false)
 7 SYSTEMPATH/Boot.php(325): CodeIgniter\CodeIgniter->run()
 8 SYSTEMPATH/Boot.php(67): CodeIgniter\Boot::runCodeIgniter(Object(CodeIgniter\CodeIgniter))
 9 FCPATH/index.php(56): CodeIgniter\Boot::bootWeb(Object(Config\Paths))
WARNING - 2025-11-25 12:59:33 --> [DEPRECATED] Passing lowercase HTTP method "post" is deprecated. Use uppercase HTTP method like "POST". in SYSTEMPATH/Router/RouteCollection.php on line 1027.
 1 SYSTEMPATH/Router/RouteCollection.php(1027): trigger_error('Passing lowercase HTTP method "post" is deprecated. Use uppercase HTTP method like "POST".', 16384)
 2 APPPATH/Config/Routes.php(51): CodeIgniter\Router\RouteCollection->match([...], 'compte/repondre/(:num)', 'Compte::repondre/$1')
 3 SYSTEMPATH/Router/RouteCollection.php(340): require('/home/2025DIFAL3/e22308557/public_html/V1/ci/app/Config/Routes.php')
 4 SYSTEMPATH/CodeIgniter.php(823): CodeIgniter\Router\RouteCollection->loadRoutes()
 5 SYSTEMPATH/CodeIgniter.php(457): CodeIgniter\CodeIgniter->tryToRouteIt(null)
 6 SYSTEMPATH/CodeIgniter.php(355): CodeIgniter\CodeIgniter->handleRequest(null, Object(Config\Cache), false)
 7 SYSTEMPATH/Boot.php(325): CodeIgniter\CodeIgniter->run()
 8 SYSTEMPATH/Boot.php(67): CodeIgniter\Boot::runCodeIgniter(Object(CodeIgniter\CodeIgniter))
 9 FCPATH/index.php(56): CodeIgniter\Boot::bootWeb(Object(Config\Paths))
WARNING - 2025-11-25 12:59:33 --> [DEPRECATED] Creation of dynamic property App\Controllers\Compte::$model is deprecated in APPPATH/Controllers/Compte.php on line 11.
 1 SYSTEMPATH/CodeIgniter.php(903): App\Controllers\Compte->__construct()
 2 SYSTEMPATH/CodeIgniter.php(500): CodeIgniter\CodeIgniter->createController()
 3 SYSTEMPATH/CodeIgniter.php(355): CodeIgniter\CodeIgniter->handleRequest(null, Object(Config\Cache), false)
 4 SYSTEMPATH/Boot.php(325): CodeIgniter\CodeIgniter->run()
 5 SYSTEMPATH/Boot.php(67): CodeIgniter\Boot::runCodeIgniter(Object(CodeIgniter\CodeIgniter))
 6 FCPATH/index.php(56): CodeIgniter\Boot::bootWeb(Object(Config\Paths))
INFO - 2025-11-25 12:59:33 --> Session: Class initialized using 'CodeIgniter\Session\Handlers\FileHandler' driver.
WARNING - 2025-11-25 12:59:36 --> [DEPRECATED] Passing lowercase HTTP method "get" is deprecated. Use uppercase HTTP method like "GET". in SYSTEMPATH/Router/RouteCollection.php on line 1027.
 1 SYSTEMPATH/Router/RouteCollection.php(1027): trigger_error('Passing lowercase HTTP method "get" is deprecated. Use uppercase HTTP method like "GET".', 16384)
 2 APPPATH/Config/Routes.php(51): CodeIgniter\Router\RouteCollection->match([...], 'compte/repondre/(:num)', 'Compte::repondre/$1')
 3 SYSTEMPATH/Router/RouteCollection.php(340): require('/home/2025DIFAL3/e22308557/public_html/V1/ci/app/Config/Routes.php')
 4 SYSTEMPATH/CodeIgniter.php(823): CodeIgniter\Router\RouteCollection->loadRoutes()
 5 SYSTEMPATH/CodeIgniter.php(457): CodeIgniter\CodeIgniter->tryToRouteIt(null)
 6 SYSTEMPATH/CodeIgniter.php(355): CodeIgniter\CodeIgniter->handleRequest(null, Object(Config\Cache), false)
 7 SYSTEMPATH/Boot.php(325): CodeIgniter\CodeIgniter->run()
 8 SYSTEMPATH/Boot.php(67): CodeIgniter\Boot::runCodeIgniter(Object(CodeIgniter\CodeIgniter))
 9 FCPATH/index.php(56): CodeIgniter\Boot::bootWeb(Object(Config\Paths))
WARNING - 2025-11-25 12:59:36 --> [DEPRECATED] Passing lowercase HTTP method "post" is deprecated. Use uppercase HTTP method like "POST". in SYSTEMPATH/Router/RouteCollection.php on line 1027.
 1 SYSTEMPATH/Router/RouteCollection.php(1027): trigger_error('Passing lowercase HTTP method "post" is deprecated. Use uppercase HTTP method like "POST".', 16384)
 2 APPPATH/Config/Routes.php(51): CodeIgniter\Router\RouteCollection->match([...], 'compte/repondre/(:num)', 'Compte::repondre/$1')
 3 SYSTEMPATH/Router/RouteCollection.php(340): require('/home/2025DIFAL3/e22308557/public_html/V1/ci/app/Config/Routes.php')
 4 SYSTEMPATH/CodeIgniter.php(823): CodeIgniter\Router\RouteCollection->loadRoutes()
 5 SYSTEMPATH/CodeIgniter.php(457): CodeIgniter\CodeIgniter->tryToRouteIt(null)
 6 SYSTEMPATH/CodeIgniter.php(355): CodeIgniter\CodeIgniter->handleRequest(null, Object(Config\Cache), false)
 7 SYSTEMPATH/Boot.php(325): CodeIgniter\CodeIgniter->run()
 8 SYSTEMPATH/Boot.php(67): CodeIgniter\Boot::runCodeIgniter(Object(CodeIgniter\CodeIgniter))
 9 FCPATH/index.php(56): CodeIgniter\Boot::bootWeb(Object(Config\Paths))
WARNING - 2025-11-25 12:59:36 --> [DEPRECATED] Creation of dynamic property App\Controllers\Compte::$model is deprecated in APPPATH/Controllers/Compte.php on line 11.
 1 SYSTEMPATH/CodeIgniter.php(903): App\Controllers\Compte->__construct()
 2 SYSTEMPATH/CodeIgniter.php(500): CodeIgniter\CodeIgniter->createController()
 3 SYSTEMPATH/CodeIgniter.php(355): CodeIgniter\CodeIgniter->handleRequest(null, Object(Config\Cache), false)
 4 SYSTEMPATH/Boot.php(325): CodeIgniter\CodeIgniter->run()
 5 SYSTEMPATH/Boot.php(67): CodeIgniter\Boot::runCodeIgniter(Object(CodeIgniter\CodeIgniter))
 6 FCPATH/index.php(56): CodeIgniter\Boot::bootWeb(Object(Config\Paths))
INFO - 2025-11-25 12:59:36 --> Session: Class initialized using 'CodeIgniter\Session\Handlers\FileHandler' driver.
WARNING - 2025-11-25 12:59:38 --> [DEPRECATED] Passing lowercase HTTP method "get" is deprecated. Use uppercase HTTP method like "GET". in SYSTEMPATH/Router/RouteCollection.php on line 1027.
 1 SYSTEMPATH/Router/RouteCollection.php(1027): trigger_error('Passing lowercase HTTP method "get" is deprecated. Use uppercase HTTP method like "GET".', 16384)
 2 APPPATH/Config/Routes.php(51): CodeIgniter\Router\RouteCollection->match([...], 'compte/repondre/(:num)', 'Compte::repondre/$1')
 3 SYSTEMPATH/Router/RouteCollection.php(340): require('/home/2025DIFAL3/e22308557/public_html/V1/ci/app/Config/Routes.php')
 4 SYSTEMPATH/CodeIgniter.php(823): CodeIgniter\Router\RouteCollection->loadRoutes()
 5 SYSTEMPATH/CodeIgniter.php(457): CodeIgniter\CodeIgniter->tryToRouteIt(null)
 6 SYSTEMPATH/CodeIgniter.php(355): CodeIgniter\CodeIgniter->handleRequest(null, Object(Config\Cache), false)
 7 SYSTEMPATH/Boot.php(325): CodeIgniter\CodeIgniter->run()
 8 SYSTEMPATH/Boot.php(67): CodeIgniter\Boot::runCodeIgniter(Object(CodeIgniter\CodeIgniter))
 9 FCPATH/index.php(56): CodeIgniter\Boot::bootWeb(Object(Config\Paths))
WARNING - 2025-11-25 12:59:38 --> [DEPRECATED] Passing lowercase HTTP method "post" is deprecated. Use uppercase HTTP method like "POST". in SYSTEMPATH/Router/RouteCollection.php on line 1027.
 1 SYSTEMPATH/Router/RouteCollection.php(1027): trigger_error('Passing lowercase HTTP method "post" is deprecated. Use uppercase HTTP method like "POST".', 16384)
 2 APPPATH/Config/Routes.php(51): CodeIgniter\Router\RouteCollection->match([...], 'compte/repondre/(:num)', 'Compte::repondre/$1')
 3 SYSTEMPATH/Router/RouteCollection.php(340): require('/home/2025DIFAL3/e22308557/public_html/V1/ci/app/Config/Routes.php')
 4 SYSTEMPATH/CodeIgniter.php(823): CodeIgniter\Router\RouteCollection->loadRoutes()
 5 SYSTEMPATH/CodeIgniter.php(457): CodeIgniter\CodeIgniter->tryToRouteIt(null)
 6 SYSTEMPATH/CodeIgniter.php(355): CodeIgniter\CodeIgniter->handleRequest(null, Object(Config\Cache), false)
 7 SYSTEMPATH/Boot.php(325): CodeIgniter\CodeIgniter->run()
 8 SYSTEMPATH/Boot.php(67): CodeIgniter\Boot::runCodeIgniter(Object(CodeIgniter\CodeIgniter))
 9 FCPATH/index.php(56): CodeIgniter\Boot::bootWeb(Object(Config\Paths))
WARNING - 2025-11-25 12:59:38 --> [DEPRECATED] Creation of dynamic property App\Controllers\Compte::$model is deprecated in APPPATH/Controllers/Compte.php on line 11.
 1 SYSTEMPATH/CodeIgniter.php(903): App\Controllers\Compte->__construct()
 2 SYSTEMPATH/CodeIgniter.php(500): CodeIgniter\CodeIgniter->createController()
 3 SYSTEMPATH/CodeIgniter.php(355): CodeIgniter\CodeIgniter->handleRequest(null, Object(Config\Cache), false)
 4 SYSTEMPATH/Boot.php(325): CodeIgniter\CodeIgniter->run()
 5 SYSTEMPATH/Boot.php(67): CodeIgniter\Boot::runCodeIgniter(Object(CodeIgniter\CodeIgniter))
 6 FCPATH/index.php(56): CodeIgniter\Boot::bootWeb(Object(Config\Paths))
INFO - 2025-11-25 12:59:38 --> Session: Class initialized using 'CodeIgniter\Session\Handlers\FileHandler' driver.
WARNING - 2025-11-25 12:59:41 --> [DEPRECATED] Passing lowercase HTTP method "get" is deprecated. Use uppercase HTTP method like "GET". in SYSTEMPATH/Router/RouteCollection.php on line 1027.
 1 SYSTEMPATH/Router/RouteCollection.php(1027): trigger_error('Passing lowercase HTTP method "get" is deprecated. Use uppercase HTTP method like "GET".', 16384)
 2 APPPATH/Config/Routes.php(51): CodeIgniter\Router\RouteCollection->match([...], 'compte/repondre/(:num)', 'Compte::repondre/$1')
 3 SYSTEMPATH/Router/RouteCollection.php(340): require('/home/2025DIFAL3/e22308557/public_html/V1/ci/app/Config/Routes.php')
 4 SYSTEMPATH/CodeIgniter.php(823): CodeIgniter\Router\RouteCollection->loadRoutes()
 5 SYSTEMPATH/CodeIgniter.php(457): CodeIgniter\CodeIgniter->tryToRouteIt(null)
 6 SYSTEMPATH/CodeIgniter.php(355): CodeIgniter\CodeIgniter->handleRequest(null, Object(Config\Cache), false)
 7 SYSTEMPATH/Boot.php(325): CodeIgniter\CodeIgniter->run()
 8 SYSTEMPATH/Boot.php(67): CodeIgniter\Boot::runCodeIgniter(Object(CodeIgniter\CodeIgniter))
 9 FCPATH/index.php(56): CodeIgniter\Boot::bootWeb(Object(Config\Paths))
WARNING - 2025-11-25 12:59:41 --> [DEPRECATED] Passing lowercase HTTP method "post" is deprecated. Use uppercase HTTP method like "POST". in SYSTEMPATH/Router/RouteCollection.php on line 1027.
 1 SYSTEMPATH/Router/RouteCollection.php(1027): trigger_error('Passing lowercase HTTP method "post" is deprecated. Use uppercase HTTP method like "POST".', 16384)
 2 APPPATH/Config/Routes.php(51): CodeIgniter\Router\RouteCollection->match([...], 'compte/repondre/(:num)', 'Compte::repondre/$1')
 3 SYSTEMPATH/Router/RouteCollection.php(340): require('/home/2025DIFAL3/e22308557/public_html/V1/ci/app/Config/Routes.php')
 4 SYSTEMPATH/CodeIgniter.php(823): CodeIgniter\Router\RouteCollection->loadRoutes()
 5 SYSTEMPATH/CodeIgniter.php(457): CodeIgniter\CodeIgniter->tryToRouteIt(null)
 6 SYSTEMPATH/CodeIgniter.php(355): CodeIgniter\CodeIgniter->handleRequest(null, Object(Config\Cache), false)
 7 SYSTEMPATH/Boot.php(325): CodeIgniter\CodeIgniter->run()
 8 SYSTEMPATH/Boot.php(67): CodeIgniter\Boot::runCodeIgniter(Object(CodeIgniter\CodeIgniter))
 9 FCPATH/index.php(56): CodeIgniter\Boot::bootWeb(Object(Config\Paths))
WARNING - 2025-11-25 12:59:41 --> [DEPRECATED] Creation of dynamic property App\Controllers\Compte::$model is deprecated in APPPATH/Controllers/Compte.php on line 11.
 1 SYSTEMPATH/CodeIgniter.php(903): App\Controllers\Compte->__construct()
 2 SYSTEMPATH/CodeIgniter.php(500): CodeIgniter\CodeIgniter->createController()
 3 SYSTEMPATH/CodeIgniter.php(355): CodeIgniter\CodeIgniter->handleRequest(null, Object(Config\Cache), false)
 4 SYSTEMPATH/Boot.php(325): CodeIgniter\CodeIgniter->run()
 5 SYSTEMPATH/Boot.php(67): CodeIgniter\Boot::runCodeIgniter(Object(CodeIgniter\CodeIgniter))
 6 FCPATH/index.php(56): CodeIgniter\Boot::bootWeb(Object(Config\Paths))
INFO - 2025-11-25 12:59:41 --> Session: Class initialized using 'CodeIgniter\Session\Handlers\FileHandler' driver.
WARNING - 2025-11-25 13:00:10 --> [DEPRECATED] Passing lowercase HTTP method "get" is deprecated. Use uppercase HTTP method like "GET". in SYSTEMPATH/Router/RouteCollection.php on line 1027.
 1 SYSTEMPATH/Router/RouteCollection.php(1027): trigger_error('Passing lowercase HTTP method "get" is deprecated. Use uppercase HTTP method like "GET".', 16384)
 2 APPPATH/Config/Routes.php(51): CodeIgniter\Router\RouteCollection->match([...], 'compte/repondre/(:num)', 'Compte::repondre/$1')
 3 SYSTEMPATH/Router/RouteCollection.php(340): require('/home/2025DIFAL3/e22308557/public_html/V1/ci/app/Config/Routes.php')
 4 SYSTEMPATH/CodeIgniter.php(823): CodeIgniter\Router\RouteCollection->loadRoutes()
 5 SYSTEMPATH/CodeIgniter.php(457): CodeIgniter\CodeIgniter->tryToRouteIt(null)
 6 SYSTEMPATH/CodeIgniter.php(355): CodeIgniter\CodeIgniter->handleRequest(null, Object(Config\Cache), false)
 7 SYSTEMPATH/Boot.php(325): CodeIgniter\CodeIgniter->run()
 8 SYSTEMPATH/Boot.php(67): CodeIgniter\Boot::runCodeIgniter(Object(CodeIgniter\CodeIgniter))
 9 FCPATH/index.php(56): CodeIgniter\Boot::bootWeb(Object(Config\Paths))
WARNING - 2025-11-25 13:00:10 --> [DEPRECATED] Passing lowercase HTTP method "post" is deprecated. Use uppercase HTTP method like "POST". in SYSTEMPATH/Router/RouteCollection.php on line 1027.
 1 SYSTEMPATH/Router/RouteCollection.php(1027): trigger_error('Passing lowercase HTTP method "post" is deprecated. Use uppercase HTTP method like "POST".', 16384)
 2 APPPATH/Config/Routes.php(51): CodeIgniter\Router\RouteCollection->match([...], 'compte/repondre/(:num)', 'Compte::repondre/$1')
 3 SYSTEMPATH/Router/RouteCollection.php(340): require('/home/2025DIFAL3/e22308557/public_html/V1/ci/app/Config/Routes.php')
 4 SYSTEMPATH/CodeIgniter.php(823): CodeIgniter\Router\RouteCollection->loadRoutes()
 5 SYSTEMPATH/CodeIgniter.php(457): CodeIgniter\CodeIgniter->tryToRouteIt(null)
 6 SYSTEMPATH/CodeIgniter.php(355): CodeIgniter\CodeIgniter->handleRequest(null, Object(Config\Cache), false)
 7 SYSTEMPATH/Boot.php(325): CodeIgniter\CodeIgniter->run()
 8 SYSTEMPATH/Boot.php(67): CodeIgniter\Boot::runCodeIgniter(Object(CodeIgniter\CodeIgniter))
 9 FCPATH/index.php(56): CodeIgniter\Boot::bootWeb(Object(Config\Paths))
WARNING - 2025-11-25 13:00:10 --> [DEPRECATED] Creation of dynamic property App\Controllers\Compte::$model is deprecated in APPPATH/Controllers/Compte.php on line 11.
 1 SYSTEMPATH/CodeIgniter.php(903): App\Controllers\Compte->__construct()
 2 SYSTEMPATH/CodeIgniter.php(500): CodeIgniter\CodeIgniter->createController()
 3 SYSTEMPATH/CodeIgniter.php(355): CodeIgniter\CodeIgniter->handleRequest(null, Object(Config\Cache), false)
 4 SYSTEMPATH/Boot.php(325): CodeIgniter\CodeIgniter->run()
 5 SYSTEMPATH/Boot.php(67): CodeIgniter\Boot::runCodeIgniter(Object(CodeIgniter\CodeIgniter))
 6 FCPATH/index.php(56): CodeIgniter\Boot::bootWeb(Object(Config\Paths))
INFO - 2025-11-25 13:00:10 --> Session: Class initialized using 'CodeIgniter\Session\Handlers\FileHandler' driver.
WARNING - 2025-11-25 13:00:15 --> [DEPRECATED] Passing lowercase HTTP method "get" is deprecated. Use uppercase HTTP method like "GET". in SYSTEMPATH/Router/RouteCollection.php on line 1027.
 1 SYSTEMPATH/Router/RouteCollection.php(1027): trigger_error('Passing lowercase HTTP method "get" is deprecated. Use uppercase HTTP method like "GET".', 16384)
 2 APPPATH/Config/Routes.php(51): CodeIgniter\Router\RouteCollection->match([...], 'compte/repondre/(:num)', 'Compte::repondre/$1')
 3 SYSTEMPATH/Router/RouteCollection.php(340): require('/home/2025DIFAL3/e22308557/public_html/V1/ci/app/Config/Routes.php')
 4 SYSTEMPATH/CodeIgniter.php(823): CodeIgniter\Router\RouteCollection->loadRoutes()
 5 SYSTEMPATH/CodeIgniter.php(457): CodeIgniter\CodeIgniter->tryToRouteIt(null)
 6 SYSTEMPATH/CodeIgniter.php(355): CodeIgniter\CodeIgniter->handleRequest(null, Object(Config\Cache), false)
 7 SYSTEMPATH/Boot.php(325): CodeIgniter\CodeIgniter->run()
 8 SYSTEMPATH/Boot.php(67): CodeIgniter\Boot::runCodeIgniter(Object(CodeIgniter\CodeIgniter))
 9 FCPATH/index.php(56): CodeIgniter\Boot::bootWeb(Object(Config\Paths))
WARNING - 2025-11-25 13:00:15 --> [DEPRECATED] Passing lowercase HTTP method "post" is deprecated. Use uppercase HTTP method like "POST". in SYSTEMPATH/Router/RouteCollection.php on line 1027.
 1 SYSTEMPATH/Router/RouteCollection.php(1027): trigger_error('Passing lowercase HTTP method "post" is deprecated. Use uppercase HTTP method like "POST".', 16384)
 2 APPPATH/Config/Routes.php(51): CodeIgniter\Router\RouteCollection->match([...], 'compte/repondre/(:num)', 'Compte::repondre/$1')
 3 SYSTEMPATH/Router/RouteCollection.php(340): require('/home/2025DIFAL3/e22308557/public_html/V1/ci/app/Config/Routes.php')
 4 SYSTEMPATH/CodeIgniter.php(823): CodeIgniter\Router\RouteCollection->loadRoutes()
 5 SYSTEMPATH/CodeIgniter.php(457): CodeIgniter\CodeIgniter->tryToRouteIt(null)
 6 SYSTEMPATH/CodeIgniter.php(355): CodeIgniter\CodeIgniter->handleRequest(null, Object(Config\Cache), false)
 7 SYSTEMPATH/Boot.php(325): CodeIgniter\CodeIgniter->run()
 8 SYSTEMPATH/Boot.php(67): CodeIgniter\Boot::runCodeIgniter(Object(CodeIgniter\CodeIgniter))
 9 FCPATH/index.php(56): CodeIgniter\Boot::bootWeb(Object(Config\Paths))
WARNING - 2025-11-25 13:00:15 --> [DEPRECATED] Creation of dynamic property App\Controllers\Compte::$model is deprecated in APPPATH/Controllers/Compte.php on line 11.
 1 SYSTEMPATH/CodeIgniter.php(903): App\Controllers\Compte->__construct()
 2 SYSTEMPATH/CodeIgniter.php(500): CodeIgniter\CodeIgniter->createController()
 3 SYSTEMPATH/CodeIgniter.php(355): CodeIgniter\CodeIgniter->handleRequest(null, Object(Config\Cache), false)
 4 SYSTEMPATH/Boot.php(325): CodeIgniter\CodeIgniter->run()
 5 SYSTEMPATH/Boot.php(67): CodeIgniter\Boot::runCodeIgniter(Object(CodeIgniter\CodeIgniter))
 6 FCPATH/index.php(56): CodeIgniter\Boot::bootWeb(Object(Config\Paths))
INFO - 2025-11-25 13:00:15 --> Session: Class initialized using 'CodeIgniter\Session\Handlers\FileHandler' driver.
WARNING - 2025-11-25 13:00:39 --> [DEPRECATED] Passing lowercase HTTP method "get" is deprecated. Use uppercase HTTP method like "GET". in SYSTEMPATH/Router/RouteCollection.php on line 1027.
 1 SYSTEMPATH/Router/RouteCollection.php(1027): trigger_error('Passing lowercase HTTP method "get" is deprecated. Use uppercase HTTP method like "GET".', 16384)
 2 APPPATH/Config/Routes.php(51): CodeIgniter\Router\RouteCollection->match([...], 'compte/repondre/(:num)', 'Compte::repondre/$1')
 3 SYSTEMPATH/Router/RouteCollection.php(340): require('/home/2025DIFAL3/e22308557/public_html/V1/ci/app/Config/Routes.php')
 4 SYSTEMPATH/CodeIgniter.php(823): CodeIgniter\Router\RouteCollection->loadRoutes()
 5 SYSTEMPATH/CodeIgniter.php(457): CodeIgniter\CodeIgniter->tryToRouteIt(null)
 6 SYSTEMPATH/CodeIgniter.php(355): CodeIgniter\CodeIgniter->handleRequest(null, Object(Config\Cache), false)
 7 SYSTEMPATH/Boot.php(325): CodeIgniter\CodeIgniter->run()
 8 SYSTEMPATH/Boot.php(67): CodeIgniter\Boot::runCodeIgniter(Object(CodeIgniter\CodeIgniter))
 9 FCPATH/index.php(56): CodeIgniter\Boot::bootWeb(Object(Config\Paths))
WARNING - 2025-11-25 13:00:39 --> [DEPRECATED] Passing lowercase HTTP method "post" is deprecated. Use uppercase HTTP method like "POST". in SYSTEMPATH/Router/RouteCollection.php on line 1027.
 1 SYSTEMPATH/Router/RouteCollection.php(1027): trigger_error('Passing lowercase HTTP method "post" is deprecated. Use uppercase HTTP method like "POST".', 16384)
 2 APPPATH/Config/Routes.php(51): CodeIgniter\Router\RouteCollection->match([...], 'compte/repondre/(:num)', 'Compte::repondre/$1')
 3 SYSTEMPATH/Router/RouteCollection.php(340): require('/home/2025DIFAL3/e22308557/public_html/V1/ci/app/Config/Routes.php')
 4 SYSTEMPATH/CodeIgniter.php(823): CodeIgniter\Router\RouteCollection->loadRoutes()
 5 SYSTEMPATH/CodeIgniter.php(457): CodeIgniter\CodeIgniter->tryToRouteIt(null)
 6 SYSTEMPATH/CodeIgniter.php(355): CodeIgniter\CodeIgniter->handleRequest(null, Object(Config\Cache), false)
 7 SYSTEMPATH/Boot.php(325): CodeIgniter\CodeIgniter->run()
 8 SYSTEMPATH/Boot.php(67): CodeIgniter\Boot::runCodeIgniter(Object(CodeIgniter\CodeIgniter))
 9 FCPATH/index.php(56): CodeIgniter\Boot::bootWeb(Object(Config\Paths))
WARNING - 2025-11-25 13:00:39 --> [DEPRECATED] Creation of dynamic property App\Controllers\Compte::$model is deprecated in APPPATH/Controllers/Compte.php on line 11.
 1 SYSTEMPATH/CodeIgniter.php(903): App\Controllers\Compte->__construct()
 2 SYSTEMPATH/CodeIgniter.php(500): CodeIgniter\CodeIgniter->createController()
 3 SYSTEMPATH/CodeIgniter.php(355): CodeIgniter\CodeIgniter->handleRequest(null, Object(Config\Cache), false)
 4 SYSTEMPATH/Boot.php(325): CodeIgniter\CodeIgniter->run()
 5 SYSTEMPATH/Boot.php(67): CodeIgniter\Boot::runCodeIgniter(Object(CodeIgniter\CodeIgniter))
 6 FCPATH/index.php(56): CodeIgniter\Boot::bootWeb(Object(Config\Paths))
INFO - 2025-11-25 13:00:39 --> Session: Class initialized using 'CodeIgniter\Session\Handlers\FileHandler' driver.
WARNING - 2025-11-25 13:00:53 --> [DEPRECATED] Passing lowercase HTTP method "get" is deprecated. Use uppercase HTTP method like "GET". in SYSTEMPATH/Router/RouteCollection.php on line 1027.
 1 SYSTEMPATH/Router/RouteCollection.php(1027): trigger_error('Passing lowercase HTTP method "get" is deprecated. Use uppercase HTTP method like "GET".', 16384)
 2 APPPATH/Config/Routes.php(51): CodeIgniter\Router\RouteCollection->match([...], 'compte/repondre/(:num)', 'Compte::repondre/$1')
 3 SYSTEMPATH/Router/RouteCollection.php(340): require('/home/2025DIFAL3/e22308557/public_html/V1/ci/app/Config/Routes.php')
 4 SYSTEMPATH/CodeIgniter.php(823): CodeIgniter\Router\RouteCollection->loadRoutes()
 5 SYSTEMPATH/CodeIgniter.php(457): CodeIgniter\CodeIgniter->tryToRouteIt(null)
 6 SYSTEMPATH/CodeIgniter.php(355): CodeIgniter\CodeIgniter->handleRequest(null, Object(Config\Cache), false)
 7 SYSTEMPATH/Boot.php(325): CodeIgniter\CodeIgniter->run()
 8 SYSTEMPATH/Boot.php(67): CodeIgniter\Boot::runCodeIgniter(Object(CodeIgniter\CodeIgniter))
 9 FCPATH/index.php(56): CodeIgniter\Boot::bootWeb(Object(Config\Paths))
WARNING - 2025-11-25 13:00:53 --> [DEPRECATED] Passing lowercase HTTP method "post" is deprecated. Use uppercase HTTP method like "POST". in SYSTEMPATH/Router/RouteCollection.php on line 1027.
 1 SYSTEMPATH/Router/RouteCollection.php(1027): trigger_error('Passing lowercase HTTP method "post" is deprecated. Use uppercase HTTP method like "POST".', 16384)
 2 APPPATH/Config/Routes.php(51): CodeIgniter\Router\RouteCollection->match([...], 'compte/repondre/(:num)', 'Compte::repondre/$1')
 3 SYSTEMPATH/Router/RouteCollection.php(340): require('/home/2025DIFAL3/e22308557/public_html/V1/ci/app/Config/Routes.php')
 4 SYSTEMPATH/CodeIgniter.php(823): CodeIgniter\Router\RouteCollection->loadRoutes()
 5 SYSTEMPATH/CodeIgniter.php(457): CodeIgniter\CodeIgniter->tryToRouteIt(null)
 6 SYSTEMPATH/CodeIgniter.php(355): CodeIgniter\CodeIgniter->handleRequest(null, Object(Config\Cache), false)
 7 SYSTEMPATH/Boot.php(325): CodeIgniter\CodeIgniter->run()
 8 SYSTEMPATH/Boot.php(67): CodeIgniter\Boot::runCodeIgniter(Object(CodeIgniter\CodeIgniter))
 9 FCPATH/index.php(56): CodeIgniter\Boot::bootWeb(Object(Config\Paths))
WARNING - 2025-11-25 13:00:53 --> [DEPRECATED] Creation of dynamic property App\Controllers\Compte::$model is deprecated in APPPATH/Controllers/Compte.php on line 11.
 1 SYSTEMPATH/CodeIgniter.php(903): App\Controllers\Compte->__construct()
 2 SYSTEMPATH/CodeIgniter.php(500): CodeIgniter\CodeIgniter->createController()
 3 SYSTEMPATH/CodeIgniter.php(355): CodeIgniter\CodeIgniter->handleRequest(null, Object(Config\Cache), false)
 4 SYSTEMPATH/Boot.php(325): CodeIgniter\CodeIgniter->run()
 5 SYSTEMPATH/Boot.php(67): CodeIgniter\Boot::runCodeIgniter(Object(CodeIgniter\CodeIgniter))
 6 FCPATH/index.php(56): CodeIgniter\Boot::bootWeb(Object(Config\Paths))
INFO - 2025-11-25 13:00:53 --> Session: Class initialized using 'CodeIgniter\Session\Handlers\FileHandler' driver.
WARNING - 2025-11-25 13:00:54 --> [DEPRECATED] Passing lowercase HTTP method "get" is deprecated. Use uppercase HTTP method like "GET". in SYSTEMPATH/Router/RouteCollection.php on line 1027.
 1 SYSTEMPATH/Router/RouteCollection.php(1027): trigger_error('Passing lowercase HTTP method "get" is deprecated. Use uppercase HTTP method like "GET".', 16384)
 2 APPPATH/Config/Routes.php(51): CodeIgniter\Router\RouteCollection->match([...], 'compte/repondre/(:num)', 'Compte::repondre/$1')
 3 SYSTEMPATH/Router/RouteCollection.php(340): require('/home/2025DIFAL3/e22308557/public_html/V1/ci/app/Config/Routes.php')
 4 SYSTEMPATH/CodeIgniter.php(823): CodeIgniter\Router\RouteCollection->loadRoutes()
 5 SYSTEMPATH/CodeIgniter.php(457): CodeIgniter\CodeIgniter->tryToRouteIt(null)
 6 SYSTEMPATH/CodeIgniter.php(355): CodeIgniter\CodeIgniter->handleRequest(null, Object(Config\Cache), false)
 7 SYSTEMPATH/Boot.php(325): CodeIgniter\CodeIgniter->run()
 8 SYSTEMPATH/Boot.php(67): CodeIgniter\Boot::runCodeIgniter(Object(CodeIgniter\CodeIgniter))
 9 FCPATH/index.php(56): CodeIgniter\Boot::bootWeb(Object(Config\Paths))
WARNING - 2025-11-25 13:00:54 --> [DEPRECATED] Passing lowercase HTTP method "post" is deprecated. Use uppercase HTTP method like "POST". in SYSTEMPATH/Router/RouteCollection.php on line 1027.
 1 SYSTEMPATH/Router/RouteCollection.php(1027): trigger_error('Passing lowercase HTTP method "post" is deprecated. Use uppercase HTTP method like "POST".', 16384)
 2 APPPATH/Config/Routes.php(51): CodeIgniter\Router\RouteCollection->match([...], 'compte/repondre/(:num)', 'Compte::repondre/$1')
 3 SYSTEMPATH/Router/RouteCollection.php(340): require('/home/2025DIFAL3/e22308557/public_html/V1/ci/app/Config/Routes.php')
 4 SYSTEMPATH/CodeIgniter.php(823): CodeIgniter\Router\RouteCollection->loadRoutes()
 5 SYSTEMPATH/CodeIgniter.php(457): CodeIgniter\CodeIgniter->tryToRouteIt(null)
 6 SYSTEMPATH/CodeIgniter.php(355): CodeIgniter\CodeIgniter->handleRequest(null, Object(Config\Cache), false)
 7 SYSTEMPATH/Boot.php(325): CodeIgniter\CodeIgniter->run()
 8 SYSTEMPATH/Boot.php(67): CodeIgniter\Boot::runCodeIgniter(Object(CodeIgniter\CodeIgniter))
 9 FCPATH/index.php(56): CodeIgniter\Boot::bootWeb(Object(Config\Paths))
WARNING - 2025-11-25 13:00:54 --> [DEPRECATED] Creation of dynamic property App\Controllers\Compte::$model is deprecated in APPPATH/Controllers/Compte.php on line 11.
 1 SYSTEMPATH/CodeIgniter.php(903): App\Controllers\Compte->__construct()
 2 SYSTEMPATH/CodeIgniter.php(500): CodeIgniter\CodeIgniter->createController()
 3 SYSTEMPATH/CodeIgniter.php(355): CodeIgniter\CodeIgniter->handleRequest(null, Object(Config\Cache), false)
 4 SYSTEMPATH/Boot.php(325): CodeIgniter\CodeIgniter->run()
 5 SYSTEMPATH/Boot.php(67): CodeIgniter\Boot::runCodeIgniter(Object(CodeIgniter\CodeIgniter))
 6 FCPATH/index.php(56): CodeIgniter\Boot::bootWeb(Object(Config\Paths))
INFO - 2025-11-25 13:00:54 --> Session: Class initialized using 'CodeIgniter\Session\Handlers\FileHandler' driver.
WARNING - 2025-11-25 13:01:04 --> [DEPRECATED] Passing lowercase HTTP method "get" is deprecated. Use uppercase HTTP method like "GET". in SYSTEMPATH/Router/RouteCollection.php on line 1027.
 1 SYSTEMPATH/Router/RouteCollection.php(1027): trigger_error('Passing lowercase HTTP method "get" is deprecated. Use uppercase HTTP method like "GET".', 16384)
 2 APPPATH/Config/Routes.php(51): CodeIgniter\Router\RouteCollection->match([...], 'compte/repondre/(:num)', 'Compte::repondre/$1')
 3 SYSTEMPATH/Router/RouteCollection.php(340): require('/home/2025DIFAL3/e22308557/public_html/V1/ci/app/Config/Routes.php')
 4 SYSTEMPATH/CodeIgniter.php(823): CodeIgniter\Router\RouteCollection->loadRoutes()
 5 SYSTEMPATH/CodeIgniter.php(457): CodeIgniter\CodeIgniter->tryToRouteIt(null)
 6 SYSTEMPATH/CodeIgniter.php(355): CodeIgniter\CodeIgniter->handleRequest(null, Object(Config\Cache), false)
 7 SYSTEMPATH/Boot.php(325): CodeIgniter\CodeIgniter->run()
 8 SYSTEMPATH/Boot.php(67): CodeIgniter\Boot::runCodeIgniter(Object(CodeIgniter\CodeIgniter))
 9 FCPATH/index.php(56): CodeIgniter\Boot::bootWeb(Object(Config\Paths))
WARNING - 2025-11-25 13:01:04 --> [DEPRECATED] Passing lowercase HTTP method "post" is deprecated. Use uppercase HTTP method like "POST". in SYSTEMPATH/Router/RouteCollection.php on line 1027.
 1 SYSTEMPATH/Router/RouteCollection.php(1027): trigger_error('Passing lowercase HTTP method "post" is deprecated. Use uppercase HTTP method like "POST".', 16384)
 2 APPPATH/Config/Routes.php(51): CodeIgniter\Router\RouteCollection->match([...], 'compte/repondre/(:num)', 'Compte::repondre/$1')
 3 SYSTEMPATH/Router/RouteCollection.php(340): require('/home/2025DIFAL3/e22308557/public_html/V1/ci/app/Config/Routes.php')
 4 SYSTEMPATH/CodeIgniter.php(823): CodeIgniter\Router\RouteCollection->loadRoutes()
 5 SYSTEMPATH/CodeIgniter.php(457): CodeIgniter\CodeIgniter->tryToRouteIt(null)
 6 SYSTEMPATH/CodeIgniter.php(355): CodeIgniter\CodeIgniter->handleRequest(null, Object(Config\Cache), false)
 7 SYSTEMPATH/Boot.php(325): CodeIgniter\CodeIgniter->run()
 8 SYSTEMPATH/Boot.php(67): CodeIgniter\Boot::runCodeIgniter(Object(CodeIgniter\CodeIgniter))
 9 FCPATH/index.php(56): CodeIgniter\Boot::bootWeb(Object(Config\Paths))
WARNING - 2025-11-25 13:01:04 --> [DEPRECATED] Creation of dynamic property App\Controllers\Compte::$model is deprecated in APPPATH/Controllers/Compte.php on line 11.
 1 SYSTEMPATH/CodeIgniter.php(903): App\Controllers\Compte->__construct()
 2 SYSTEMPATH/CodeIgniter.php(500): CodeIgniter\CodeIgniter->createController()
 3 SYSTEMPATH/CodeIgniter.php(355): CodeIgniter\CodeIgniter->handleRequest(null, Object(Config\Cache), false)
 4 SYSTEMPATH/Boot.php(325): CodeIgniter\CodeIgniter->run()
 5 SYSTEMPATH/Boot.php(67): CodeIgniter\Boot::runCodeIgniter(Object(CodeIgniter\CodeIgniter))
 6 FCPATH/index.php(56): CodeIgniter\Boot::bootWeb(Object(Config\Paths))
INFO - 2025-11-25 13:01:04 --> Session: Class initialized using 'CodeIgniter\Session\Handlers\FileHandler' driver.
WARNING - 2025-11-25 13:01:10 --> [DEPRECATED] Passing lowercase HTTP method "get" is deprecated. Use uppercase HTTP method like "GET". in SYSTEMPATH/Router/RouteCollection.php on line 1027.
 1 SYSTEMPATH/Router/RouteCollection.php(1027): trigger_error('Passing lowercase HTTP method "get" is deprecated. Use uppercase HTTP method like "GET".', 16384)
 2 APPPATH/Config/Routes.php(51): CodeIgniter\Router\RouteCollection->match([...], 'compte/repondre/(:num)', 'Compte::repondre/$1')
 3 SYSTEMPATH/Router/RouteCollection.php(340): require('/home/2025DIFAL3/e22308557/public_html/V1/ci/app/Config/Routes.php')
 4 SYSTEMPATH/CodeIgniter.php(823): CodeIgniter\Router\RouteCollection->loadRoutes()
 5 SYSTEMPATH/CodeIgniter.php(457): CodeIgniter\CodeIgniter->tryToRouteIt(null)
 6 SYSTEMPATH/CodeIgniter.php(355): CodeIgniter\CodeIgniter->handleRequest(null, Object(Config\Cache), false)
 7 SYSTEMPATH/Boot.php(325): CodeIgniter\CodeIgniter->run()
 8 SYSTEMPATH/Boot.php(67): CodeIgniter\Boot::runCodeIgniter(Object(CodeIgniter\CodeIgniter))
 9 FCPATH/index.php(56): CodeIgniter\Boot::bootWeb(Object(Config\Paths))
WARNING - 2025-11-25 13:01:10 --> [DEPRECATED] Passing lowercase HTTP method "post" is deprecated. Use uppercase HTTP method like "POST". in SYSTEMPATH/Router/RouteCollection.php on line 1027.
 1 SYSTEMPATH/Router/RouteCollection.php(1027): trigger_error('Passing lowercase HTTP method "post" is deprecated. Use uppercase HTTP method like "POST".', 16384)
 2 APPPATH/Config/Routes.php(51): CodeIgniter\Router\RouteCollection->match([...], 'compte/repondre/(:num)', 'Compte::repondre/$1')
 3 SYSTEMPATH/Router/RouteCollection.php(340): require('/home/2025DIFAL3/e22308557/public_html/V1/ci/app/Config/Routes.php')
 4 SYSTEMPATH/CodeIgniter.php(823): CodeIgniter\Router\RouteCollection->loadRoutes()
 5 SYSTEMPATH/CodeIgniter.php(457): CodeIgniter\CodeIgniter->tryToRouteIt(null)
 6 SYSTEMPATH/CodeIgniter.php(355): CodeIgniter\CodeIgniter->handleRequest(null, Object(Config\Cache), false)
 7 SYSTEMPATH/Boot.php(325): CodeIgniter\CodeIgniter->run()
 8 SYSTEMPATH/Boot.php(67): CodeIgniter\Boot::runCodeIgniter(Object(CodeIgniter\CodeIgniter))
 9 FCPATH/index.php(56): CodeIgniter\Boot::bootWeb(Object(Config\Paths))
WARNING - 2025-11-25 13:01:10 --> [DEPRECATED] Creation of dynamic property App\Controllers\Compte::$model is deprecated in APPPATH/Controllers/Compte.php on line 11.
 1 SYSTEMPATH/CodeIgniter.php(903): App\Controllers\Compte->__construct()
 2 SYSTEMPATH/CodeIgniter.php(500): CodeIgniter\CodeIgniter->createController()
 3 SYSTEMPATH/CodeIgniter.php(355): CodeIgniter\CodeIgniter->handleRequest(null, Object(Config\Cache), false)
 4 SYSTEMPATH/Boot.php(325): CodeIgniter\CodeIgniter->run()
 5 SYSTEMPATH/Boot.php(67): CodeIgniter\Boot::runCodeIgniter(Object(CodeIgniter\CodeIgniter))
 6 FCPATH/index.php(56): CodeIgniter\Boot::bootWeb(Object(Config\Paths))
INFO - 2025-11-25 13:01:10 --> Session: Class initialized using 'CodeIgniter\Session\Handlers\FileHandler' driver.
WARNING - 2025-11-25 13:01:26 --> [DEPRECATED] Passing lowercase HTTP method "get" is deprecated. Use uppercase HTTP method like "GET". in SYSTEMPATH/Router/RouteCollection.php on line 1027.
 1 SYSTEMPATH/Router/RouteCollection.php(1027): trigger_error('Passing lowercase HTTP method "get" is deprecated. Use uppercase HTTP method like "GET".', 16384)
 2 APPPATH/Config/Routes.php(51): CodeIgniter\Router\RouteCollection->match([...], 'compte/repondre/(:num)', 'Compte::repondre/$1')
 3 SYSTEMPATH/Router/RouteCollection.php(340): require('/home/2025DIFAL3/e22308557/public_html/V1/ci/app/Config/Routes.php')
 4 SYSTEMPATH/CodeIgniter.php(823): CodeIgniter\Router\RouteCollection->loadRoutes()
 5 SYSTEMPATH/CodeIgniter.php(457): CodeIgniter\CodeIgniter->tryToRouteIt(null)
 6 SYSTEMPATH/CodeIgniter.php(355): CodeIgniter\CodeIgniter->handleRequest(null, Object(Config\Cache), false)
 7 SYSTEMPATH/Boot.php(325): CodeIgniter\CodeIgniter->run()
 8 SYSTEMPATH/Boot.php(67): CodeIgniter\Boot::runCodeIgniter(Object(CodeIgniter\CodeIgniter))
 9 FCPATH/index.php(56): CodeIgniter\Boot::bootWeb(Object(Config\Paths))
WARNING - 2025-11-25 13:01:26 --> [DEPRECATED] Passing lowercase HTTP method "post" is deprecated. Use uppercase HTTP method like "POST". in SYSTEMPATH/Router/RouteCollection.php on line 1027.
 1 SYSTEMPATH/Router/RouteCollection.php(1027): trigger_error('Passing lowercase HTTP method "post" is deprecated. Use uppercase HTTP method like "POST".', 16384)
 2 APPPATH/Config/Routes.php(51): CodeIgniter\Router\RouteCollection->match([...], 'compte/repondre/(:num)', 'Compte::repondre/$1')
 3 SYSTEMPATH/Router/RouteCollection.php(340): require('/home/2025DIFAL3/e22308557/public_html/V1/ci/app/Config/Routes.php')
 4 SYSTEMPATH/CodeIgniter.php(823): CodeIgniter\Router\RouteCollection->loadRoutes()
 5 SYSTEMPATH/CodeIgniter.php(457): CodeIgniter\CodeIgniter->tryToRouteIt(null)
 6 SYSTEMPATH/CodeIgniter.php(355): CodeIgniter\CodeIgniter->handleRequest(null, Object(Config\Cache), false)
 7 SYSTEMPATH/Boot.php(325): CodeIgniter\CodeIgniter->run()
 8 SYSTEMPATH/Boot.php(67): CodeIgniter\Boot::runCodeIgniter(Object(CodeIgniter\CodeIgniter))
 9 FCPATH/index.php(56): CodeIgniter\Boot::bootWeb(Object(Config\Paths))
WARNING - 2025-11-25 13:01:26 --> [DEPRECATED] Creation of dynamic property App\Controllers\Compte::$model is deprecated in APPPATH/Controllers/Compte.php on line 11.
 1 SYSTEMPATH/CodeIgniter.php(903): App\Controllers\Compte->__construct()
 2 SYSTEMPATH/CodeIgniter.php(500): CodeIgniter\CodeIgniter->createController()
 3 SYSTEMPATH/CodeIgniter.php(355): CodeIgniter\CodeIgniter->handleRequest(null, Object(Config\Cache), false)
 4 SYSTEMPATH/Boot.php(325): CodeIgniter\CodeIgniter->run()
 5 SYSTEMPATH/Boot.php(67): CodeIgniter\Boot::runCodeIgniter(Object(CodeIgniter\CodeIgniter))
 6 FCPATH/index.php(56): CodeIgniter\Boot::bootWeb(Object(Config\Paths))
INFO - 2025-11-25 13:01:26 --> Session: Class initialized using 'CodeIgniter\Session\Handlers\FileHandler' driver.
WARNING - 2025-11-25 13:01:26 --> [DEPRECATED] Passing lowercase HTTP method "get" is deprecated. Use uppercase HTTP method like "GET". in SYSTEMPATH/Router/RouteCollection.php on line 1027.
 1 SYSTEMPATH/Router/RouteCollection.php(1027): trigger_error('Passing lowercase HTTP method "get" is deprecated. Use uppercase HTTP method like "GET".', 16384)
 2 APPPATH/Config/Routes.php(51): CodeIgniter\Router\RouteCollection->match([...], 'compte/repondre/(:num)', 'Compte::repondre/$1')
 3 SYSTEMPATH/Router/RouteCollection.php(340): require('/home/2025DIFAL3/e22308557/public_html/V1/ci/app/Config/Routes.php')
 4 SYSTEMPATH/CodeIgniter.php(823): CodeIgniter\Router\RouteCollection->loadRoutes()
 5 SYSTEMPATH/CodeIgniter.php(457): CodeIgniter\CodeIgniter->tryToRouteIt(null)
 6 SYSTEMPATH/CodeIgniter.php(355): CodeIgniter\CodeIgniter->handleRequest(null, Object(Config\Cache), false)
 7 SYSTEMPATH/Boot.php(325): CodeIgniter\CodeIgniter->run()
 8 SYSTEMPATH/Boot.php(67): CodeIgniter\Boot::runCodeIgniter(Object(CodeIgniter\CodeIgniter))
 9 FCPATH/index.php(56): CodeIgniter\Boot::bootWeb(Object(Config\Paths))
WARNING - 2025-11-25 13:01:26 --> [DEPRECATED] Passing lowercase HTTP method "post" is deprecated. Use uppercase HTTP method like "POST". in SYSTEMPATH/Router/RouteCollection.php on line 1027.
 1 SYSTEMPATH/Router/RouteCollection.php(1027): trigger_error('Passing lowercase HTTP method "post" is deprecated. Use uppercase HTTP method like "POST".', 16384)
 2 APPPATH/Config/Routes.php(51): CodeIgniter\Router\RouteCollection->match([...], 'compte/repondre/(:num)', 'Compte::repondre/$1')
 3 SYSTEMPATH/Router/RouteCollection.php(340): require('/home/2025DIFAL3/e22308557/public_html/V1/ci/app/Config/Routes.php')
 4 SYSTEMPATH/CodeIgniter.php(823): CodeIgniter\Router\RouteCollection->loadRoutes()
 5 SYSTEMPATH/CodeIgniter.php(457): CodeIgniter\CodeIgniter->tryToRouteIt(null)
 6 SYSTEMPATH/CodeIgniter.php(355): CodeIgniter\CodeIgniter->handleRequest(null, Object(Config\Cache), false)
 7 SYSTEMPATH/Boot.php(325): CodeIgniter\CodeIgniter->run()
 8 SYSTEMPATH/Boot.php(67): CodeIgniter\Boot::runCodeIgniter(Object(CodeIgniter\CodeIgniter))
 9 FCPATH/index.php(56): CodeIgniter\Boot::bootWeb(Object(Config\Paths))
WARNING - 2025-11-25 13:01:26 --> [DEPRECATED] Creation of dynamic property App\Controllers\Compte::$model is deprecated in APPPATH/Controllers/Compte.php on line 11.
 1 SYSTEMPATH/CodeIgniter.php(903): App\Controllers\Compte->__construct()
 2 SYSTEMPATH/CodeIgniter.php(500): CodeIgniter\CodeIgniter->createController()
 3 SYSTEMPATH/CodeIgniter.php(355): CodeIgniter\CodeIgniter->handleRequest(null, Object(Config\Cache), false)
 4 SYSTEMPATH/Boot.php(325): CodeIgniter\CodeIgniter->run()
 5 SYSTEMPATH/Boot.php(67): CodeIgniter\Boot::runCodeIgniter(Object(CodeIgniter\CodeIgniter))
 6 FCPATH/index.php(56): CodeIgniter\Boot::bootWeb(Object(Config\Paths))
INFO - 2025-11-25 13:01:26 --> Session: Class initialized using 'CodeIgniter\Session\Handlers\FileHandler' driver.
WARNING - 2025-11-25 13:01:34 --> [DEPRECATED] Passing lowercase HTTP method "get" is deprecated. Use uppercase HTTP method like "GET". in SYSTEMPATH/Router/RouteCollection.php on line 1027.
 1 SYSTEMPATH/Router/RouteCollection.php(1027): trigger_error('Passing lowercase HTTP method "get" is deprecated. Use uppercase HTTP method like "GET".', 16384)
 2 APPPATH/Config/Routes.php(51): CodeIgniter\Router\RouteCollection->match([...], 'compte/repondre/(:num)', 'Compte::repondre/$1')
 3 SYSTEMPATH/Router/RouteCollection.php(340): require('/home/2025DIFAL3/e22308557/public_html/V1/ci/app/Config/Routes.php')
 4 SYSTEMPATH/CodeIgniter.php(823): CodeIgniter\Router\RouteCollection->loadRoutes()
 5 SYSTEMPATH/CodeIgniter.php(457): CodeIgniter\CodeIgniter->tryToRouteIt(null)
 6 SYSTEMPATH/CodeIgniter.php(355): CodeIgniter\CodeIgniter->handleRequest(null, Object(Config\Cache), false)
 7 SYSTEMPATH/Boot.php(325): CodeIgniter\CodeIgniter->run()
 8 SYSTEMPATH/Boot.php(67): CodeIgniter\Boot::runCodeIgniter(Object(CodeIgniter\CodeIgniter))
 9 FCPATH/index.php(56): CodeIgniter\Boot::bootWeb(Object(Config\Paths))
WARNING - 2025-11-25 13:01:34 --> [DEPRECATED] Passing lowercase HTTP method "post" is deprecated. Use uppercase HTTP method like "POST". in SYSTEMPATH/Router/RouteCollection.php on line 1027.
 1 SYSTEMPATH/Router/RouteCollection.php(1027): trigger_error('Passing lowercase HTTP method "post" is deprecated. Use uppercase HTTP method like "POST".', 16384)
 2 APPPATH/Config/Routes.php(51): CodeIgniter\Router\RouteCollection->match([...], 'compte/repondre/(:num)', 'Compte::repondre/$1')
 3 SYSTEMPATH/Router/RouteCollection.php(340): require('/home/2025DIFAL3/e22308557/public_html/V1/ci/app/Config/Routes.php')
 4 SYSTEMPATH/CodeIgniter.php(823): CodeIgniter\Router\RouteCollection->loadRoutes()
 5 SYSTEMPATH/CodeIgniter.php(457): CodeIgniter\CodeIgniter->tryToRouteIt(null)
 6 SYSTEMPATH/CodeIgniter.php(355): CodeIgniter\CodeIgniter->handleRequest(null, Object(Config\Cache), false)
 7 SYSTEMPATH/Boot.php(325): CodeIgniter\CodeIgniter->run()
 8 SYSTEMPATH/Boot.php(67): CodeIgniter\Boot::runCodeIgniter(Object(CodeIgniter\CodeIgniter))
 9 FCPATH/index.php(56): CodeIgniter\Boot::bootWeb(Object(Config\Paths))
WARNING - 2025-11-25 13:01:34 --> [DEPRECATED] Creation of dynamic property App\Controllers\Compte::$model is deprecated in APPPATH/Controllers/Compte.php on line 11.
 1 SYSTEMPATH/CodeIgniter.php(903): App\Controllers\Compte->__construct()
 2 SYSTEMPATH/CodeIgniter.php(500): CodeIgniter\CodeIgniter->createController()
 3 SYSTEMPATH/CodeIgniter.php(355): CodeIgniter\CodeIgniter->handleRequest(null, Object(Config\Cache), false)
 4 SYSTEMPATH/Boot.php(325): CodeIgniter\CodeIgniter->run()
 5 SYSTEMPATH/Boot.php(67): CodeIgniter\Boot::runCodeIgniter(Object(CodeIgniter\CodeIgniter))
 6 FCPATH/index.php(56): CodeIgniter\Boot::bootWeb(Object(Config\Paths))
INFO - 2025-11-25 13:01:34 --> Session: Class initialized using 'CodeIgniter\Session\Handlers\FileHandler' driver.
WARNING - 2025-11-25 13:01:36 --> [DEPRECATED] Passing lowercase HTTP method "get" is deprecated. Use uppercase HTTP method like "GET". in SYSTEMPATH/Router/RouteCollection.php on line 1027.
 1 SYSTEMPATH/Router/RouteCollection.php(1027): trigger_error('Passing lowercase HTTP method "get" is deprecated. Use uppercase HTTP method like "GET".', 16384)
 2 APPPATH/Config/Routes.php(51): CodeIgniter\Router\RouteCollection->match([...], 'compte/repondre/(:num)', 'Compte::repondre/$1')
 3 SYSTEMPATH/Router/RouteCollection.php(340): require('/home/2025DIFAL3/e22308557/public_html/V1/ci/app/Config/Routes.php')
 4 SYSTEMPATH/CodeIgniter.php(823): CodeIgniter\Router\RouteCollection->loadRoutes()
 5 SYSTEMPATH/CodeIgniter.php(457): CodeIgniter\CodeIgniter->tryToRouteIt(null)
 6 SYSTEMPATH/CodeIgniter.php(355): CodeIgniter\CodeIgniter->handleRequest(null, Object(Config\Cache), false)
 7 SYSTEMPATH/Boot.php(325): CodeIgniter\CodeIgniter->run()
 8 SYSTEMPATH/Boot.php(67): CodeIgniter\Boot::runCodeIgniter(Object(CodeIgniter\CodeIgniter))
 9 FCPATH/index.php(56): CodeIgniter\Boot::bootWeb(Object(Config\Paths))
WARNING - 2025-11-25 13:01:36 --> [DEPRECATED] Passing lowercase HTTP method "post" is deprecated. Use uppercase HTTP method like "POST". in SYSTEMPATH/Router/RouteCollection.php on line 1027.
 1 SYSTEMPATH/Router/RouteCollection.php(1027): trigger_error('Passing lowercase HTTP method "post" is deprecated. Use uppercase HTTP method like "POST".', 16384)
 2 APPPATH/Config/Routes.php(51): CodeIgniter\Router\RouteCollection->match([...], 'compte/repondre/(:num)', 'Compte::repondre/$1')
 3 SYSTEMPATH/Router/RouteCollection.php(340): require('/home/2025DIFAL3/e22308557/public_html/V1/ci/app/Config/Routes.php')
 4 SYSTEMPATH/CodeIgniter.php(823): CodeIgniter\Router\RouteCollection->loadRoutes()
 5 SYSTEMPATH/CodeIgniter.php(457): CodeIgniter\CodeIgniter->tryToRouteIt(null)
 6 SYSTEMPATH/CodeIgniter.php(355): CodeIgniter\CodeIgniter->handleRequest(null, Object(Config\Cache), false)
 7 SYSTEMPATH/Boot.php(325): CodeIgniter\CodeIgniter->run()
 8 SYSTEMPATH/Boot.php(67): CodeIgniter\Boot::runCodeIgniter(Object(CodeIgniter\CodeIgniter))
 9 FCPATH/index.php(56): CodeIgniter\Boot::bootWeb(Object(Config\Paths))
WARNING - 2025-11-25 13:01:36 --> [DEPRECATED] Creation of dynamic property App\Controllers\Compte::$model is deprecated in APPPATH/Controllers/Compte.php on line 11.
 1 SYSTEMPATH/CodeIgniter.php(903): App\Controllers\Compte->__construct()
 2 SYSTEMPATH/CodeIgniter.php(500): CodeIgniter\CodeIgniter->createController()
 3 SYSTEMPATH/CodeIgniter.php(355): CodeIgniter\CodeIgniter->handleRequest(null, Object(Config\Cache), false)
 4 SYSTEMPATH/Boot.php(325): CodeIgniter\CodeIgniter->run()
 5 SYSTEMPATH/Boot.php(67): CodeIgniter\Boot::runCodeIgniter(Object(CodeIgniter\CodeIgniter))
 6 FCPATH/index.php(56): CodeIgniter\Boot::bootWeb(Object(Config\Paths))
INFO - 2025-11-25 13:01:36 --> Session: Class initialized using 'CodeIgniter\Session\Handlers\FileHandler' driver.
WARNING - 2025-11-25 13:01:40 --> [DEPRECATED] Passing lowercase HTTP method "get" is deprecated. Use uppercase HTTP method like "GET". in SYSTEMPATH/Router/RouteCollection.php on line 1027.
 1 SYSTEMPATH/Router/RouteCollection.php(1027): trigger_error('Passing lowercase HTTP method "get" is deprecated. Use uppercase HTTP method like "GET".', 16384)
 2 APPPATH/Config/Routes.php(51): CodeIgniter\Router\RouteCollection->match([...], 'compte/repondre/(:num)', 'Compte::repondre/$1')
 3 SYSTEMPATH/Router/RouteCollection.php(340): require('/home/2025DIFAL3/e22308557/public_html/V1/ci/app/Config/Routes.php')
 4 SYSTEMPATH/CodeIgniter.php(823): CodeIgniter\Router\RouteCollection->loadRoutes()
 5 SYSTEMPATH/CodeIgniter.php(457): CodeIgniter\CodeIgniter->tryToRouteIt(null)
 6 SYSTEMPATH/CodeIgniter.php(355): CodeIgniter\CodeIgniter->handleRequest(null, Object(Config\Cache), false)
 7 SYSTEMPATH/Boot.php(325): CodeIgniter\CodeIgniter->run()
 8 SYSTEMPATH/Boot.php(67): CodeIgniter\Boot::runCodeIgniter(Object(CodeIgniter\CodeIgniter))
 9 FCPATH/index.php(56): CodeIgniter\Boot::bootWeb(Object(Config\Paths))
WARNING - 2025-11-25 13:01:40 --> [DEPRECATED] Passing lowercase HTTP method "post" is deprecated. Use uppercase HTTP method like "POST". in SYSTEMPATH/Router/RouteCollection.php on line 1027.
 1 SYSTEMPATH/Router/RouteCollection.php(1027): trigger_error('Passing lowercase HTTP method "post" is deprecated. Use uppercase HTTP method like "POST".', 16384)
 2 APPPATH/Config/Routes.php(51): CodeIgniter\Router\RouteCollection->match([...], 'compte/repondre/(:num)', 'Compte::repondre/$1')
 3 SYSTEMPATH/Router/RouteCollection.php(340): require('/home/2025DIFAL3/e22308557/public_html/V1/ci/app/Config/Routes.php')
 4 SYSTEMPATH/CodeIgniter.php(823): CodeIgniter\Router\RouteCollection->loadRoutes()
 5 SYSTEMPATH/CodeIgniter.php(457): CodeIgniter\CodeIgniter->tryToRouteIt(null)
 6 SYSTEMPATH/CodeIgniter.php(355): CodeIgniter\CodeIgniter->handleRequest(null, Object(Config\Cache), false)
 7 SYSTEMPATH/Boot.php(325): CodeIgniter\CodeIgniter->run()
 8 SYSTEMPATH/Boot.php(67): CodeIgniter\Boot::runCodeIgniter(Object(CodeIgniter\CodeIgniter))
 9 FCPATH/index.php(56): CodeIgniter\Boot::bootWeb(Object(Config\Paths))
WARNING - 2025-11-25 13:01:40 --> [DEPRECATED] Creation of dynamic property App\Controllers\Compte::$model is deprecated in APPPATH/Controllers/Compte.php on line 11.
 1 SYSTEMPATH/CodeIgniter.php(903): App\Controllers\Compte->__construct()
 2 SYSTEMPATH/CodeIgniter.php(500): CodeIgniter\CodeIgniter->createController()
 3 SYSTEMPATH/CodeIgniter.php(355): CodeIgniter\CodeIgniter->handleRequest(null, Object(Config\Cache), false)
 4 SYSTEMPATH/Boot.php(325): CodeIgniter\CodeIgniter->run()
 5 SYSTEMPATH/Boot.php(67): CodeIgniter\Boot::runCodeIgniter(Object(CodeIgniter\CodeIgniter))
 6 FCPATH/index.php(56): CodeIgniter\Boot::bootWeb(Object(Config\Paths))
INFO - 2025-11-25 13:01:40 --> Session: Class initialized using 'CodeIgniter\Session\Handlers\FileHandler' driver.
WARNING - 2025-11-25 13:02:17 --> [DEPRECATED] Passing lowercase HTTP method "get" is deprecated. Use uppercase HTTP method like "GET". in SYSTEMPATH/Router/RouteCollection.php on line 1027.
 1 SYSTEMPATH/Router/RouteCollection.php(1027): trigger_error('Passing lowercase HTTP method "get" is deprecated. Use uppercase HTTP method like "GET".', 16384)
 2 APPPATH/Config/Routes.php(51): CodeIgniter\Router\RouteCollection->match([...], 'compte/repondre/(:num)', 'Compte::repondre/$1')
 3 SYSTEMPATH/Router/RouteCollection.php(340): require('/home/2025DIFAL3/e22308557/public_html/V1/ci/app/Config/Routes.php')
 4 SYSTEMPATH/CodeIgniter.php(823): CodeIgniter\Router\RouteCollection->loadRoutes()
 5 SYSTEMPATH/CodeIgniter.php(457): CodeIgniter\CodeIgniter->tryToRouteIt(null)
 6 SYSTEMPATH/CodeIgniter.php(355): CodeIgniter\CodeIgniter->handleRequest(null, Object(Config\Cache), false)
 7 SYSTEMPATH/Boot.php(325): CodeIgniter\CodeIgniter->run()
 8 SYSTEMPATH/Boot.php(67): CodeIgniter\Boot::runCodeIgniter(Object(CodeIgniter\CodeIgniter))
 9 FCPATH/index.php(56): CodeIgniter\Boot::bootWeb(Object(Config\Paths))
WARNING - 2025-11-25 13:02:17 --> [DEPRECATED] Passing lowercase HTTP method "post" is deprecated. Use uppercase HTTP method like "POST". in SYSTEMPATH/Router/RouteCollection.php on line 1027.
 1 SYSTEMPATH/Router/RouteCollection.php(1027): trigger_error('Passing lowercase HTTP method "post" is deprecated. Use uppercase HTTP method like "POST".', 16384)
 2 APPPATH/Config/Routes.php(51): CodeIgniter\Router\RouteCollection->match([...], 'compte/repondre/(:num)', 'Compte::repondre/$1')
 3 SYSTEMPATH/Router/RouteCollection.php(340): require('/home/2025DIFAL3/e22308557/public_html/V1/ci/app/Config/Routes.php')
 4 SYSTEMPATH/CodeIgniter.php(823): CodeIgniter\Router\RouteCollection->loadRoutes()
 5 SYSTEMPATH/CodeIgniter.php(457): CodeIgniter\CodeIgniter->tryToRouteIt(null)
 6 SYSTEMPATH/CodeIgniter.php(355): CodeIgniter\CodeIgniter->handleRequest(null, Object(Config\Cache), false)
 7 SYSTEMPATH/Boot.php(325): CodeIgniter\CodeIgniter->run()
 8 SYSTEMPATH/Boot.php(67): CodeIgniter\Boot::runCodeIgniter(Object(CodeIgniter\CodeIgniter))
 9 FCPATH/index.php(56): CodeIgniter\Boot::bootWeb(Object(Config\Paths))
WARNING - 2025-11-25 13:02:17 --> [DEPRECATED] Creation of dynamic property App\Controllers\Compte::$model is deprecated in APPPATH/Controllers/Compte.php on line 11.
 1 SYSTEMPATH/CodeIgniter.php(903): App\Controllers\Compte->__construct()
 2 SYSTEMPATH/CodeIgniter.php(500): CodeIgniter\CodeIgniter->createController()
 3 SYSTEMPATH/CodeIgniter.php(355): CodeIgniter\CodeIgniter->handleRequest(null, Object(Config\Cache), false)
 4 SYSTEMPATH/Boot.php(325): CodeIgniter\CodeIgniter->run()
 5 SYSTEMPATH/Boot.php(67): CodeIgniter\Boot::runCodeIgniter(Object(CodeIgniter\CodeIgniter))
 6 FCPATH/index.php(56): CodeIgniter\Boot::bootWeb(Object(Config\Paths))
INFO - 2025-11-25 13:02:17 --> Session: Class initialized using 'CodeIgniter\Session\Handlers\FileHandler' driver.
WARNING - 2025-11-25 13:02:33 --> [DEPRECATED] Passing lowercase HTTP method "get" is deprecated. Use uppercase HTTP method like "GET". in SYSTEMPATH/Router/RouteCollection.php on line 1027.
 1 SYSTEMPATH/Router/RouteCollection.php(1027): trigger_error('Passing lowercase HTTP method "get" is deprecated. Use uppercase HTTP method like "GET".', 16384)
 2 APPPATH/Config/Routes.php(51): CodeIgniter\Router\RouteCollection->match([...], 'compte/repondre/(:num)', 'Compte::repondre/$1')
 3 SYSTEMPATH/Router/RouteCollection.php(340): require('/home/2025DIFAL3/e22308557/public_html/V1/ci/app/Config/Routes.php')
 4 SYSTEMPATH/CodeIgniter.php(823): CodeIgniter\Router\RouteCollection->loadRoutes()
 5 SYSTEMPATH/CodeIgniter.php(457): CodeIgniter\CodeIgniter->tryToRouteIt(null)
 6 SYSTEMPATH/CodeIgniter.php(355): CodeIgniter\CodeIgniter->handleRequest(null, Object(Config\Cache), false)
 7 SYSTEMPATH/Boot.php(325): CodeIgniter\CodeIgniter->run()
 8 SYSTEMPATH/Boot.php(67): CodeIgniter\Boot::runCodeIgniter(Object(CodeIgniter\CodeIgniter))
 9 FCPATH/index.php(56): CodeIgniter\Boot::bootWeb(Object(Config\Paths))
WARNING - 2025-11-25 13:02:33 --> [DEPRECATED] Passing lowercase HTTP method "post" is deprecated. Use uppercase HTTP method like "POST". in SYSTEMPATH/Router/RouteCollection.php on line 1027.
 1 SYSTEMPATH/Router/RouteCollection.php(1027): trigger_error('Passing lowercase HTTP method "post" is deprecated. Use uppercase HTTP method like "POST".', 16384)
 2 APPPATH/Config/Routes.php(51): CodeIgniter\Router\RouteCollection->match([...], 'compte/repondre/(:num)', 'Compte::repondre/$1')
 3 SYSTEMPATH/Router/RouteCollection.php(340): require('/home/2025DIFAL3/e22308557/public_html/V1/ci/app/Config/Routes.php')
 4 SYSTEMPATH/CodeIgniter.php(823): CodeIgniter\Router\RouteCollection->loadRoutes()
 5 SYSTEMPATH/CodeIgniter.php(457): CodeIgniter\CodeIgniter->tryToRouteIt(null)
 6 SYSTEMPATH/CodeIgniter.php(355): CodeIgniter\CodeIgniter->handleRequest(null, Object(Config\Cache), false)
 7 SYSTEMPATH/Boot.php(325): CodeIgniter\CodeIgniter->run()
 8 SYSTEMPATH/Boot.php(67): CodeIgniter\Boot::runCodeIgniter(Object(CodeIgniter\CodeIgniter))
 9 FCPATH/index.php(56): CodeIgniter\Boot::bootWeb(Object(Config\Paths))
WARNING - 2025-11-25 13:02:33 --> [DEPRECATED] Creation of dynamic property App\Controllers\Compte::$model is deprecated in APPPATH/Controllers/Compte.php on line 11.
 1 SYSTEMPATH/CodeIgniter.php(903): App\Controllers\Compte->__construct()
 2 SYSTEMPATH/CodeIgniter.php(500): CodeIgniter\CodeIgniter->createController()
 3 SYSTEMPATH/CodeIgniter.php(355): CodeIgniter\CodeIgniter->handleRequest(null, Object(Config\Cache), false)
 4 SYSTEMPATH/Boot.php(325): CodeIgniter\CodeIgniter->run()
 5 SYSTEMPATH/Boot.php(67): CodeIgniter\Boot::runCodeIgniter(Object(CodeIgniter\CodeIgniter))
 6 FCPATH/index.php(56): CodeIgniter\Boot::bootWeb(Object(Config\Paths))
INFO - 2025-11-25 13:02:33 --> Session: Class initialized using 'CodeIgniter\Session\Handlers\FileHandler' driver.
WARNING - 2025-11-25 13:03:01 --> [DEPRECATED] Passing lowercase HTTP method "get" is deprecated. Use uppercase HTTP method like "GET". in SYSTEMPATH/Router/RouteCollection.php on line 1027.
 1 SYSTEMPATH/Router/RouteCollection.php(1027): trigger_error('Passing lowercase HTTP method "get" is deprecated. Use uppercase HTTP method like "GET".', 16384)
 2 APPPATH/Config/Routes.php(51): CodeIgniter\Router\RouteCollection->match([...], 'compte/repondre/(:num)', 'Compte::repondre/$1')
 3 SYSTEMPATH/Router/RouteCollection.php(340): require('/home/2025DIFAL3/e22308557/public_html/V1/ci/app/Config/Routes.php')
 4 SYSTEMPATH/CodeIgniter.php(823): CodeIgniter\Router\RouteCollection->loadRoutes()
 5 SYSTEMPATH/CodeIgniter.php(457): CodeIgniter\CodeIgniter->tryToRouteIt(null)
 6 SYSTEMPATH/CodeIgniter.php(355): CodeIgniter\CodeIgniter->handleRequest(null, Object(Config\Cache), false)
 7 SYSTEMPATH/Boot.php(325): CodeIgniter\CodeIgniter->run()
 8 SYSTEMPATH/Boot.php(67): CodeIgniter\Boot::runCodeIgniter(Object(CodeIgniter\CodeIgniter))
 9 FCPATH/index.php(56): CodeIgniter\Boot::bootWeb(Object(Config\Paths))
WARNING - 2025-11-25 13:03:01 --> [DEPRECATED] Passing lowercase HTTP method "post" is deprecated. Use uppercase HTTP method like "POST". in SYSTEMPATH/Router/RouteCollection.php on line 1027.
 1 SYSTEMPATH/Router/RouteCollection.php(1027): trigger_error('Passing lowercase HTTP method "post" is deprecated. Use uppercase HTTP method like "POST".', 16384)
 2 APPPATH/Config/Routes.php(51): CodeIgniter\Router\RouteCollection->match([...], 'compte/repondre/(:num)', 'Compte::repondre/$1')
 3 SYSTEMPATH/Router/RouteCollection.php(340): require('/home/2025DIFAL3/e22308557/public_html/V1/ci/app/Config/Routes.php')
 4 SYSTEMPATH/CodeIgniter.php(823): CodeIgniter\Router\RouteCollection->loadRoutes()
 5 SYSTEMPATH/CodeIgniter.php(457): CodeIgniter\CodeIgniter->tryToRouteIt(null)
 6 SYSTEMPATH/CodeIgniter.php(355): CodeIgniter\CodeIgniter->handleRequest(null, Object(Config\Cache), false)
 7 SYSTEMPATH/Boot.php(325): CodeIgniter\CodeIgniter->run()
 8 SYSTEMPATH/Boot.php(67): CodeIgniter\Boot::runCodeIgniter(Object(CodeIgniter\CodeIgniter))
 9 FCPATH/index.php(56): CodeIgniter\Boot::bootWeb(Object(Config\Paths))
WARNING - 2025-11-25 13:03:01 --> [DEPRECATED] Creation of dynamic property App\Controllers\Compte::$model is deprecated in APPPATH/Controllers/Compte.php on line 11.
 1 SYSTEMPATH/CodeIgniter.php(903): App\Controllers\Compte->__construct()
 2 SYSTEMPATH/CodeIgniter.php(500): CodeIgniter\CodeIgniter->createController()
 3 SYSTEMPATH/CodeIgniter.php(355): CodeIgniter\CodeIgniter->handleRequest(null, Object(Config\Cache), false)
 4 SYSTEMPATH/Boot.php(325): CodeIgniter\CodeIgniter->run()
 5 SYSTEMPATH/Boot.php(67): CodeIgniter\Boot::runCodeIgniter(Object(CodeIgniter\CodeIgniter))
 6 FCPATH/index.php(56): CodeIgniter\Boot::bootWeb(Object(Config\Paths))
INFO - 2025-11-25 13:03:01 --> Session: Class initialized using 'CodeIgniter\Session\Handlers\FileHandler' driver.
WARNING - 2025-11-25 13:03:06 --> [DEPRECATED] Passing lowercase HTTP method "get" is deprecated. Use uppercase HTTP method like "GET". in SYSTEMPATH/Router/RouteCollection.php on line 1027.
 1 SYSTEMPATH/Router/RouteCollection.php(1027): trigger_error('Passing lowercase HTTP method "get" is deprecated. Use uppercase HTTP method like "GET".', 16384)
 2 APPPATH/Config/Routes.php(51): CodeIgniter\Router\RouteCollection->match([...], 'compte/repondre/(:num)', 'Compte::repondre/$1')
 3 SYSTEMPATH/Router/RouteCollection.php(340): require('/home/2025DIFAL3/e22308557/public_html/V1/ci/app/Config/Routes.php')
 4 SYSTEMPATH/CodeIgniter.php(823): CodeIgniter\Router\RouteCollection->loadRoutes()
 5 SYSTEMPATH/CodeIgniter.php(457): CodeIgniter\CodeIgniter->tryToRouteIt(null)
 6 SYSTEMPATH/CodeIgniter.php(355): CodeIgniter\CodeIgniter->handleRequest(null, Object(Config\Cache), false)
 7 SYSTEMPATH/Boot.php(325): CodeIgniter\CodeIgniter->run()
 8 SYSTEMPATH/Boot.php(67): CodeIgniter\Boot::runCodeIgniter(Object(CodeIgniter\CodeIgniter))
 9 FCPATH/index.php(56): CodeIgniter\Boot::bootWeb(Object(Config\Paths))
WARNING - 2025-11-25 13:03:06 --> [DEPRECATED] Passing lowercase HTTP method "post" is deprecated. Use uppercase HTTP method like "POST". in SYSTEMPATH/Router/RouteCollection.php on line 1027.
 1 SYSTEMPATH/Router/RouteCollection.php(1027): trigger_error('Passing lowercase HTTP method "post" is deprecated. Use uppercase HTTP method like "POST".', 16384)
 2 APPPATH/Config/Routes.php(51): CodeIgniter\Router\RouteCollection->match([...], 'compte/repondre/(:num)', 'Compte::repondre/$1')
 3 SYSTEMPATH/Router/RouteCollection.php(340): require('/home/2025DIFAL3/e22308557/public_html/V1/ci/app/Config/Routes.php')
 4 SYSTEMPATH/CodeIgniter.php(823): CodeIgniter\Router\RouteCollection->loadRoutes()
 5 SYSTEMPATH/CodeIgniter.php(457): CodeIgniter\CodeIgniter->tryToRouteIt(null)
 6 SYSTEMPATH/CodeIgniter.php(355): CodeIgniter\CodeIgniter->handleRequest(null, Object(Config\Cache), false)
 7 SYSTEMPATH/Boot.php(325): CodeIgniter\CodeIgniter->run()
 8 SYSTEMPATH/Boot.php(67): CodeIgniter\Boot::runCodeIgniter(Object(CodeIgniter\CodeIgniter))
 9 FCPATH/index.php(56): CodeIgniter\Boot::bootWeb(Object(Config\Paths))
WARNING - 2025-11-25 13:03:06 --> [DEPRECATED] Creation of dynamic property App\Controllers\Compte::$model is deprecated in APPPATH/Controllers/Compte.php on line 11.
 1 SYSTEMPATH/CodeIgniter.php(903): App\Controllers\Compte->__construct()
 2 SYSTEMPATH/CodeIgniter.php(500): CodeIgniter\CodeIgniter->createController()
 3 SYSTEMPATH/CodeIgniter.php(355): CodeIgniter\CodeIgniter->handleRequest(null, Object(Config\Cache), false)
 4 SYSTEMPATH/Boot.php(325): CodeIgniter\CodeIgniter->run()
 5 SYSTEMPATH/Boot.php(67): CodeIgniter\Boot::runCodeIgniter(Object(CodeIgniter\CodeIgniter))
 6 FCPATH/index.php(56): CodeIgniter\Boot::bootWeb(Object(Config\Paths))
INFO - 2025-11-25 13:03:06 --> Session: Class initialized using 'CodeIgniter\Session\Handlers\FileHandler' driver.
WARNING - 2025-11-25 13:03:40 --> [DEPRECATED] Passing lowercase HTTP method "get" is deprecated. Use uppercase HTTP method like "GET". in SYSTEMPATH/Router/RouteCollection.php on line 1027.
 1 SYSTEMPATH/Router/RouteCollection.php(1027): trigger_error('Passing lowercase HTTP method "get" is deprecated. Use uppercase HTTP method like "GET".', 16384)
 2 APPPATH/Config/Routes.php(51): CodeIgniter\Router\RouteCollection->match([...], 'compte/repondre/(:num)', 'Compte::repondre/$1')
 3 SYSTEMPATH/Router/RouteCollection.php(340): require('/home/2025DIFAL3/e22308557/public_html/V1/ci/app/Config/Routes.php')
 4 SYSTEMPATH/CodeIgniter.php(823): CodeIgniter\Router\RouteCollection->loadRoutes()
 5 SYSTEMPATH/CodeIgniter.php(457): CodeIgniter\CodeIgniter->tryToRouteIt(null)
 6 SYSTEMPATH/CodeIgniter.php(355): CodeIgniter\CodeIgniter->handleRequest(null, Object(Config\Cache), false)
 7 SYSTEMPATH/Boot.php(325): CodeIgniter\CodeIgniter->run()
 8 SYSTEMPATH/Boot.php(67): CodeIgniter\Boot::runCodeIgniter(Object(CodeIgniter\CodeIgniter))
 9 FCPATH/index.php(56): CodeIgniter\Boot::bootWeb(Object(Config\Paths))
WARNING - 2025-11-25 13:03:40 --> [DEPRECATED] Passing lowercase HTTP method "post" is deprecated. Use uppercase HTTP method like "POST". in SYSTEMPATH/Router/RouteCollection.php on line 1027.
 1 SYSTEMPATH/Router/RouteCollection.php(1027): trigger_error('Passing lowercase HTTP method "post" is deprecated. Use uppercase HTTP method like "POST".', 16384)
 2 APPPATH/Config/Routes.php(51): CodeIgniter\Router\RouteCollection->match([...], 'compte/repondre/(:num)', 'Compte::repondre/$1')
 3 SYSTEMPATH/Router/RouteCollection.php(340): require('/home/2025DIFAL3/e22308557/public_html/V1/ci/app/Config/Routes.php')
 4 SYSTEMPATH/CodeIgniter.php(823): CodeIgniter\Router\RouteCollection->loadRoutes()
 5 SYSTEMPATH/CodeIgniter.php(457): CodeIgniter\CodeIgniter->tryToRouteIt(null)
 6 SYSTEMPATH/CodeIgniter.php(355): CodeIgniter\CodeIgniter->handleRequest(null, Object(Config\Cache), false)
 7 SYSTEMPATH/Boot.php(325): CodeIgniter\CodeIgniter->run()
 8 SYSTEMPATH/Boot.php(67): CodeIgniter\Boot::runCodeIgniter(Object(CodeIgniter\CodeIgniter))
 9 FCPATH/index.php(56): CodeIgniter\Boot::bootWeb(Object(Config\Paths))
WARNING - 2025-11-25 13:03:40 --> [DEPRECATED] Creation of dynamic property App\Controllers\Compte::$model is deprecated in APPPATH/Controllers/Compte.php on line 11.
 1 SYSTEMPATH/CodeIgniter.php(903): App\Controllers\Compte->__construct()
 2 SYSTEMPATH/CodeIgniter.php(500): CodeIgniter\CodeIgniter->createController()
 3 SYSTEMPATH/CodeIgniter.php(355): CodeIgniter\CodeIgniter->handleRequest(null, Object(Config\Cache), false)
 4 SYSTEMPATH/Boot.php(325): CodeIgniter\CodeIgniter->run()
 5 SYSTEMPATH/Boot.php(67): CodeIgniter\Boot::runCodeIgniter(Object(CodeIgniter\CodeIgniter))
 6 FCPATH/index.php(56): CodeIgniter\Boot::bootWeb(Object(Config\Paths))
INFO - 2025-11-25 13:03:40 --> Session: Class initialized using 'CodeIgniter\Session\Handlers\FileHandler' driver.
WARNING - 2025-11-25 13:03:43 --> [DEPRECATED] Passing lowercase HTTP method "get" is deprecated. Use uppercase HTTP method like "GET". in SYSTEMPATH/Router/RouteCollection.php on line 1027.
 1 SYSTEMPATH/Router/RouteCollection.php(1027): trigger_error('Passing lowercase HTTP method "get" is deprecated. Use uppercase HTTP method like "GET".', 16384)
 2 APPPATH/Config/Routes.php(51): CodeIgniter\Router\RouteCollection->match([...], 'compte/repondre/(:num)', 'Compte::repondre/$1')
 3 SYSTEMPATH/Router/RouteCollection.php(340): require('/home/2025DIFAL3/e22308557/public_html/V1/ci/app/Config/Routes.php')
 4 SYSTEMPATH/CodeIgniter.php(823): CodeIgniter\Router\RouteCollection->loadRoutes()
 5 SYSTEMPATH/CodeIgniter.php(457): CodeIgniter\CodeIgniter->tryToRouteIt(null)
 6 SYSTEMPATH/CodeIgniter.php(355): CodeIgniter\CodeIgniter->handleRequest(null, Object(Config\Cache), false)
 7 SYSTEMPATH/Boot.php(325): CodeIgniter\CodeIgniter->run()
 8 SYSTEMPATH/Boot.php(67): CodeIgniter\Boot::runCodeIgniter(Object(CodeIgniter\CodeIgniter))
 9 FCPATH/index.php(56): CodeIgniter\Boot::bootWeb(Object(Config\Paths))
WARNING - 2025-11-25 13:03:43 --> [DEPRECATED] Passing lowercase HTTP method "post" is deprecated. Use uppercase HTTP method like "POST". in SYSTEMPATH/Router/RouteCollection.php on line 1027.
 1 SYSTEMPATH/Router/RouteCollection.php(1027): trigger_error('Passing lowercase HTTP method "post" is deprecated. Use uppercase HTTP method like "POST".', 16384)
 2 APPPATH/Config/Routes.php(51): CodeIgniter\Router\RouteCollection->match([...], 'compte/repondre/(:num)', 'Compte::repondre/$1')
 3 SYSTEMPATH/Router/RouteCollection.php(340): require('/home/2025DIFAL3/e22308557/public_html/V1/ci/app/Config/Routes.php')
 4 SYSTEMPATH/CodeIgniter.php(823): CodeIgniter\Router\RouteCollection->loadRoutes()
 5 SYSTEMPATH/CodeIgniter.php(457): CodeIgniter\CodeIgniter->tryToRouteIt(null)
 6 SYSTEMPATH/CodeIgniter.php(355): CodeIgniter\CodeIgniter->handleRequest(null, Object(Config\Cache), false)
 7 SYSTEMPATH/Boot.php(325): CodeIgniter\CodeIgniter->run()
 8 SYSTEMPATH/Boot.php(67): CodeIgniter\Boot::runCodeIgniter(Object(CodeIgniter\CodeIgniter))
 9 FCPATH/index.php(56): CodeIgniter\Boot::bootWeb(Object(Config\Paths))
WARNING - 2025-11-25 13:03:43 --> [DEPRECATED] Creation of dynamic property App\Controllers\Compte::$model is deprecated in APPPATH/Controllers/Compte.php on line 11.
 1 SYSTEMPATH/CodeIgniter.php(903): App\Controllers\Compte->__construct()
 2 SYSTEMPATH/CodeIgniter.php(500): CodeIgniter\CodeIgniter->createController()
 3 SYSTEMPATH/CodeIgniter.php(355): CodeIgniter\CodeIgniter->handleRequest(null, Object(Config\Cache), false)
 4 SYSTEMPATH/Boot.php(325): CodeIgniter\CodeIgniter->run()
 5 SYSTEMPATH/Boot.php(67): CodeIgniter\Boot::runCodeIgniter(Object(CodeIgniter\CodeIgniter))
 6 FCPATH/index.php(56): CodeIgniter\Boot::bootWeb(Object(Config\Paths))
INFO - 2025-11-25 13:03:43 --> Session: Class initialized using 'CodeIgniter\Session\Handlers\FileHandler' driver.
WARNING - 2025-11-25 13:05:02 --> [DEPRECATED] Passing lowercase HTTP method "get" is deprecated. Use uppercase HTTP method like "GET". in SYSTEMPATH/Router/RouteCollection.php on line 1027.
 1 SYSTEMPATH/Router/RouteCollection.php(1027): trigger_error('Passing lowercase HTTP method "get" is deprecated. Use uppercase HTTP method like "GET".', 16384)
 2 APPPATH/Config/Routes.php(51): CodeIgniter\Router\RouteCollection->match([...], 'compte/repondre/(:num)', 'Compte::repondre/$1')
 3 SYSTEMPATH/Router/RouteCollection.php(340): require('/home/2025DIFAL3/e22308557/public_html/V1/ci/app/Config/Routes.php')
 4 SYSTEMPATH/CodeIgniter.php(823): CodeIgniter\Router\RouteCollection->loadRoutes()
 5 SYSTEMPATH/CodeIgniter.php(457): CodeIgniter\CodeIgniter->tryToRouteIt(null)
 6 SYSTEMPATH/CodeIgniter.php(355): CodeIgniter\CodeIgniter->handleRequest(null, Object(Config\Cache), false)
 7 SYSTEMPATH/Boot.php(325): CodeIgniter\CodeIgniter->run()
 8 SYSTEMPATH/Boot.php(67): CodeIgniter\Boot::runCodeIgniter(Object(CodeIgniter\CodeIgniter))
 9 FCPATH/index.php(56): CodeIgniter\Boot::bootWeb(Object(Config\Paths))
WARNING - 2025-11-25 13:05:02 --> [DEPRECATED] Passing lowercase HTTP method "post" is deprecated. Use uppercase HTTP method like "POST". in SYSTEMPATH/Router/RouteCollection.php on line 1027.
 1 SYSTEMPATH/Router/RouteCollection.php(1027): trigger_error('Passing lowercase HTTP method "post" is deprecated. Use uppercase HTTP method like "POST".', 16384)
 2 APPPATH/Config/Routes.php(51): CodeIgniter\Router\RouteCollection->match([...], 'compte/repondre/(:num)', 'Compte::repondre/$1')
 3 SYSTEMPATH/Router/RouteCollection.php(340): require('/home/2025DIFAL3/e22308557/public_html/V1/ci/app/Config/Routes.php')
 4 SYSTEMPATH/CodeIgniter.php(823): CodeIgniter\Router\RouteCollection->loadRoutes()
 5 SYSTEMPATH/CodeIgniter.php(457): CodeIgniter\CodeIgniter->tryToRouteIt(null)
 6 SYSTEMPATH/CodeIgniter.php(355): CodeIgniter\CodeIgniter->handleRequest(null, Object(Config\Cache), false)
 7 SYSTEMPATH/Boot.php(325): CodeIgniter\CodeIgniter->run()
 8 SYSTEMPATH/Boot.php(67): CodeIgniter\Boot::runCodeIgniter(Object(CodeIgniter\CodeIgniter))
 9 FCPATH/index.php(56): CodeIgniter\Boot::bootWeb(Object(Config\Paths))
WARNING - 2025-11-25 13:05:02 --> [DEPRECATED] Creation of dynamic property App\Controllers\Compte::$model is deprecated in APPPATH/Controllers/Compte.php on line 11.
 1 SYSTEMPATH/CodeIgniter.php(903): App\Controllers\Compte->__construct()
 2 SYSTEMPATH/CodeIgniter.php(500): CodeIgniter\CodeIgniter->createController()
 3 SYSTEMPATH/CodeIgniter.php(355): CodeIgniter\CodeIgniter->handleRequest(null, Object(Config\Cache), false)
 4 SYSTEMPATH/Boot.php(325): CodeIgniter\CodeIgniter->run()
 5 SYSTEMPATH/Boot.php(67): CodeIgniter\Boot::runCodeIgniter(Object(CodeIgniter\CodeIgniter))
 6 FCPATH/index.php(56): CodeIgniter\Boot::bootWeb(Object(Config\Paths))
INFO - 2025-11-25 13:05:02 --> Session: Class initialized using 'CodeIgniter\Session\Handlers\FileHandler' driver.
WARNING - 2025-11-25 13:05:05 --> [DEPRECATED] Passing lowercase HTTP method "get" is deprecated. Use uppercase HTTP method like "GET". in SYSTEMPATH/Router/RouteCollection.php on line 1027.
 1 SYSTEMPATH/Router/RouteCollection.php(1027): trigger_error('Passing lowercase HTTP method "get" is deprecated. Use uppercase HTTP method like "GET".', 16384)
 2 APPPATH/Config/Routes.php(51): CodeIgniter\Router\RouteCollection->match([...], 'compte/repondre/(:num)', 'Compte::repondre/$1')
 3 SYSTEMPATH/Router/RouteCollection.php(340): require('/home/2025DIFAL3/e22308557/public_html/V1/ci/app/Config/Routes.php')
 4 SYSTEMPATH/CodeIgniter.php(823): CodeIgniter\Router\RouteCollection->loadRoutes()
 5 SYSTEMPATH/CodeIgniter.php(457): CodeIgniter\CodeIgniter->tryToRouteIt(null)
 6 SYSTEMPATH/CodeIgniter.php(355): CodeIgniter\CodeIgniter->handleRequest(null, Object(Config\Cache), false)
 7 SYSTEMPATH/Boot.php(325): CodeIgniter\CodeIgniter->run()
 8 SYSTEMPATH/Boot.php(67): CodeIgniter\Boot::runCodeIgniter(Object(CodeIgniter\CodeIgniter))
 9 FCPATH/index.php(56): CodeIgniter\Boot::bootWeb(Object(Config\Paths))
WARNING - 2025-11-25 13:05:05 --> [DEPRECATED] Passing lowercase HTTP method "post" is deprecated. Use uppercase HTTP method like "POST". in SYSTEMPATH/Router/RouteCollection.php on line 1027.
 1 SYSTEMPATH/Router/RouteCollection.php(1027): trigger_error('Passing lowercase HTTP method "post" is deprecated. Use uppercase HTTP method like "POST".', 16384)
 2 APPPATH/Config/Routes.php(51): CodeIgniter\Router\RouteCollection->match([...], 'compte/repondre/(:num)', 'Compte::repondre/$1')
 3 SYSTEMPATH/Router/RouteCollection.php(340): require('/home/2025DIFAL3/e22308557/public_html/V1/ci/app/Config/Routes.php')
 4 SYSTEMPATH/CodeIgniter.php(823): CodeIgniter\Router\RouteCollection->loadRoutes()
 5 SYSTEMPATH/CodeIgniter.php(457): CodeIgniter\CodeIgniter->tryToRouteIt(null)
 6 SYSTEMPATH/CodeIgniter.php(355): CodeIgniter\CodeIgniter->handleRequest(null, Object(Config\Cache), false)
 7 SYSTEMPATH/Boot.php(325): CodeIgniter\CodeIgniter->run()
 8 SYSTEMPATH/Boot.php(67): CodeIgniter\Boot::runCodeIgniter(Object(CodeIgniter\CodeIgniter))
 9 FCPATH/index.php(56): CodeIgniter\Boot::bootWeb(Object(Config\Paths))
WARNING - 2025-11-25 13:05:05 --> [DEPRECATED] Creation of dynamic property App\Controllers\Compte::$model is deprecated in APPPATH/Controllers/Compte.php on line 11.
 1 SYSTEMPATH/CodeIgniter.php(903): App\Controllers\Compte->__construct()
 2 SYSTEMPATH/CodeIgniter.php(500): CodeIgniter\CodeIgniter->createController()
 3 SYSTEMPATH/CodeIgniter.php(355): CodeIgniter\CodeIgniter->handleRequest(null, Object(Config\Cache), false)
 4 SYSTEMPATH/Boot.php(325): CodeIgniter\CodeIgniter->run()
 5 SYSTEMPATH/Boot.php(67): CodeIgniter\Boot::runCodeIgniter(Object(CodeIgniter\CodeIgniter))
 6 FCPATH/index.php(56): CodeIgniter\Boot::bootWeb(Object(Config\Paths))
INFO - 2025-11-25 13:05:05 --> Session: Class initialized using 'CodeIgniter\Session\Handlers\FileHandler' driver.
WARNING - 2025-11-25 13:05:31 --> [DEPRECATED] Passing lowercase HTTP method "get" is deprecated. Use uppercase HTTP method like "GET". in SYSTEMPATH/Router/RouteCollection.php on line 1027.
 1 SYSTEMPATH/Router/RouteCollection.php(1027): trigger_error('Passing lowercase HTTP method "get" is deprecated. Use uppercase HTTP method like "GET".', 16384)
 2 APPPATH/Config/Routes.php(51): CodeIgniter\Router\RouteCollection->match([...], 'compte/repondre/(:num)', 'Compte::repondre/$1')
 3 SYSTEMPATH/Router/RouteCollection.php(340): require('/home/2025DIFAL3/e22308557/public_html/V1/ci/app/Config/Routes.php')
 4 SYSTEMPATH/CodeIgniter.php(823): CodeIgniter\Router\RouteCollection->loadRoutes()
 5 SYSTEMPATH/CodeIgniter.php(457): CodeIgniter\CodeIgniter->tryToRouteIt(null)
 6 SYSTEMPATH/CodeIgniter.php(355): CodeIgniter\CodeIgniter->handleRequest(null, Object(Config\Cache), false)
 7 SYSTEMPATH/Boot.php(325): CodeIgniter\CodeIgniter->run()
 8 SYSTEMPATH/Boot.php(67): CodeIgniter\Boot::runCodeIgniter(Object(CodeIgniter\CodeIgniter))
 9 FCPATH/index.php(56): CodeIgniter\Boot::bootWeb(Object(Config\Paths))
WARNING - 2025-11-25 13:05:31 --> [DEPRECATED] Passing lowercase HTTP method "post" is deprecated. Use uppercase HTTP method like "POST". in SYSTEMPATH/Router/RouteCollection.php on line 1027.
 1 SYSTEMPATH/Router/RouteCollection.php(1027): trigger_error('Passing lowercase HTTP method "post" is deprecated. Use uppercase HTTP method like "POST".', 16384)
 2 APPPATH/Config/Routes.php(51): CodeIgniter\Router\RouteCollection->match([...], 'compte/repondre/(:num)', 'Compte::repondre/$1')
 3 SYSTEMPATH/Router/RouteCollection.php(340): require('/home/2025DIFAL3/e22308557/public_html/V1/ci/app/Config/Routes.php')
 4 SYSTEMPATH/CodeIgniter.php(823): CodeIgniter\Router\RouteCollection->loadRoutes()
 5 SYSTEMPATH/CodeIgniter.php(457): CodeIgniter\CodeIgniter->tryToRouteIt(null)
 6 SYSTEMPATH/CodeIgniter.php(355): CodeIgniter\CodeIgniter->handleRequest(null, Object(Config\Cache), false)
 7 SYSTEMPATH/Boot.php(325): CodeIgniter\CodeIgniter->run()
 8 SYSTEMPATH/Boot.php(67): CodeIgniter\Boot::runCodeIgniter(Object(CodeIgniter\CodeIgniter))
 9 FCPATH/index.php(56): CodeIgniter\Boot::bootWeb(Object(Config\Paths))
WARNING - 2025-11-25 13:05:31 --> [DEPRECATED] Creation of dynamic property App\Controllers\Compte::$model is deprecated in APPPATH/Controllers/Compte.php on line 11.
 1 SYSTEMPATH/CodeIgniter.php(903): App\Controllers\Compte->__construct()
 2 SYSTEMPATH/CodeIgniter.php(500): CodeIgniter\CodeIgniter->createController()
 3 SYSTEMPATH/CodeIgniter.php(355): CodeIgniter\CodeIgniter->handleRequest(null, Object(Config\Cache), false)
 4 SYSTEMPATH/Boot.php(325): CodeIgniter\CodeIgniter->run()
 5 SYSTEMPATH/Boot.php(67): CodeIgniter\Boot::runCodeIgniter(Object(CodeIgniter\CodeIgniter))
 6 FCPATH/index.php(56): CodeIgniter\Boot::bootWeb(Object(Config\Paths))
INFO - 2025-11-25 13:05:31 --> Session: Class initialized using 'CodeIgniter\Session\Handlers\FileHandler' driver.
WARNING - 2025-11-25 13:05:42 --> [DEPRECATED] Passing lowercase HTTP method "get" is deprecated. Use uppercase HTTP method like "GET". in SYSTEMPATH/Router/RouteCollection.php on line 1027.
 1 SYSTEMPATH/Router/RouteCollection.php(1027): trigger_error('Passing lowercase HTTP method "get" is deprecated. Use uppercase HTTP method like "GET".', 16384)
 2 APPPATH/Config/Routes.php(51): CodeIgniter\Router\RouteCollection->match([...], 'compte/repondre/(:num)', 'Compte::repondre/$1')
 3 SYSTEMPATH/Router/RouteCollection.php(340): require('/home/2025DIFAL3/e22308557/public_html/V1/ci/app/Config/Routes.php')
 4 SYSTEMPATH/CodeIgniter.php(823): CodeIgniter\Router\RouteCollection->loadRoutes()
 5 SYSTEMPATH/CodeIgniter.php(457): CodeIgniter\CodeIgniter->tryToRouteIt(null)
 6 SYSTEMPATH/CodeIgniter.php(355): CodeIgniter\CodeIgniter->handleRequest(null, Object(Config\Cache), false)
 7 SYSTEMPATH/Boot.php(325): CodeIgniter\CodeIgniter->run()
 8 SYSTEMPATH/Boot.php(67): CodeIgniter\Boot::runCodeIgniter(Object(CodeIgniter\CodeIgniter))
 9 FCPATH/index.php(56): CodeIgniter\Boot::bootWeb(Object(Config\Paths))
WARNING - 2025-11-25 13:05:42 --> [DEPRECATED] Passing lowercase HTTP method "post" is deprecated. Use uppercase HTTP method like "POST". in SYSTEMPATH/Router/RouteCollection.php on line 1027.
 1 SYSTEMPATH/Router/RouteCollection.php(1027): trigger_error('Passing lowercase HTTP method "post" is deprecated. Use uppercase HTTP method like "POST".', 16384)
 2 APPPATH/Config/Routes.php(51): CodeIgniter\Router\RouteCollection->match([...], 'compte/repondre/(:num)', 'Compte::repondre/$1')
 3 SYSTEMPATH/Router/RouteCollection.php(340): require('/home/2025DIFAL3/e22308557/public_html/V1/ci/app/Config/Routes.php')
 4 SYSTEMPATH/CodeIgniter.php(823): CodeIgniter\Router\RouteCollection->loadRoutes()
 5 SYSTEMPATH/CodeIgniter.php(457): CodeIgniter\CodeIgniter->tryToRouteIt(null)
 6 SYSTEMPATH/CodeIgniter.php(355): CodeIgniter\CodeIgniter->handleRequest(null, Object(Config\Cache), false)
 7 SYSTEMPATH/Boot.php(325): CodeIgniter\CodeIgniter->run()
 8 SYSTEMPATH/Boot.php(67): CodeIgniter\Boot::runCodeIgniter(Object(CodeIgniter\CodeIgniter))
 9 FCPATH/index.php(56): CodeIgniter\Boot::bootWeb(Object(Config\Paths))
WARNING - 2025-11-25 13:05:42 --> [DEPRECATED] Creation of dynamic property App\Controllers\Compte::$model is deprecated in APPPATH/Controllers/Compte.php on line 11.
 1 SYSTEMPATH/CodeIgniter.php(903): App\Controllers\Compte->__construct()
 2 SYSTEMPATH/CodeIgniter.php(500): CodeIgniter\CodeIgniter->createController()
 3 SYSTEMPATH/CodeIgniter.php(355): CodeIgniter\CodeIgniter->handleRequest(null, Object(Config\Cache), false)
 4 SYSTEMPATH/Boot.php(325): CodeIgniter\CodeIgniter->run()
 5 SYSTEMPATH/Boot.php(67): CodeIgniter\Boot::runCodeIgniter(Object(CodeIgniter\CodeIgniter))
 6 FCPATH/index.php(56): CodeIgniter\Boot::bootWeb(Object(Config\Paths))
INFO - 2025-11-25 13:05:42 --> Session: Class initialized using 'CodeIgniter\Session\Handlers\FileHandler' driver.
WARNING - 2025-11-25 13:10:10 --> [DEPRECATED] Passing lowercase HTTP method "get" is deprecated. Use uppercase HTTP method like "GET". in SYSTEMPATH/Router/RouteCollection.php on line 1027.
 1 SYSTEMPATH/Router/RouteCollection.php(1027): trigger_error('Passing lowercase HTTP method "get" is deprecated. Use uppercase HTTP method like "GET".', 16384)
 2 APPPATH/Config/Routes.php(51): CodeIgniter\Router\RouteCollection->match([...], 'compte/repondre/(:num)', 'Compte::repondre/$1')
 3 SYSTEMPATH/Router/RouteCollection.php(340): require('/home/2025DIFAL3/e22308557/public_html/V1/ci/app/Config/Routes.php')
 4 SYSTEMPATH/CodeIgniter.php(823): CodeIgniter\Router\RouteCollection->loadRoutes()
 5 SYSTEMPATH/CodeIgniter.php(457): CodeIgniter\CodeIgniter->tryToRouteIt(null)
 6 SYSTEMPATH/CodeIgniter.php(355): CodeIgniter\CodeIgniter->handleRequest(null, Object(Config\Cache), false)
 7 SYSTEMPATH/Boot.php(325): CodeIgniter\CodeIgniter->run()
 8 SYSTEMPATH/Boot.php(67): CodeIgniter\Boot::runCodeIgniter(Object(CodeIgniter\CodeIgniter))
 9 FCPATH/index.php(56): CodeIgniter\Boot::bootWeb(Object(Config\Paths))
WARNING - 2025-11-25 13:10:10 --> [DEPRECATED] Passing lowercase HTTP method "post" is deprecated. Use uppercase HTTP method like "POST". in SYSTEMPATH/Router/RouteCollection.php on line 1027.
 1 SYSTEMPATH/Router/RouteCollection.php(1027): trigger_error('Passing lowercase HTTP method "post" is deprecated. Use uppercase HTTP method like "POST".', 16384)
 2 APPPATH/Config/Routes.php(51): CodeIgniter\Router\RouteCollection->match([...], 'compte/repondre/(:num)', 'Compte::repondre/$1')
 3 SYSTEMPATH/Router/RouteCollection.php(340): require('/home/2025DIFAL3/e22308557/public_html/V1/ci/app/Config/Routes.php')
 4 SYSTEMPATH/CodeIgniter.php(823): CodeIgniter\Router\RouteCollection->loadRoutes()
 5 SYSTEMPATH/CodeIgniter.php(457): CodeIgniter\CodeIgniter->tryToRouteIt(null)
 6 SYSTEMPATH/CodeIgniter.php(355): CodeIgniter\CodeIgniter->handleRequest(null, Object(Config\Cache), false)
 7 SYSTEMPATH/Boot.php(325): CodeIgniter\CodeIgniter->run()
 8 SYSTEMPATH/Boot.php(67): CodeIgniter\Boot::runCodeIgniter(Object(CodeIgniter\CodeIgniter))
 9 FCPATH/index.php(56): CodeIgniter\Boot::bootWeb(Object(Config\Paths))
WARNING - 2025-11-25 13:10:11 --> [DEPRECATED] Creation of dynamic property App\Controllers\Compte::$model is deprecated in APPPATH/Controllers/Compte.php on line 11.
 1 SYSTEMPATH/CodeIgniter.php(903): App\Controllers\Compte->__construct()
 2 SYSTEMPATH/CodeIgniter.php(500): CodeIgniter\CodeIgniter->createController()
 3 SYSTEMPATH/CodeIgniter.php(355): CodeIgniter\CodeIgniter->handleRequest(null, Object(Config\Cache), false)
 4 SYSTEMPATH/Boot.php(325): CodeIgniter\CodeIgniter->run()
 5 SYSTEMPATH/Boot.php(67): CodeIgniter\Boot::runCodeIgniter(Object(CodeIgniter\CodeIgniter))
 6 FCPATH/index.php(56): CodeIgniter\Boot::bootWeb(Object(Config\Paths))
INFO - 2025-11-25 13:10:11 --> Session: Class initialized using 'CodeIgniter\Session\Handlers\FileHandler' driver.
WARNING - 2025-11-25 13:10:37 --> [DEPRECATED] Passing lowercase HTTP method "get" is deprecated. Use uppercase HTTP method like "GET". in SYSTEMPATH/Router/RouteCollection.php on line 1027.
 1 SYSTEMPATH/Router/RouteCollection.php(1027): trigger_error('Passing lowercase HTTP method "get" is deprecated. Use uppercase HTTP method like "GET".', 16384)
 2 APPPATH/Config/Routes.php(51): CodeIgniter\Router\RouteCollection->match([...], 'compte/repondre/(:num)', 'Compte::repondre/$1')
 3 SYSTEMPATH/Router/RouteCollection.php(340): require('/home/2025DIFAL3/e22308557/public_html/V1/ci/app/Config/Routes.php')
 4 SYSTEMPATH/CodeIgniter.php(823): CodeIgniter\Router\RouteCollection->loadRoutes()
 5 SYSTEMPATH/CodeIgniter.php(457): CodeIgniter\CodeIgniter->tryToRouteIt(null)
 6 SYSTEMPATH/CodeIgniter.php(355): CodeIgniter\CodeIgniter->handleRequest(null, Object(Config\Cache), false)
 7 SYSTEMPATH/Boot.php(325): CodeIgniter\CodeIgniter->run()
 8 SYSTEMPATH/Boot.php(67): CodeIgniter\Boot::runCodeIgniter(Object(CodeIgniter\CodeIgniter))
 9 FCPATH/index.php(56): CodeIgniter\Boot::bootWeb(Object(Config\Paths))
WARNING - 2025-11-25 13:10:37 --> [DEPRECATED] Passing lowercase HTTP method "post" is deprecated. Use uppercase HTTP method like "POST". in SYSTEMPATH/Router/RouteCollection.php on line 1027.
 1 SYSTEMPATH/Router/RouteCollection.php(1027): trigger_error('Passing lowercase HTTP method "post" is deprecated. Use uppercase HTTP method like "POST".', 16384)
 2 APPPATH/Config/Routes.php(51): CodeIgniter\Router\RouteCollection->match([...], 'compte/repondre/(:num)', 'Compte::repondre/$1')
 3 SYSTEMPATH/Router/RouteCollection.php(340): require('/home/2025DIFAL3/e22308557/public_html/V1/ci/app/Config/Routes.php')
 4 SYSTEMPATH/CodeIgniter.php(823): CodeIgniter\Router\RouteCollection->loadRoutes()
 5 SYSTEMPATH/CodeIgniter.php(457): CodeIgniter\CodeIgniter->tryToRouteIt(null)
 6 SYSTEMPATH/CodeIgniter.php(355): CodeIgniter\CodeIgniter->handleRequest(null, Object(Config\Cache), false)
 7 SYSTEMPATH/Boot.php(325): CodeIgniter\CodeIgniter->run()
 8 SYSTEMPATH/Boot.php(67): CodeIgniter\Boot::runCodeIgniter(Object(CodeIgniter\CodeIgniter))
 9 FCPATH/index.php(56): CodeIgniter\Boot::bootWeb(Object(Config\Paths))
WARNING - 2025-11-25 13:10:37 --> [DEPRECATED] Creation of dynamic property App\Controllers\Compte::$model is deprecated in APPPATH/Controllers/Compte.php on line 11.
 1 SYSTEMPATH/CodeIgniter.php(903): App\Controllers\Compte->__construct()
 2 SYSTEMPATH/CodeIgniter.php(500): CodeIgniter\CodeIgniter->createController()
 3 SYSTEMPATH/CodeIgniter.php(355): CodeIgniter\CodeIgniter->handleRequest(null, Object(Config\Cache), false)
 4 SYSTEMPATH/Boot.php(325): CodeIgniter\CodeIgniter->run()
 5 SYSTEMPATH/Boot.php(67): CodeIgniter\Boot::runCodeIgniter(Object(CodeIgniter\CodeIgniter))
 6 FCPATH/index.php(56): CodeIgniter\Boot::bootWeb(Object(Config\Paths))
INFO - 2025-11-25 13:10:37 --> Session: Class initialized using 'CodeIgniter\Session\Handlers\FileHandler' driver.
WARNING - 2025-11-25 13:10:47 --> [DEPRECATED] Passing lowercase HTTP method "get" is deprecated. Use uppercase HTTP method like "GET". in SYSTEMPATH/Router/RouteCollection.php on line 1027.
 1 SYSTEMPATH/Router/RouteCollection.php(1027): trigger_error('Passing lowercase HTTP method "get" is deprecated. Use uppercase HTTP method like "GET".', 16384)
 2 APPPATH/Config/Routes.php(51): CodeIgniter\Router\RouteCollection->match([...], 'compte/repondre/(:num)', 'Compte::repondre/$1')
 3 SYSTEMPATH/Router/RouteCollection.php(340): require('/home/2025DIFAL3/e22308557/public_html/V1/ci/app/Config/Routes.php')
 4 SYSTEMPATH/CodeIgniter.php(823): CodeIgniter\Router\RouteCollection->loadRoutes()
 5 SYSTEMPATH/CodeIgniter.php(457): CodeIgniter\CodeIgniter->tryToRouteIt(null)
 6 SYSTEMPATH/CodeIgniter.php(355): CodeIgniter\CodeIgniter->handleRequest(null, Object(Config\Cache), false)
 7 SYSTEMPATH/Boot.php(325): CodeIgniter\CodeIgniter->run()
 8 SYSTEMPATH/Boot.php(67): CodeIgniter\Boot::runCodeIgniter(Object(CodeIgniter\CodeIgniter))
 9 FCPATH/index.php(56): CodeIgniter\Boot::bootWeb(Object(Config\Paths))
WARNING - 2025-11-25 13:10:47 --> [DEPRECATED] Passing lowercase HTTP method "post" is deprecated. Use uppercase HTTP method like "POST". in SYSTEMPATH/Router/RouteCollection.php on line 1027.
 1 SYSTEMPATH/Router/RouteCollection.php(1027): trigger_error('Passing lowercase HTTP method "post" is deprecated. Use uppercase HTTP method like "POST".', 16384)
 2 APPPATH/Config/Routes.php(51): CodeIgniter\Router\RouteCollection->match([...], 'compte/repondre/(:num)', 'Compte::repondre/$1')
 3 SYSTEMPATH/Router/RouteCollection.php(340): require('/home/2025DIFAL3/e22308557/public_html/V1/ci/app/Config/Routes.php')
 4 SYSTEMPATH/CodeIgniter.php(823): CodeIgniter\Router\RouteCollection->loadRoutes()
 5 SYSTEMPATH/CodeIgniter.php(457): CodeIgniter\CodeIgniter->tryToRouteIt(null)
 6 SYSTEMPATH/CodeIgniter.php(355): CodeIgniter\CodeIgniter->handleRequest(null, Object(Config\Cache), false)
 7 SYSTEMPATH/Boot.php(325): CodeIgniter\CodeIgniter->run()
 8 SYSTEMPATH/Boot.php(67): CodeIgniter\Boot::runCodeIgniter(Object(CodeIgniter\CodeIgniter))
 9 FCPATH/index.php(56): CodeIgniter\Boot::bootWeb(Object(Config\Paths))
WARNING - 2025-11-25 13:15:49 --> [DEPRECATED] Passing lowercase HTTP method "get" is deprecated. Use uppercase HTTP method like "GET". in SYSTEMPATH/Router/RouteCollection.php on line 1027.
 1 SYSTEMPATH/Router/RouteCollection.php(1027): trigger_error('Passing lowercase HTTP method "get" is deprecated. Use uppercase HTTP method like "GET".', 16384)
 2 APPPATH/Config/Routes.php(51): CodeIgniter\Router\RouteCollection->match([...], 'compte/repondre/(:num)', 'Compte::repondre/$1')
 3 SYSTEMPATH/Router/RouteCollection.php(340): require('/home/2025DIFAL3/e22308557/public_html/V1/ci/app/Config/Routes.php')
 4 SYSTEMPATH/CodeIgniter.php(823): CodeIgniter\Router\RouteCollection->loadRoutes()
 5 SYSTEMPATH/CodeIgniter.php(457): CodeIgniter\CodeIgniter->tryToRouteIt(null)
 6 SYSTEMPATH/CodeIgniter.php(355): CodeIgniter\CodeIgniter->handleRequest(null, Object(Config\Cache), false)
 7 SYSTEMPATH/Boot.php(325): CodeIgniter\CodeIgniter->run()
 8 SYSTEMPATH/Boot.php(67): CodeIgniter\Boot::runCodeIgniter(Object(CodeIgniter\CodeIgniter))
 9 FCPATH/index.php(56): CodeIgniter\Boot::bootWeb(Object(Config\Paths))
WARNING - 2025-11-25 13:15:49 --> [DEPRECATED] Passing lowercase HTTP method "post" is deprecated. Use uppercase HTTP method like "POST". in SYSTEMPATH/Router/RouteCollection.php on line 1027.
 1 SYSTEMPATH/Router/RouteCollection.php(1027): trigger_error('Passing lowercase HTTP method "post" is deprecated. Use uppercase HTTP method like "POST".', 16384)
 2 APPPATH/Config/Routes.php(51): CodeIgniter\Router\RouteCollection->match([...], 'compte/repondre/(:num)', 'Compte::repondre/$1')
 3 SYSTEMPATH/Router/RouteCollection.php(340): require('/home/2025DIFAL3/e22308557/public_html/V1/ci/app/Config/Routes.php')
 4 SYSTEMPATH/CodeIgniter.php(823): CodeIgniter\Router\RouteCollection->loadRoutes()
 5 SYSTEMPATH/CodeIgniter.php(457): CodeIgniter\CodeIgniter->tryToRouteIt(null)
 6 SYSTEMPATH/CodeIgniter.php(355): CodeIgniter\CodeIgniter->handleRequest(null, Object(Config\Cache), false)
 7 SYSTEMPATH/Boot.php(325): CodeIgniter\CodeIgniter->run()
 8 SYSTEMPATH/Boot.php(67): CodeIgniter\Boot::runCodeIgniter(Object(CodeIgniter\CodeIgniter))
 9 FCPATH/index.php(56): CodeIgniter\Boot::bootWeb(Object(Config\Paths))
WARNING - 2025-11-25 13:15:49 --> [DEPRECATED] Creation of dynamic property App\Controllers\Compte::$model is deprecated in APPPATH/Controllers/Compte.php on line 11.
 1 SYSTEMPATH/CodeIgniter.php(903): App\Controllers\Compte->__construct()
 2 SYSTEMPATH/CodeIgniter.php(500): CodeIgniter\CodeIgniter->createController()
 3 SYSTEMPATH/CodeIgniter.php(355): CodeIgniter\CodeIgniter->handleRequest(null, Object(Config\Cache), false)
 4 SYSTEMPATH/Boot.php(325): CodeIgniter\CodeIgniter->run()
 5 SYSTEMPATH/Boot.php(67): CodeIgniter\Boot::runCodeIgniter(Object(CodeIgniter\CodeIgniter))
 6 FCPATH/index.php(56): CodeIgniter\Boot::bootWeb(Object(Config\Paths))
INFO - 2025-11-25 13:15:49 --> Session: Class initialized using 'CodeIgniter\Session\Handlers\FileHandler' driver.
WARNING - 2025-11-25 13:15:59 --> [DEPRECATED] Passing lowercase HTTP method "get" is deprecated. Use uppercase HTTP method like "GET". in SYSTEMPATH/Router/RouteCollection.php on line 1027.
 1 SYSTEMPATH/Router/RouteCollection.php(1027): trigger_error('Passing lowercase HTTP method "get" is deprecated. Use uppercase HTTP method like "GET".', 16384)
 2 APPPATH/Config/Routes.php(51): CodeIgniter\Router\RouteCollection->match([...], 'compte/repondre/(:num)', 'Compte::repondre/$1')
 3 SYSTEMPATH/Router/RouteCollection.php(340): require('/home/2025DIFAL3/e22308557/public_html/V1/ci/app/Config/Routes.php')
 4 SYSTEMPATH/CodeIgniter.php(823): CodeIgniter\Router\RouteCollection->loadRoutes()
 5 SYSTEMPATH/CodeIgniter.php(457): CodeIgniter\CodeIgniter->tryToRouteIt(null)
 6 SYSTEMPATH/CodeIgniter.php(355): CodeIgniter\CodeIgniter->handleRequest(null, Object(Config\Cache), false)
 7 SYSTEMPATH/Boot.php(325): CodeIgniter\CodeIgniter->run()
 8 SYSTEMPATH/Boot.php(67): CodeIgniter\Boot::runCodeIgniter(Object(CodeIgniter\CodeIgniter))
 9 FCPATH/index.php(56): CodeIgniter\Boot::bootWeb(Object(Config\Paths))
WARNING - 2025-11-25 13:15:59 --> [DEPRECATED] Passing lowercase HTTP method "post" is deprecated. Use uppercase HTTP method like "POST". in SYSTEMPATH/Router/RouteCollection.php on line 1027.
 1 SYSTEMPATH/Router/RouteCollection.php(1027): trigger_error('Passing lowercase HTTP method "post" is deprecated. Use uppercase HTTP method like "POST".', 16384)
 2 APPPATH/Config/Routes.php(51): CodeIgniter\Router\RouteCollection->match([...], 'compte/repondre/(:num)', 'Compte::repondre/$1')
 3 SYSTEMPATH/Router/RouteCollection.php(340): require('/home/2025DIFAL3/e22308557/public_html/V1/ci/app/Config/Routes.php')
 4 SYSTEMPATH/CodeIgniter.php(823): CodeIgniter\Router\RouteCollection->loadRoutes()
 5 SYSTEMPATH/CodeIgniter.php(457): CodeIgniter\CodeIgniter->tryToRouteIt(null)
 6 SYSTEMPATH/CodeIgniter.php(355): CodeIgniter\CodeIgniter->handleRequest(null, Object(Config\Cache), false)
 7 SYSTEMPATH/Boot.php(325): CodeIgniter\CodeIgniter->run()
 8 SYSTEMPATH/Boot.php(67): CodeIgniter\Boot::runCodeIgniter(Object(CodeIgniter\CodeIgniter))
 9 FCPATH/index.php(56): CodeIgniter\Boot::bootWeb(Object(Config\Paths))
WARNING - 2025-11-25 13:15:59 --> [DEPRECATED] Creation of dynamic property App\Controllers\Compte::$model is deprecated in APPPATH/Controllers/Compte.php on line 11.
 1 SYSTEMPATH/CodeIgniter.php(903): App\Controllers\Compte->__construct()
 2 SYSTEMPATH/CodeIgniter.php(500): CodeIgniter\CodeIgniter->createController()
 3 SYSTEMPATH/CodeIgniter.php(355): CodeIgniter\CodeIgniter->handleRequest(null, Object(Config\Cache), false)
 4 SYSTEMPATH/Boot.php(325): CodeIgniter\CodeIgniter->run()
 5 SYSTEMPATH/Boot.php(67): CodeIgniter\Boot::runCodeIgniter(Object(CodeIgniter\CodeIgniter))
 6 FCPATH/index.php(56): CodeIgniter\Boot::bootWeb(Object(Config\Paths))
WARNING - 2025-11-25 13:15:59 --> [DEPRECATED] Passing lowercase HTTP method "get" is deprecated. Use uppercase HTTP method like "GET". in SYSTEMPATH/Router/RouteCollection.php on line 1027.
 1 SYSTEMPATH/Router/RouteCollection.php(1027): trigger_error('Passing lowercase HTTP method "get" is deprecated. Use uppercase HTTP method like "GET".', 16384)
 2 APPPATH/Config/Routes.php(51): CodeIgniter\Router\RouteCollection->match([...], 'compte/repondre/(:num)', 'Compte::repondre/$1')
 3 SYSTEMPATH/Router/RouteCollection.php(340): require('/home/2025DIFAL3/e22308557/public_html/V1/ci/app/Config/Routes.php')
 4 SYSTEMPATH/CodeIgniter.php(823): CodeIgniter\Router\RouteCollection->loadRoutes()
 5 SYSTEMPATH/CodeIgniter.php(457): CodeIgniter\CodeIgniter->tryToRouteIt(null)
 6 SYSTEMPATH/CodeIgniter.php(355): CodeIgniter\CodeIgniter->handleRequest(null, Object(Config\Cache), false)
 7 SYSTEMPATH/Boot.php(325): CodeIgniter\CodeIgniter->run()
 8 SYSTEMPATH/Boot.php(67): CodeIgniter\Boot::runCodeIgniter(Object(CodeIgniter\CodeIgniter))
 9 FCPATH/index.php(56): CodeIgniter\Boot::bootWeb(Object(Config\Paths))
WARNING - 2025-11-25 13:15:59 --> [DEPRECATED] Passing lowercase HTTP method "post" is deprecated. Use uppercase HTTP method like "POST". in SYSTEMPATH/Router/RouteCollection.php on line 1027.
 1 SYSTEMPATH/Router/RouteCollection.php(1027): trigger_error('Passing lowercase HTTP method "post" is deprecated. Use uppercase HTTP method like "POST".', 16384)
 2 APPPATH/Config/Routes.php(51): CodeIgniter\Router\RouteCollection->match([...], 'compte/repondre/(:num)', 'Compte::repondre/$1')
 3 SYSTEMPATH/Router/RouteCollection.php(340): require('/home/2025DIFAL3/e22308557/public_html/V1/ci/app/Config/Routes.php')
 4 SYSTEMPATH/CodeIgniter.php(823): CodeIgniter\Router\RouteCollection->loadRoutes()
 5 SYSTEMPATH/CodeIgniter.php(457): CodeIgniter\CodeIgniter->tryToRouteIt(null)
 6 SYSTEMPATH/CodeIgniter.php(355): CodeIgniter\CodeIgniter->handleRequest(null, Object(Config\Cache), false)
 7 SYSTEMPATH/Boot.php(325): CodeIgniter\CodeIgniter->run()
 8 SYSTEMPATH/Boot.php(67): CodeIgniter\Boot::runCodeIgniter(Object(CodeIgniter\CodeIgniter))
 9 FCPATH/index.php(56): CodeIgniter\Boot::bootWeb(Object(Config\Paths))
WARNING - 2025-11-25 13:20:54 --> [DEPRECATED] Passing lowercase HTTP method "get" is deprecated. Use uppercase HTTP method like "GET". in SYSTEMPATH/Router/RouteCollection.php on line 1027.
 1 SYSTEMPATH/Router/RouteCollection.php(1027): trigger_error('Passing lowercase HTTP method "get" is deprecated. Use uppercase HTTP method like "GET".', 16384)
 2 APPPATH/Config/Routes.php(51): CodeIgniter\Router\RouteCollection->match([...], 'compte/repondre/(:num)', 'Compte::repondre/$1')
 3 SYSTEMPATH/Router/RouteCollection.php(340): require('/home/2025DIFAL3/e22308557/public_html/V1/ci/app/Config/Routes.php')
 4 SYSTEMPATH/CodeIgniter.php(823): CodeIgniter\Router\RouteCollection->loadRoutes()
 5 SYSTEMPATH/CodeIgniter.php(457): CodeIgniter\CodeIgniter->tryToRouteIt(null)
 6 SYSTEMPATH/CodeIgniter.php(355): CodeIgniter\CodeIgniter->handleRequest(null, Object(Config\Cache), false)
 7 SYSTEMPATH/Boot.php(325): CodeIgniter\CodeIgniter->run()
 8 SYSTEMPATH/Boot.php(67): CodeIgniter\Boot::runCodeIgniter(Object(CodeIgniter\CodeIgniter))
 9 FCPATH/index.php(56): CodeIgniter\Boot::bootWeb(Object(Config\Paths))
WARNING - 2025-11-25 13:20:54 --> [DEPRECATED] Passing lowercase HTTP method "post" is deprecated. Use uppercase HTTP method like "POST". in SYSTEMPATH/Router/RouteCollection.php on line 1027.
 1 SYSTEMPATH/Router/RouteCollection.php(1027): trigger_error('Passing lowercase HTTP method "post" is deprecated. Use uppercase HTTP method like "POST".', 16384)
 2 APPPATH/Config/Routes.php(51): CodeIgniter\Router\RouteCollection->match([...], 'compte/repondre/(:num)', 'Compte::repondre/$1')
 3 SYSTEMPATH/Router/RouteCollection.php(340): require('/home/2025DIFAL3/e22308557/public_html/V1/ci/app/Config/Routes.php')
 4 SYSTEMPATH/CodeIgniter.php(823): CodeIgniter\Router\RouteCollection->loadRoutes()
 5 SYSTEMPATH/CodeIgniter.php(457): CodeIgniter\CodeIgniter->tryToRouteIt(null)
 6 SYSTEMPATH/CodeIgniter.php(355): CodeIgniter\CodeIgniter->handleRequest(null, Object(Config\Cache), false)
 7 SYSTEMPATH/Boot.php(325): CodeIgniter\CodeIgniter->run()
 8 SYSTEMPATH/Boot.php(67): CodeIgniter\Boot::runCodeIgniter(Object(CodeIgniter\CodeIgniter))
 9 FCPATH/index.php(56): CodeIgniter\Boot::bootWeb(Object(Config\Paths))
WARNING - 2025-11-25 13:21:12 --> [DEPRECATED] Passing lowercase HTTP method "get" is deprecated. Use uppercase HTTP method like "GET". in SYSTEMPATH/Router/RouteCollection.php on line 1027.
 1 SYSTEMPATH/Router/RouteCollection.php(1027): trigger_error('Passing lowercase HTTP method "get" is deprecated. Use uppercase HTTP method like "GET".', 16384)
 2 APPPATH/Config/Routes.php(51): CodeIgniter\Router\RouteCollection->match([...], 'compte/repondre/(:num)', 'Compte::repondre/$1')
 3 SYSTEMPATH/Router/RouteCollection.php(340): require('/home/2025DIFAL3/e22308557/public_html/V1/ci/app/Config/Routes.php')
 4 SYSTEMPATH/CodeIgniter.php(823): CodeIgniter\Router\RouteCollection->loadRoutes()
 5 SYSTEMPATH/CodeIgniter.php(457): CodeIgniter\CodeIgniter->tryToRouteIt(null)
 6 SYSTEMPATH/CodeIgniter.php(355): CodeIgniter\CodeIgniter->handleRequest(null, Object(Config\Cache), false)
 7 SYSTEMPATH/Boot.php(325): CodeIgniter\CodeIgniter->run()
 8 SYSTEMPATH/Boot.php(67): CodeIgniter\Boot::runCodeIgniter(Object(CodeIgniter\CodeIgniter))
 9 FCPATH/index.php(56): CodeIgniter\Boot::bootWeb(Object(Config\Paths))
WARNING - 2025-11-25 13:21:12 --> [DEPRECATED] Passing lowercase HTTP method "post" is deprecated. Use uppercase HTTP method like "POST". in SYSTEMPATH/Router/RouteCollection.php on line 1027.
 1 SYSTEMPATH/Router/RouteCollection.php(1027): trigger_error('Passing lowercase HTTP method "post" is deprecated. Use uppercase HTTP method like "POST".', 16384)
 2 APPPATH/Config/Routes.php(51): CodeIgniter\Router\RouteCollection->match([...], 'compte/repondre/(:num)', 'Compte::repondre/$1')
 3 SYSTEMPATH/Router/RouteCollection.php(340): require('/home/2025DIFAL3/e22308557/public_html/V1/ci/app/Config/Routes.php')
 4 SYSTEMPATH/CodeIgniter.php(823): CodeIgniter\Router\RouteCollection->loadRoutes()
 5 SYSTEMPATH/CodeIgniter.php(457): CodeIgniter\CodeIgniter->tryToRouteIt(null)
 6 SYSTEMPATH/CodeIgniter.php(355): CodeIgniter\CodeIgniter->handleRequest(null, Object(Config\Cache), false)
 7 SYSTEMPATH/Boot.php(325): CodeIgniter\CodeIgniter->run()
 8 SYSTEMPATH/Boot.php(67): CodeIgniter\Boot::runCodeIgniter(Object(CodeIgniter\CodeIgniter))
 9 FCPATH/index.php(56): CodeIgniter\Boot::bootWeb(Object(Config\Paths))
WARNING - 2025-11-25 13:21:13 --> [DEPRECATED] Passing lowercase HTTP method "get" is deprecated. Use uppercase HTTP method like "GET". in SYSTEMPATH/Router/RouteCollection.php on line 1027.
 1 SYSTEMPATH/Router/RouteCollection.php(1027): trigger_error('Passing lowercase HTTP method "get" is deprecated. Use uppercase HTTP method like "GET".', 16384)
 2 APPPATH/Config/Routes.php(51): CodeIgniter\Router\RouteCollection->match([...], 'compte/repondre/(:num)', 'Compte::repondre/$1')
 3 SYSTEMPATH/Router/RouteCollection.php(340): require('/home/2025DIFAL3/e22308557/public_html/V1/ci/app/Config/Routes.php')
 4 SYSTEMPATH/CodeIgniter.php(823): CodeIgniter\Router\RouteCollection->loadRoutes()
 5 SYSTEMPATH/CodeIgniter.php(457): CodeIgniter\CodeIgniter->tryToRouteIt(null)
 6 SYSTEMPATH/CodeIgniter.php(355): CodeIgniter\CodeIgniter->handleRequest(null, Object(Config\Cache), false)
 7 SYSTEMPATH/Boot.php(325): CodeIgniter\CodeIgniter->run()
 8 SYSTEMPATH/Boot.php(67): CodeIgniter\Boot::runCodeIgniter(Object(CodeIgniter\CodeIgniter))
 9 FCPATH/index.php(56): CodeIgniter\Boot::bootWeb(Object(Config\Paths))
WARNING - 2025-11-25 13:21:13 --> [DEPRECATED] Passing lowercase HTTP method "post" is deprecated. Use uppercase HTTP method like "POST". in SYSTEMPATH/Router/RouteCollection.php on line 1027.
 1 SYSTEMPATH/Router/RouteCollection.php(1027): trigger_error('Passing lowercase HTTP method "post" is deprecated. Use uppercase HTTP method like "POST".', 16384)
 2 APPPATH/Config/Routes.php(51): CodeIgniter\Router\RouteCollection->match([...], 'compte/repondre/(:num)', 'Compte::repondre/$1')
 3 SYSTEMPATH/Router/RouteCollection.php(340): require('/home/2025DIFAL3/e22308557/public_html/V1/ci/app/Config/Routes.php')
 4 SYSTEMPATH/CodeIgniter.php(823): CodeIgniter\Router\RouteCollection->loadRoutes()
 5 SYSTEMPATH/CodeIgniter.php(457): CodeIgniter\CodeIgniter->tryToRouteIt(null)
 6 SYSTEMPATH/CodeIgniter.php(355): CodeIgniter\CodeIgniter->handleRequest(null, Object(Config\Cache), false)
 7 SYSTEMPATH/Boot.php(325): CodeIgniter\CodeIgniter->run()
 8 SYSTEMPATH/Boot.php(67): CodeIgniter\Boot::runCodeIgniter(Object(CodeIgniter\CodeIgniter))
 9 FCPATH/index.php(56): CodeIgniter\Boot::bootWeb(Object(Config\Paths))
WARNING - 2025-11-25 13:21:13 --> [DEPRECATED] Creation of dynamic property App\Controllers\Compte::$model is deprecated in APPPATH/Controllers/Compte.php on line 11.
 1 SYSTEMPATH/CodeIgniter.php(903): App\Controllers\Compte->__construct()
 2 SYSTEMPATH/CodeIgniter.php(500): CodeIgniter\CodeIgniter->createController()
 3 SYSTEMPATH/CodeIgniter.php(355): CodeIgniter\CodeIgniter->handleRequest(null, Object(Config\Cache), false)
 4 SYSTEMPATH/Boot.php(325): CodeIgniter\CodeIgniter->run()
 5 SYSTEMPATH/Boot.php(67): CodeIgniter\Boot::runCodeIgniter(Object(CodeIgniter\CodeIgniter))
 6 FCPATH/index.php(56): CodeIgniter\Boot::bootWeb(Object(Config\Paths))
INFO - 2025-11-25 13:21:14 --> Session: Class initialized using 'CodeIgniter\Session\Handlers\FileHandler' driver.
WARNING - 2025-11-25 13:21:34 --> [DEPRECATED] Passing lowercase HTTP method "get" is deprecated. Use uppercase HTTP method like "GET". in SYSTEMPATH/Router/RouteCollection.php on line 1027.
 1 SYSTEMPATH/Router/RouteCollection.php(1027): trigger_error('Passing lowercase HTTP method "get" is deprecated. Use uppercase HTTP method like "GET".', 16384)
 2 APPPATH/Config/Routes.php(51): CodeIgniter\Router\RouteCollection->match([...], 'compte/repondre/(:num)', 'Compte::repondre/$1')
 3 SYSTEMPATH/Router/RouteCollection.php(340): require('/home/2025DIFAL3/e22308557/public_html/V1/ci/app/Config/Routes.php')
 4 SYSTEMPATH/CodeIgniter.php(823): CodeIgniter\Router\RouteCollection->loadRoutes()
 5 SYSTEMPATH/CodeIgniter.php(457): CodeIgniter\CodeIgniter->tryToRouteIt(null)
 6 SYSTEMPATH/CodeIgniter.php(355): CodeIgniter\CodeIgniter->handleRequest(null, Object(Config\Cache), false)
 7 SYSTEMPATH/Boot.php(325): CodeIgniter\CodeIgniter->run()
 8 SYSTEMPATH/Boot.php(67): CodeIgniter\Boot::runCodeIgniter(Object(CodeIgniter\CodeIgniter))
 9 FCPATH/index.php(56): CodeIgniter\Boot::bootWeb(Object(Config\Paths))
WARNING - 2025-11-25 13:21:34 --> [DEPRECATED] Passing lowercase HTTP method "post" is deprecated. Use uppercase HTTP method like "POST". in SYSTEMPATH/Router/RouteCollection.php on line 1027.
 1 SYSTEMPATH/Router/RouteCollection.php(1027): trigger_error('Passing lowercase HTTP method "post" is deprecated. Use uppercase HTTP method like "POST".', 16384)
 2 APPPATH/Config/Routes.php(51): CodeIgniter\Router\RouteCollection->match([...], 'compte/repondre/(:num)', 'Compte::repondre/$1')
 3 SYSTEMPATH/Router/RouteCollection.php(340): require('/home/2025DIFAL3/e22308557/public_html/V1/ci/app/Config/Routes.php')
 4 SYSTEMPATH/CodeIgniter.php(823): CodeIgniter\Router\RouteCollection->loadRoutes()
 5 SYSTEMPATH/CodeIgniter.php(457): CodeIgniter\CodeIgniter->tryToRouteIt(null)
 6 SYSTEMPATH/CodeIgniter.php(355): CodeIgniter\CodeIgniter->handleRequest(null, Object(Config\Cache), false)
 7 SYSTEMPATH/Boot.php(325): CodeIgniter\CodeIgniter->run()
 8 SYSTEMPATH/Boot.php(67): CodeIgniter\Boot::runCodeIgniter(Object(CodeIgniter\CodeIgniter))
 9 FCPATH/index.php(56): CodeIgniter\Boot::bootWeb(Object(Config\Paths))
WARNING - 2025-11-25 13:21:34 --> [DEPRECATED] Creation of dynamic property App\Controllers\Compte::$model is deprecated in APPPATH/Controllers/Compte.php on line 11.
 1 SYSTEMPATH/CodeIgniter.php(903): App\Controllers\Compte->__construct()
 2 SYSTEMPATH/CodeIgniter.php(500): CodeIgniter\CodeIgniter->createController()
 3 SYSTEMPATH/CodeIgniter.php(355): CodeIgniter\CodeIgniter->handleRequest(null, Object(Config\Cache), false)
 4 SYSTEMPATH/Boot.php(325): CodeIgniter\CodeIgniter->run()
 5 SYSTEMPATH/Boot.php(67): CodeIgniter\Boot::runCodeIgniter(Object(CodeIgniter\CodeIgniter))
 6 FCPATH/index.php(56): CodeIgniter\Boot::bootWeb(Object(Config\Paths))
INFO - 2025-11-25 13:21:34 --> Session: Class initialized using 'CodeIgniter\Session\Handlers\FileHandler' driver.
WARNING - 2025-11-25 13:21:47 --> [DEPRECATED] Passing lowercase HTTP method "get" is deprecated. Use uppercase HTTP method like "GET". in SYSTEMPATH/Router/RouteCollection.php on line 1027.
 1 SYSTEMPATH/Router/RouteCollection.php(1027): trigger_error('Passing lowercase HTTP method "get" is deprecated. Use uppercase HTTP method like "GET".', 16384)
 2 APPPATH/Config/Routes.php(51): CodeIgniter\Router\RouteCollection->match([...], 'compte/repondre/(:num)', 'Compte::repondre/$1')
 3 SYSTEMPATH/Router/RouteCollection.php(340): require('/home/2025DIFAL3/e22308557/public_html/V1/ci/app/Config/Routes.php')
 4 SYSTEMPATH/CodeIgniter.php(823): CodeIgniter\Router\RouteCollection->loadRoutes()
 5 SYSTEMPATH/CodeIgniter.php(457): CodeIgniter\CodeIgniter->tryToRouteIt(null)
 6 SYSTEMPATH/CodeIgniter.php(355): CodeIgniter\CodeIgniter->handleRequest(null, Object(Config\Cache), false)
 7 SYSTEMPATH/Boot.php(325): CodeIgniter\CodeIgniter->run()
 8 SYSTEMPATH/Boot.php(67): CodeIgniter\Boot::runCodeIgniter(Object(CodeIgniter\CodeIgniter))
 9 FCPATH/index.php(56): CodeIgniter\Boot::bootWeb(Object(Config\Paths))
WARNING - 2025-11-25 13:21:47 --> [DEPRECATED] Passing lowercase HTTP method "post" is deprecated. Use uppercase HTTP method like "POST". in SYSTEMPATH/Router/RouteCollection.php on line 1027.
 1 SYSTEMPATH/Router/RouteCollection.php(1027): trigger_error('Passing lowercase HTTP method "post" is deprecated. Use uppercase HTTP method like "POST".', 16384)
 2 APPPATH/Config/Routes.php(51): CodeIgniter\Router\RouteCollection->match([...], 'compte/repondre/(:num)', 'Compte::repondre/$1')
 3 SYSTEMPATH/Router/RouteCollection.php(340): require('/home/2025DIFAL3/e22308557/public_html/V1/ci/app/Config/Routes.php')
 4 SYSTEMPATH/CodeIgniter.php(823): CodeIgniter\Router\RouteCollection->loadRoutes()
 5 SYSTEMPATH/CodeIgniter.php(457): CodeIgniter\CodeIgniter->tryToRouteIt(null)
 6 SYSTEMPATH/CodeIgniter.php(355): CodeIgniter\CodeIgniter->handleRequest(null, Object(Config\Cache), false)
 7 SYSTEMPATH/Boot.php(325): CodeIgniter\CodeIgniter->run()
 8 SYSTEMPATH/Boot.php(67): CodeIgniter\Boot::runCodeIgniter(Object(CodeIgniter\CodeIgniter))
 9 FCPATH/index.php(56): CodeIgniter\Boot::bootWeb(Object(Config\Paths))
WARNING - 2025-11-25 13:21:47 --> [DEPRECATED] Creation of dynamic property App\Controllers\Compte::$model is deprecated in APPPATH/Controllers/Compte.php on line 11.
 1 SYSTEMPATH/CodeIgniter.php(903): App\Controllers\Compte->__construct()
 2 SYSTEMPATH/CodeIgniter.php(500): CodeIgniter\CodeIgniter->createController()
 3 SYSTEMPATH/CodeIgniter.php(355): CodeIgniter\CodeIgniter->handleRequest(null, Object(Config\Cache), false)
 4 SYSTEMPATH/Boot.php(325): CodeIgniter\CodeIgniter->run()
 5 SYSTEMPATH/Boot.php(67): CodeIgniter\Boot::runCodeIgniter(Object(CodeIgniter\CodeIgniter))
 6 FCPATH/index.php(56): CodeIgniter\Boot::bootWeb(Object(Config\Paths))
INFO - 2025-11-25 13:21:47 --> Session: Class initialized using 'CodeIgniter\Session\Handlers\FileHandler' driver.
WARNING - 2025-11-25 13:21:48 --> [DEPRECATED] Passing lowercase HTTP method "get" is deprecated. Use uppercase HTTP method like "GET". in SYSTEMPATH/Router/RouteCollection.php on line 1027.
 1 SYSTEMPATH/Router/RouteCollection.php(1027): trigger_error('Passing lowercase HTTP method "get" is deprecated. Use uppercase HTTP method like "GET".', 16384)
 2 APPPATH/Config/Routes.php(51): CodeIgniter\Router\RouteCollection->match([...], 'compte/repondre/(:num)', 'Compte::repondre/$1')
 3 SYSTEMPATH/Router/RouteCollection.php(340): require('/home/2025DIFAL3/e22308557/public_html/V1/ci/app/Config/Routes.php')
 4 SYSTEMPATH/CodeIgniter.php(823): CodeIgniter\Router\RouteCollection->loadRoutes()
 5 SYSTEMPATH/CodeIgniter.php(457): CodeIgniter\CodeIgniter->tryToRouteIt(null)
 6 SYSTEMPATH/CodeIgniter.php(355): CodeIgniter\CodeIgniter->handleRequest(null, Object(Config\Cache), false)
 7 SYSTEMPATH/Boot.php(325): CodeIgniter\CodeIgniter->run()
 8 SYSTEMPATH/Boot.php(67): CodeIgniter\Boot::runCodeIgniter(Object(CodeIgniter\CodeIgniter))
 9 FCPATH/index.php(56): CodeIgniter\Boot::bootWeb(Object(Config\Paths))
WARNING - 2025-11-25 13:21:48 --> [DEPRECATED] Passing lowercase HTTP method "post" is deprecated. Use uppercase HTTP method like "POST". in SYSTEMPATH/Router/RouteCollection.php on line 1027.
 1 SYSTEMPATH/Router/RouteCollection.php(1027): trigger_error('Passing lowercase HTTP method "post" is deprecated. Use uppercase HTTP method like "POST".', 16384)
 2 APPPATH/Config/Routes.php(51): CodeIgniter\Router\RouteCollection->match([...], 'compte/repondre/(:num)', 'Compte::repondre/$1')
 3 SYSTEMPATH/Router/RouteCollection.php(340): require('/home/2025DIFAL3/e22308557/public_html/V1/ci/app/Config/Routes.php')
 4 SYSTEMPATH/CodeIgniter.php(823): CodeIgniter\Router\RouteCollection->loadRoutes()
 5 SYSTEMPATH/CodeIgniter.php(457): CodeIgniter\CodeIgniter->tryToRouteIt(null)
 6 SYSTEMPATH/CodeIgniter.php(355): CodeIgniter\CodeIgniter->handleRequest(null, Object(Config\Cache), false)
 7 SYSTEMPATH/Boot.php(325): CodeIgniter\CodeIgniter->run()
 8 SYSTEMPATH/Boot.php(67): CodeIgniter\Boot::runCodeIgniter(Object(CodeIgniter\CodeIgniter))
 9 FCPATH/index.php(56): CodeIgniter\Boot::bootWeb(Object(Config\Paths))
WARNING - 2025-11-25 13:21:48 --> [DEPRECATED] Creation of dynamic property App\Controllers\Compte::$model is deprecated in APPPATH/Controllers/Compte.php on line 11.
 1 SYSTEMPATH/CodeIgniter.php(903): App\Controllers\Compte->__construct()
 2 SYSTEMPATH/CodeIgniter.php(500): CodeIgniter\CodeIgniter->createController()
 3 SYSTEMPATH/CodeIgniter.php(355): CodeIgniter\CodeIgniter->handleRequest(null, Object(Config\Cache), false)
 4 SYSTEMPATH/Boot.php(325): CodeIgniter\CodeIgniter->run()
 5 SYSTEMPATH/Boot.php(67): CodeIgniter\Boot::runCodeIgniter(Object(CodeIgniter\CodeIgniter))
 6 FCPATH/index.php(56): CodeIgniter\Boot::bootWeb(Object(Config\Paths))
INFO - 2025-11-25 13:21:48 --> Session: Class initialized using 'CodeIgniter\Session\Handlers\FileHandler' driver.
WARNING - 2025-11-25 13:22:06 --> [DEPRECATED] Passing lowercase HTTP method "get" is deprecated. Use uppercase HTTP method like "GET". in SYSTEMPATH/Router/RouteCollection.php on line 1027.
 1 SYSTEMPATH/Router/RouteCollection.php(1027): trigger_error('Passing lowercase HTTP method "get" is deprecated. Use uppercase HTTP method like "GET".', 16384)
 2 APPPATH/Config/Routes.php(51): CodeIgniter\Router\RouteCollection->match([...], 'compte/repondre/(:num)', 'Compte::repondre/$1')
 3 SYSTEMPATH/Router/RouteCollection.php(340): require('/home/2025DIFAL3/e22308557/public_html/V1/ci/app/Config/Routes.php')
 4 SYSTEMPATH/CodeIgniter.php(823): CodeIgniter\Router\RouteCollection->loadRoutes()
 5 SYSTEMPATH/CodeIgniter.php(457): CodeIgniter\CodeIgniter->tryToRouteIt(null)
 6 SYSTEMPATH/CodeIgniter.php(355): CodeIgniter\CodeIgniter->handleRequest(null, Object(Config\Cache), false)
 7 SYSTEMPATH/Boot.php(325): CodeIgniter\CodeIgniter->run()
 8 SYSTEMPATH/Boot.php(67): CodeIgniter\Boot::runCodeIgniter(Object(CodeIgniter\CodeIgniter))
 9 FCPATH/index.php(56): CodeIgniter\Boot::bootWeb(Object(Config\Paths))
WARNING - 2025-11-25 13:22:06 --> [DEPRECATED] Passing lowercase HTTP method "post" is deprecated. Use uppercase HTTP method like "POST". in SYSTEMPATH/Router/RouteCollection.php on line 1027.
 1 SYSTEMPATH/Router/RouteCollection.php(1027): trigger_error('Passing lowercase HTTP method "post" is deprecated. Use uppercase HTTP method like "POST".', 16384)
 2 APPPATH/Config/Routes.php(51): CodeIgniter\Router\RouteCollection->match([...], 'compte/repondre/(:num)', 'Compte::repondre/$1')
 3 SYSTEMPATH/Router/RouteCollection.php(340): require('/home/2025DIFAL3/e22308557/public_html/V1/ci/app/Config/Routes.php')
 4 SYSTEMPATH/CodeIgniter.php(823): CodeIgniter\Router\RouteCollection->loadRoutes()
 5 SYSTEMPATH/CodeIgniter.php(457): CodeIgniter\CodeIgniter->tryToRouteIt(null)
 6 SYSTEMPATH/CodeIgniter.php(355): CodeIgniter\CodeIgniter->handleRequest(null, Object(Config\Cache), false)
 7 SYSTEMPATH/Boot.php(325): CodeIgniter\CodeIgniter->run()
 8 SYSTEMPATH/Boot.php(67): CodeIgniter\Boot::runCodeIgniter(Object(CodeIgniter\CodeIgniter))
 9 FCPATH/index.php(56): CodeIgniter\Boot::bootWeb(Object(Config\Paths))
WARNING - 2025-11-25 13:23:43 --> [DEPRECATED] Passing lowercase HTTP method "get" is deprecated. Use uppercase HTTP method like "GET". in SYSTEMPATH/Router/RouteCollection.php on line 1027.
 1 SYSTEMPATH/Router/RouteCollection.php(1027): trigger_error('Passing lowercase HTTP method "get" is deprecated. Use uppercase HTTP method like "GET".', 16384)
 2 APPPATH/Config/Routes.php(52): CodeIgniter\Router\RouteCollection->match([...], 'compte/repondre/(:num)', 'Compte::repondre/$1')
 3 SYSTEMPATH/Router/RouteCollection.php(340): require('/home/2025DIFAL3/e22308557/public_html/V1/ci/app/Config/Routes.php')
 4 SYSTEMPATH/CodeIgniter.php(823): CodeIgniter\Router\RouteCollection->loadRoutes()
 5 SYSTEMPATH/CodeIgniter.php(457): CodeIgniter\CodeIgniter->tryToRouteIt(null)
 6 SYSTEMPATH/CodeIgniter.php(355): CodeIgniter\CodeIgniter->handleRequest(null, Object(Config\Cache), false)
 7 SYSTEMPATH/Boot.php(325): CodeIgniter\CodeIgniter->run()
 8 SYSTEMPATH/Boot.php(67): CodeIgniter\Boot::runCodeIgniter(Object(CodeIgniter\CodeIgniter))
 9 FCPATH/index.php(56): CodeIgniter\Boot::bootWeb(Object(Config\Paths))
WARNING - 2025-11-25 13:23:43 --> [DEPRECATED] Passing lowercase HTTP method "post" is deprecated. Use uppercase HTTP method like "POST". in SYSTEMPATH/Router/RouteCollection.php on line 1027.
 1 SYSTEMPATH/Router/RouteCollection.php(1027): trigger_error('Passing lowercase HTTP method "post" is deprecated. Use uppercase HTTP method like "POST".', 16384)
 2 APPPATH/Config/Routes.php(52): CodeIgniter\Router\RouteCollection->match([...], 'compte/repondre/(:num)', 'Compte::repondre/$1')
 3 SYSTEMPATH/Router/RouteCollection.php(340): require('/home/2025DIFAL3/e22308557/public_html/V1/ci/app/Config/Routes.php')
 4 SYSTEMPATH/CodeIgniter.php(823): CodeIgniter\Router\RouteCollection->loadRoutes()
 5 SYSTEMPATH/CodeIgniter.php(457): CodeIgniter\CodeIgniter->tryToRouteIt(null)
 6 SYSTEMPATH/CodeIgniter.php(355): CodeIgniter\CodeIgniter->handleRequest(null, Object(Config\Cache), false)
 7 SYSTEMPATH/Boot.php(325): CodeIgniter\CodeIgniter->run()
 8 SYSTEMPATH/Boot.php(67): CodeIgniter\Boot::runCodeIgniter(Object(CodeIgniter\CodeIgniter))
 9 FCPATH/index.php(56): CodeIgniter\Boot::bootWeb(Object(Config\Paths))
WARNING - 2025-11-25 13:23:43 --> [DEPRECATED] Creation of dynamic property App\Controllers\Compte::$model is deprecated in APPPATH/Controllers/Compte.php on line 11.
 1 SYSTEMPATH/CodeIgniter.php(903): App\Controllers\Compte->__construct()
 2 SYSTEMPATH/CodeIgniter.php(500): CodeIgniter\CodeIgniter->createController()
 3 SYSTEMPATH/CodeIgniter.php(355): CodeIgniter\CodeIgniter->handleRequest(null, Object(Config\Cache), false)
 4 SYSTEMPATH/Boot.php(325): CodeIgniter\CodeIgniter->run()
 5 SYSTEMPATH/Boot.php(67): CodeIgniter\Boot::runCodeIgniter(Object(CodeIgniter\CodeIgniter))
 6 FCPATH/index.php(56): CodeIgniter\Boot::bootWeb(Object(Config\Paths))
WARNING - 2025-11-25 13:23:43 --> [DEPRECATED] Passing lowercase HTTP method "get" is deprecated. Use uppercase HTTP method like "GET". in SYSTEMPATH/Router/RouteCollection.php on line 1027.
 1 SYSTEMPATH/Router/RouteCollection.php(1027): trigger_error('Passing lowercase HTTP method "get" is deprecated. Use uppercase HTTP method like "GET".', 16384)
 2 APPPATH/Config/Routes.php(52): CodeIgniter\Router\RouteCollection->match([...], 'compte/repondre/(:num)', 'Compte::repondre/$1')
 3 SYSTEMPATH/Router/RouteCollection.php(340): require('/home/2025DIFAL3/e22308557/public_html/V1/ci/app/Config/Routes.php')
 4 SYSTEMPATH/CodeIgniter.php(823): CodeIgniter\Router\RouteCollection->loadRoutes()
 5 SYSTEMPATH/CodeIgniter.php(457): CodeIgniter\CodeIgniter->tryToRouteIt(null)
 6 SYSTEMPATH/CodeIgniter.php(355): CodeIgniter\CodeIgniter->handleRequest(null, Object(Config\Cache), false)
 7 SYSTEMPATH/Boot.php(325): CodeIgniter\CodeIgniter->run()
 8 SYSTEMPATH/Boot.php(67): CodeIgniter\Boot::runCodeIgniter(Object(CodeIgniter\CodeIgniter))
 9 FCPATH/index.php(56): CodeIgniter\Boot::bootWeb(Object(Config\Paths))
WARNING - 2025-11-25 13:23:43 --> [DEPRECATED] Passing lowercase HTTP method "post" is deprecated. Use uppercase HTTP method like "POST". in SYSTEMPATH/Router/RouteCollection.php on line 1027.
 1 SYSTEMPATH/Router/RouteCollection.php(1027): trigger_error('Passing lowercase HTTP method "post" is deprecated. Use uppercase HTTP method like "POST".', 16384)
 2 APPPATH/Config/Routes.php(52): CodeIgniter\Router\RouteCollection->match([...], 'compte/repondre/(:num)', 'Compte::repondre/$1')
 3 SYSTEMPATH/Router/RouteCollection.php(340): require('/home/2025DIFAL3/e22308557/public_html/V1/ci/app/Config/Routes.php')
 4 SYSTEMPATH/CodeIgniter.php(823): CodeIgniter\Router\RouteCollection->loadRoutes()
 5 SYSTEMPATH/CodeIgniter.php(457): CodeIgniter\CodeIgniter->tryToRouteIt(null)
 6 SYSTEMPATH/CodeIgniter.php(355): CodeIgniter\CodeIgniter->handleRequest(null, Object(Config\Cache), false)
 7 SYSTEMPATH/Boot.php(325): CodeIgniter\CodeIgniter->run()
 8 SYSTEMPATH/Boot.php(67): CodeIgniter\Boot::runCodeIgniter(Object(CodeIgniter\CodeIgniter))
 9 FCPATH/index.php(56): CodeIgniter\Boot::bootWeb(Object(Config\Paths))
WARNING - 2025-11-25 13:23:43 --> [DEPRECATED] Creation of dynamic property App\Controllers\Compte::$model is deprecated in APPPATH/Controllers/Compte.php on line 11.
 1 SYSTEMPATH/CodeIgniter.php(903): App\Controllers\Compte->__construct()
 2 SYSTEMPATH/CodeIgniter.php(500): CodeIgniter\CodeIgniter->createController()
 3 SYSTEMPATH/CodeIgniter.php(355): CodeIgniter\CodeIgniter->handleRequest(null, Object(Config\Cache), false)
 4 SYSTEMPATH/Boot.php(325): CodeIgniter\CodeIgniter->run()
 5 SYSTEMPATH/Boot.php(67): CodeIgniter\Boot::runCodeIgniter(Object(CodeIgniter\CodeIgniter))
 6 FCPATH/index.php(56): CodeIgniter\Boot::bootWeb(Object(Config\Paths))
INFO - 2025-11-25 13:23:43 --> Session: Class initialized using 'CodeIgniter\Session\Handlers\FileHandler' driver.
WARNING - 2025-11-25 13:26:19 --> [DEPRECATED] Passing lowercase HTTP method "get" is deprecated. Use uppercase HTTP method like "GET". in SYSTEMPATH/Router/RouteCollection.php on line 1027.
 1 SYSTEMPATH/Router/RouteCollection.php(1027): trigger_error('Passing lowercase HTTP method "get" is deprecated. Use uppercase HTTP method like "GET".', 16384)
 2 APPPATH/Config/Routes.php(52): CodeIgniter\Router\RouteCollection->match([...], 'compte/repondre/(:num)', 'Compte::repondre/$1')
 3 SYSTEMPATH/Router/RouteCollection.php(340): require('/home/2025DIFAL3/e22308557/public_html/V1/ci/app/Config/Routes.php')
 4 SYSTEMPATH/CodeIgniter.php(823): CodeIgniter\Router\RouteCollection->loadRoutes()
 5 SYSTEMPATH/CodeIgniter.php(457): CodeIgniter\CodeIgniter->tryToRouteIt(null)
 6 SYSTEMPATH/CodeIgniter.php(355): CodeIgniter\CodeIgniter->handleRequest(null, Object(Config\Cache), false)
 7 SYSTEMPATH/Boot.php(325): CodeIgniter\CodeIgniter->run()
 8 SYSTEMPATH/Boot.php(67): CodeIgniter\Boot::runCodeIgniter(Object(CodeIgniter\CodeIgniter))
 9 FCPATH/index.php(56): CodeIgniter\Boot::bootWeb(Object(Config\Paths))
WARNING - 2025-11-25 13:26:19 --> [DEPRECATED] Passing lowercase HTTP method "post" is deprecated. Use uppercase HTTP method like "POST". in SYSTEMPATH/Router/RouteCollection.php on line 1027.
 1 SYSTEMPATH/Router/RouteCollection.php(1027): trigger_error('Passing lowercase HTTP method "post" is deprecated. Use uppercase HTTP method like "POST".', 16384)
 2 APPPATH/Config/Routes.php(52): CodeIgniter\Router\RouteCollection->match([...], 'compte/repondre/(:num)', 'Compte::repondre/$1')
 3 SYSTEMPATH/Router/RouteCollection.php(340): require('/home/2025DIFAL3/e22308557/public_html/V1/ci/app/Config/Routes.php')
 4 SYSTEMPATH/CodeIgniter.php(823): CodeIgniter\Router\RouteCollection->loadRoutes()
 5 SYSTEMPATH/CodeIgniter.php(457): CodeIgniter\CodeIgniter->tryToRouteIt(null)
 6 SYSTEMPATH/CodeIgniter.php(355): CodeIgniter\CodeIgniter->handleRequest(null, Object(Config\Cache), false)
 7 SYSTEMPATH/Boot.php(325): CodeIgniter\CodeIgniter->run()
 8 SYSTEMPATH/Boot.php(67): CodeIgniter\Boot::runCodeIgniter(Object(CodeIgniter\CodeIgniter))
 9 FCPATH/index.php(56): CodeIgniter\Boot::bootWeb(Object(Config\Paths))
WARNING - 2025-11-25 13:26:19 --> [DEPRECATED] Creation of dynamic property App\Controllers\Compte::$model is deprecated in APPPATH/Controllers/Compte.php on line 11.
 1 SYSTEMPATH/CodeIgniter.php(903): App\Controllers\Compte->__construct()
 2 SYSTEMPATH/CodeIgniter.php(500): CodeIgniter\CodeIgniter->createController()
 3 SYSTEMPATH/CodeIgniter.php(355): CodeIgniter\CodeIgniter->handleRequest(null, Object(Config\Cache), false)
 4 SYSTEMPATH/Boot.php(325): CodeIgniter\CodeIgniter->run()
 5 SYSTEMPATH/Boot.php(67): CodeIgniter\Boot::runCodeIgniter(Object(CodeIgniter\CodeIgniter))
 6 FCPATH/index.php(56): CodeIgniter\Boot::bootWeb(Object(Config\Paths))
INFO - 2025-11-25 13:26:19 --> Session: Class initialized using 'CodeIgniter\Session\Handlers\FileHandler' driver.
WARNING - 2025-11-25 13:26:34 --> [DEPRECATED] Passing lowercase HTTP method "get" is deprecated. Use uppercase HTTP method like "GET". in SYSTEMPATH/Router/RouteCollection.php on line 1027.
 1 SYSTEMPATH/Router/RouteCollection.php(1027): trigger_error('Passing lowercase HTTP method "get" is deprecated. Use uppercase HTTP method like "GET".', 16384)
 2 APPPATH/Config/Routes.php(52): CodeIgniter\Router\RouteCollection->match([...], 'compte/repondre/(:num)', 'Compte::repondre/$1')
 3 SYSTEMPATH/Router/RouteCollection.php(340): require('/home/2025DIFAL3/e22308557/public_html/V1/ci/app/Config/Routes.php')
 4 SYSTEMPATH/CodeIgniter.php(823): CodeIgniter\Router\RouteCollection->loadRoutes()
 5 SYSTEMPATH/CodeIgniter.php(457): CodeIgniter\CodeIgniter->tryToRouteIt(null)
 6 SYSTEMPATH/CodeIgniter.php(355): CodeIgniter\CodeIgniter->handleRequest(null, Object(Config\Cache), false)
 7 SYSTEMPATH/Boot.php(325): CodeIgniter\CodeIgniter->run()
 8 SYSTEMPATH/Boot.php(67): CodeIgniter\Boot::runCodeIgniter(Object(CodeIgniter\CodeIgniter))
 9 FCPATH/index.php(56): CodeIgniter\Boot::bootWeb(Object(Config\Paths))
WARNING - 2025-11-25 13:26:34 --> [DEPRECATED] Passing lowercase HTTP method "post" is deprecated. Use uppercase HTTP method like "POST". in SYSTEMPATH/Router/RouteCollection.php on line 1027.
 1 SYSTEMPATH/Router/RouteCollection.php(1027): trigger_error('Passing lowercase HTTP method "post" is deprecated. Use uppercase HTTP method like "POST".', 16384)
 2 APPPATH/Config/Routes.php(52): CodeIgniter\Router\RouteCollection->match([...], 'compte/repondre/(:num)', 'Compte::repondre/$1')
 3 SYSTEMPATH/Router/RouteCollection.php(340): require('/home/2025DIFAL3/e22308557/public_html/V1/ci/app/Config/Routes.php')
 4 SYSTEMPATH/CodeIgniter.php(823): CodeIgniter\Router\RouteCollection->loadRoutes()
 5 SYSTEMPATH/CodeIgniter.php(457): CodeIgniter\CodeIgniter->tryToRouteIt(null)
 6 SYSTEMPATH/CodeIgniter.php(355): CodeIgniter\CodeIgniter->handleRequest(null, Object(Config\Cache), false)
 7 SYSTEMPATH/Boot.php(325): CodeIgniter\CodeIgniter->run()
 8 SYSTEMPATH/Boot.php(67): CodeIgniter\Boot::runCodeIgniter(Object(CodeIgniter\CodeIgniter))
 9 FCPATH/index.php(56): CodeIgniter\Boot::bootWeb(Object(Config\Paths))
WARNING - 2025-11-25 13:26:34 --> [DEPRECATED] Creation of dynamic property App\Controllers\Compte::$model is deprecated in APPPATH/Controllers/Compte.php on line 11.
 1 SYSTEMPATH/CodeIgniter.php(903): App\Controllers\Compte->__construct()
 2 SYSTEMPATH/CodeIgniter.php(500): CodeIgniter\CodeIgniter->createController()
 3 SYSTEMPATH/CodeIgniter.php(355): CodeIgniter\CodeIgniter->handleRequest(null, Object(Config\Cache), false)
 4 SYSTEMPATH/Boot.php(325): CodeIgniter\CodeIgniter->run()
 5 SYSTEMPATH/Boot.php(67): CodeIgniter\Boot::runCodeIgniter(Object(CodeIgniter\CodeIgniter))
 6 FCPATH/index.php(56): CodeIgniter\Boot::bootWeb(Object(Config\Paths))
WARNING - 2025-11-25 13:26:34 --> [DEPRECATED] Passing lowercase HTTP method "get" is deprecated. Use uppercase HTTP method like "GET". in SYSTEMPATH/Router/RouteCollection.php on line 1027.
 1 SYSTEMPATH/Router/RouteCollection.php(1027): trigger_error('Passing lowercase HTTP method "get" is deprecated. Use uppercase HTTP method like "GET".', 16384)
 2 APPPATH/Config/Routes.php(52): CodeIgniter\Router\RouteCollection->match([...], 'compte/repondre/(:num)', 'Compte::repondre/$1')
 3 SYSTEMPATH/Router/RouteCollection.php(340): require('/home/2025DIFAL3/e22308557/public_html/V1/ci/app/Config/Routes.php')
 4 SYSTEMPATH/CodeIgniter.php(823): CodeIgniter\Router\RouteCollection->loadRoutes()
 5 SYSTEMPATH/CodeIgniter.php(457): CodeIgniter\CodeIgniter->tryToRouteIt(null)
 6 SYSTEMPATH/CodeIgniter.php(355): CodeIgniter\CodeIgniter->handleRequest(null, Object(Config\Cache), false)
 7 SYSTEMPATH/Boot.php(325): CodeIgniter\CodeIgniter->run()
 8 SYSTEMPATH/Boot.php(67): CodeIgniter\Boot::runCodeIgniter(Object(CodeIgniter\CodeIgniter))
 9 FCPATH/index.php(56): CodeIgniter\Boot::bootWeb(Object(Config\Paths))
WARNING - 2025-11-25 13:26:34 --> [DEPRECATED] Passing lowercase HTTP method "post" is deprecated. Use uppercase HTTP method like "POST". in SYSTEMPATH/Router/RouteCollection.php on line 1027.
 1 SYSTEMPATH/Router/RouteCollection.php(1027): trigger_error('Passing lowercase HTTP method "post" is deprecated. Use uppercase HTTP method like "POST".', 16384)
 2 APPPATH/Config/Routes.php(52): CodeIgniter\Router\RouteCollection->match([...], 'compte/repondre/(:num)', 'Compte::repondre/$1')
 3 SYSTEMPATH/Router/RouteCollection.php(340): require('/home/2025DIFAL3/e22308557/public_html/V1/ci/app/Config/Routes.php')
 4 SYSTEMPATH/CodeIgniter.php(823): CodeIgniter\Router\RouteCollection->loadRoutes()
 5 SYSTEMPATH/CodeIgniter.php(457): CodeIgniter\CodeIgniter->tryToRouteIt(null)
 6 SYSTEMPATH/CodeIgniter.php(355): CodeIgniter\CodeIgniter->handleRequest(null, Object(Config\Cache), false)
 7 SYSTEMPATH/Boot.php(325): CodeIgniter\CodeIgniter->run()
 8 SYSTEMPATH/Boot.php(67): CodeIgniter\Boot::runCodeIgniter(Object(CodeIgniter\CodeIgniter))
 9 FCPATH/index.php(56): CodeIgniter\Boot::bootWeb(Object(Config\Paths))
WARNING - 2025-11-25 13:26:34 --> [DEPRECATED] Creation of dynamic property App\Controllers\Compte::$model is deprecated in APPPATH/Controllers/Compte.php on line 11.
 1 SYSTEMPATH/CodeIgniter.php(903): App\Controllers\Compte->__construct()
 2 SYSTEMPATH/CodeIgniter.php(500): CodeIgniter\CodeIgniter->createController()
 3 SYSTEMPATH/CodeIgniter.php(355): CodeIgniter\CodeIgniter->handleRequest(null, Object(Config\Cache), false)
 4 SYSTEMPATH/Boot.php(325): CodeIgniter\CodeIgniter->run()
 5 SYSTEMPATH/Boot.php(67): CodeIgniter\Boot::runCodeIgniter(Object(CodeIgniter\CodeIgniter))
 6 FCPATH/index.php(56): CodeIgniter\Boot::bootWeb(Object(Config\Paths))
INFO - 2025-11-25 13:26:34 --> Session: Class initialized using 'CodeIgniter\Session\Handlers\FileHandler' driver.
WARNING - 2025-11-25 13:27:57 --> [DEPRECATED] Passing lowercase HTTP method "get" is deprecated. Use uppercase HTTP method like "GET". in SYSTEMPATH/Router/RouteCollection.php on line 1027.
 1 SYSTEMPATH/Router/RouteCollection.php(1027): trigger_error('Passing lowercase HTTP method "get" is deprecated. Use uppercase HTTP method like "GET".', 16384)
 2 APPPATH/Config/Routes.php(52): CodeIgniter\Router\RouteCollection->match([...], 'compte/repondre/(:num)', 'Compte::repondre/$1')
 3 SYSTEMPATH/Router/RouteCollection.php(340): require('/home/2025DIFAL3/e22308557/public_html/V1/ci/app/Config/Routes.php')
 4 SYSTEMPATH/CodeIgniter.php(823): CodeIgniter\Router\RouteCollection->loadRoutes()
 5 SYSTEMPATH/CodeIgniter.php(457): CodeIgniter\CodeIgniter->tryToRouteIt(null)
 6 SYSTEMPATH/CodeIgniter.php(355): CodeIgniter\CodeIgniter->handleRequest(null, Object(Config\Cache), false)
 7 SYSTEMPATH/Boot.php(325): CodeIgniter\CodeIgniter->run()
 8 SYSTEMPATH/Boot.php(67): CodeIgniter\Boot::runCodeIgniter(Object(CodeIgniter\CodeIgniter))
 9 FCPATH/index.php(56): CodeIgniter\Boot::bootWeb(Object(Config\Paths))
WARNING - 2025-11-25 13:27:57 --> [DEPRECATED] Passing lowercase HTTP method "post" is deprecated. Use uppercase HTTP method like "POST". in SYSTEMPATH/Router/RouteCollection.php on line 1027.
 1 SYSTEMPATH/Router/RouteCollection.php(1027): trigger_error('Passing lowercase HTTP method "post" is deprecated. Use uppercase HTTP method like "POST".', 16384)
 2 APPPATH/Config/Routes.php(52): CodeIgniter\Router\RouteCollection->match([...], 'compte/repondre/(:num)', 'Compte::repondre/$1')
 3 SYSTEMPATH/Router/RouteCollection.php(340): require('/home/2025DIFAL3/e22308557/public_html/V1/ci/app/Config/Routes.php')
 4 SYSTEMPATH/CodeIgniter.php(823): CodeIgniter\Router\RouteCollection->loadRoutes()
 5 SYSTEMPATH/CodeIgniter.php(457): CodeIgniter\CodeIgniter->tryToRouteIt(null)
 6 SYSTEMPATH/CodeIgniter.php(355): CodeIgniter\CodeIgniter->handleRequest(null, Object(Config\Cache), false)
 7 SYSTEMPATH/Boot.php(325): CodeIgniter\CodeIgniter->run()
 8 SYSTEMPATH/Boot.php(67): CodeIgniter\Boot::runCodeIgniter(Object(CodeIgniter\CodeIgniter))
 9 FCPATH/index.php(56): CodeIgniter\Boot::bootWeb(Object(Config\Paths))
WARNING - 2025-11-25 13:27:57 --> [DEPRECATED] Creation of dynamic property App\Controllers\Compte::$model is deprecated in APPPATH/Controllers/Compte.php on line 11.
 1 SYSTEMPATH/CodeIgniter.php(903): App\Controllers\Compte->__construct()
 2 SYSTEMPATH/CodeIgniter.php(500): CodeIgniter\CodeIgniter->createController()
 3 SYSTEMPATH/CodeIgniter.php(355): CodeIgniter\CodeIgniter->handleRequest(null, Object(Config\Cache), false)
 4 SYSTEMPATH/Boot.php(325): CodeIgniter\CodeIgniter->run()
 5 SYSTEMPATH/Boot.php(67): CodeIgniter\Boot::runCodeIgniter(Object(CodeIgniter\CodeIgniter))
 6 FCPATH/index.php(56): CodeIgniter\Boot::bootWeb(Object(Config\Paths))
INFO - 2025-11-25 13:27:57 --> Session: Class initialized using 'CodeIgniter\Session\Handlers\FileHandler' driver.
WARNING - 2025-11-25 13:28:12 --> [DEPRECATED] Passing lowercase HTTP method "get" is deprecated. Use uppercase HTTP method like "GET". in SYSTEMPATH/Router/RouteCollection.php on line 1027.
 1 SYSTEMPATH/Router/RouteCollection.php(1027): trigger_error('Passing lowercase HTTP method "get" is deprecated. Use uppercase HTTP method like "GET".', 16384)
 2 APPPATH/Config/Routes.php(52): CodeIgniter\Router\RouteCollection->match([...], 'compte/repondre/(:num)', 'Compte::repondre/$1')
 3 SYSTEMPATH/Router/RouteCollection.php(340): require('/home/2025DIFAL3/e22308557/public_html/V1/ci/app/Config/Routes.php')
 4 SYSTEMPATH/CodeIgniter.php(823): CodeIgniter\Router\RouteCollection->loadRoutes()
 5 SYSTEMPATH/CodeIgniter.php(457): CodeIgniter\CodeIgniter->tryToRouteIt(null)
 6 SYSTEMPATH/CodeIgniter.php(355): CodeIgniter\CodeIgniter->handleRequest(null, Object(Config\Cache), false)
 7 SYSTEMPATH/Boot.php(325): CodeIgniter\CodeIgniter->run()
 8 SYSTEMPATH/Boot.php(67): CodeIgniter\Boot::runCodeIgniter(Object(CodeIgniter\CodeIgniter))
 9 FCPATH/index.php(56): CodeIgniter\Boot::bootWeb(Object(Config\Paths))
WARNING - 2025-11-25 13:28:12 --> [DEPRECATED] Passing lowercase HTTP method "post" is deprecated. Use uppercase HTTP method like "POST". in SYSTEMPATH/Router/RouteCollection.php on line 1027.
 1 SYSTEMPATH/Router/RouteCollection.php(1027): trigger_error('Passing lowercase HTTP method "post" is deprecated. Use uppercase HTTP method like "POST".', 16384)
 2 APPPATH/Config/Routes.php(52): CodeIgniter\Router\RouteCollection->match([...], 'compte/repondre/(:num)', 'Compte::repondre/$1')
 3 SYSTEMPATH/Router/RouteCollection.php(340): require('/home/2025DIFAL3/e22308557/public_html/V1/ci/app/Config/Routes.php')
 4 SYSTEMPATH/CodeIgniter.php(823): CodeIgniter\Router\RouteCollection->loadRoutes()
 5 SYSTEMPATH/CodeIgniter.php(457): CodeIgniter\CodeIgniter->tryToRouteIt(null)
 6 SYSTEMPATH/CodeIgniter.php(355): CodeIgniter\CodeIgniter->handleRequest(null, Object(Config\Cache), false)
 7 SYSTEMPATH/Boot.php(325): CodeIgniter\CodeIgniter->run()
 8 SYSTEMPATH/Boot.php(67): CodeIgniter\Boot::runCodeIgniter(Object(CodeIgniter\CodeIgniter))
 9 FCPATH/index.php(56): CodeIgniter\Boot::bootWeb(Object(Config\Paths))
WARNING - 2025-11-25 13:28:12 --> [DEPRECATED] Creation of dynamic property App\Controllers\Compte::$model is deprecated in APPPATH/Controllers/Compte.php on line 11.
 1 SYSTEMPATH/CodeIgniter.php(903): App\Controllers\Compte->__construct()
 2 SYSTEMPATH/CodeIgniter.php(500): CodeIgniter\CodeIgniter->createController()
 3 SYSTEMPATH/CodeIgniter.php(355): CodeIgniter\CodeIgniter->handleRequest(null, Object(Config\Cache), false)
 4 SYSTEMPATH/Boot.php(325): CodeIgniter\CodeIgniter->run()
 5 SYSTEMPATH/Boot.php(67): CodeIgniter\Boot::runCodeIgniter(Object(CodeIgniter\CodeIgniter))
 6 FCPATH/index.php(56): CodeIgniter\Boot::bootWeb(Object(Config\Paths))
WARNING - 2025-11-25 13:28:12 --> [DEPRECATED] Passing lowercase HTTP method "get" is deprecated. Use uppercase HTTP method like "GET". in SYSTEMPATH/Router/RouteCollection.php on line 1027.
 1 SYSTEMPATH/Router/RouteCollection.php(1027): trigger_error('Passing lowercase HTTP method "get" is deprecated. Use uppercase HTTP method like "GET".', 16384)
 2 APPPATH/Config/Routes.php(52): CodeIgniter\Router\RouteCollection->match([...], 'compte/repondre/(:num)', 'Compte::repondre/$1')
 3 SYSTEMPATH/Router/RouteCollection.php(340): require('/home/2025DIFAL3/e22308557/public_html/V1/ci/app/Config/Routes.php')
 4 SYSTEMPATH/CodeIgniter.php(823): CodeIgniter\Router\RouteCollection->loadRoutes()
 5 SYSTEMPATH/CodeIgniter.php(457): CodeIgniter\CodeIgniter->tryToRouteIt(null)
 6 SYSTEMPATH/CodeIgniter.php(355): CodeIgniter\CodeIgniter->handleRequest(null, Object(Config\Cache), false)
 7 SYSTEMPATH/Boot.php(325): CodeIgniter\CodeIgniter->run()
 8 SYSTEMPATH/Boot.php(67): CodeIgniter\Boot::runCodeIgniter(Object(CodeIgniter\CodeIgniter))
 9 FCPATH/index.php(56): CodeIgniter\Boot::bootWeb(Object(Config\Paths))
WARNING - 2025-11-25 13:28:12 --> [DEPRECATED] Passing lowercase HTTP method "post" is deprecated. Use uppercase HTTP method like "POST". in SYSTEMPATH/Router/RouteCollection.php on line 1027.
 1 SYSTEMPATH/Router/RouteCollection.php(1027): trigger_error('Passing lowercase HTTP method "post" is deprecated. Use uppercase HTTP method like "POST".', 16384)
 2 APPPATH/Config/Routes.php(52): CodeIgniter\Router\RouteCollection->match([...], 'compte/repondre/(:num)', 'Compte::repondre/$1')
 3 SYSTEMPATH/Router/RouteCollection.php(340): require('/home/2025DIFAL3/e22308557/public_html/V1/ci/app/Config/Routes.php')
 4 SYSTEMPATH/CodeIgniter.php(823): CodeIgniter\Router\RouteCollection->loadRoutes()
 5 SYSTEMPATH/CodeIgniter.php(457): CodeIgniter\CodeIgniter->tryToRouteIt(null)
 6 SYSTEMPATH/CodeIgniter.php(355): CodeIgniter\CodeIgniter->handleRequest(null, Object(Config\Cache), false)
 7 SYSTEMPATH/Boot.php(325): CodeIgniter\CodeIgniter->run()
 8 SYSTEMPATH/Boot.php(67): CodeIgniter\Boot::runCodeIgniter(Object(CodeIgniter\CodeIgniter))
 9 FCPATH/index.php(56): CodeIgniter\Boot::bootWeb(Object(Config\Paths))
WARNING - 2025-11-25 13:28:56 --> [DEPRECATED] Passing lowercase HTTP method "get" is deprecated. Use uppercase HTTP method like "GET". in SYSTEMPATH/Router/RouteCollection.php on line 1027.
 1 SYSTEMPATH/Router/RouteCollection.php(1027): trigger_error('Passing lowercase HTTP method "get" is deprecated. Use uppercase HTTP method like "GET".', 16384)
 2 APPPATH/Config/Routes.php(52): CodeIgniter\Router\RouteCollection->match([...], 'compte/repondre/(:num)', 'Compte::repondre/$1')
 3 SYSTEMPATH/Router/RouteCollection.php(340): require('/home/2025DIFAL3/e22308557/public_html/V1/ci/app/Config/Routes.php')
 4 SYSTEMPATH/CodeIgniter.php(823): CodeIgniter\Router\RouteCollection->loadRoutes()
 5 SYSTEMPATH/CodeIgniter.php(457): CodeIgniter\CodeIgniter->tryToRouteIt(null)
 6 SYSTEMPATH/CodeIgniter.php(355): CodeIgniter\CodeIgniter->handleRequest(null, Object(Config\Cache), false)
 7 SYSTEMPATH/Boot.php(325): CodeIgniter\CodeIgniter->run()
 8 SYSTEMPATH/Boot.php(67): CodeIgniter\Boot::runCodeIgniter(Object(CodeIgniter\CodeIgniter))
 9 FCPATH/index.php(56): CodeIgniter\Boot::bootWeb(Object(Config\Paths))
WARNING - 2025-11-25 13:28:56 --> [DEPRECATED] Passing lowercase HTTP method "post" is deprecated. Use uppercase HTTP method like "POST". in SYSTEMPATH/Router/RouteCollection.php on line 1027.
 1 SYSTEMPATH/Router/RouteCollection.php(1027): trigger_error('Passing lowercase HTTP method "post" is deprecated. Use uppercase HTTP method like "POST".', 16384)
 2 APPPATH/Config/Routes.php(52): CodeIgniter\Router\RouteCollection->match([...], 'compte/repondre/(:num)', 'Compte::repondre/$1')
 3 SYSTEMPATH/Router/RouteCollection.php(340): require('/home/2025DIFAL3/e22308557/public_html/V1/ci/app/Config/Routes.php')
 4 SYSTEMPATH/CodeIgniter.php(823): CodeIgniter\Router\RouteCollection->loadRoutes()
 5 SYSTEMPATH/CodeIgniter.php(457): CodeIgniter\CodeIgniter->tryToRouteIt(null)
 6 SYSTEMPATH/CodeIgniter.php(355): CodeIgniter\CodeIgniter->handleRequest(null, Object(Config\Cache), false)
 7 SYSTEMPATH/Boot.php(325): CodeIgniter\CodeIgniter->run()
 8 SYSTEMPATH/Boot.php(67): CodeIgniter\Boot::runCodeIgniter(Object(CodeIgniter\CodeIgniter))
 9 FCPATH/index.php(56): CodeIgniter\Boot::bootWeb(Object(Config\Paths))
CRITICAL - 2025-11-25 13:28:56 --> ParseError: syntax error, unexpected token "else"
[Method: GET, Route: compte/afficher_reservation]
in APPPATH/Controllers/Compte.php on line 277.
 1 SYSTEMPATH/Autoloader/Autoloader.php(296): CodeIgniter\Autoloader\Autoloader->includeFile()
 2 SYSTEMPATH/Autoloader/Autoloader.php(272): CodeIgniter\Autoloader\Autoloader->loadInNamespace()
 3 [internal function]: CodeIgniter\Autoloader\Autoloader->loadClass()
 4 SYSTEMPATH/CodeIgniter.php(887): class_exists()
 5 SYSTEMPATH/CodeIgniter.php(496): CodeIgniter\CodeIgniter->startController()
 6 SYSTEMPATH/CodeIgniter.php(355): CodeIgniter\CodeIgniter->handleRequest()
 7 SYSTEMPATH/Boot.php(325): CodeIgniter\CodeIgniter->run()
 8 SYSTEMPATH/Boot.php(67): CodeIgniter\Boot::runCodeIgniter()
 9 FCPATH/index.php(56): CodeIgniter\Boot::bootWeb()
WARNING - 2025-11-25 13:28:58 --> [DEPRECATED] Passing lowercase HTTP method "get" is deprecated. Use uppercase HTTP method like "GET". in SYSTEMPATH/Router/RouteCollection.php on line 1027.
 1 SYSTEMPATH/Router/RouteCollection.php(1027): trigger_error('Passing lowercase HTTP method "get" is deprecated. Use uppercase HTTP method like "GET".', 16384)
 2 APPPATH/Config/Routes.php(52): CodeIgniter\Router\RouteCollection->match([...], 'compte/repondre/(:num)', 'Compte::repondre/$1')
 3 SYSTEMPATH/Router/RouteCollection.php(340): require('/home/2025DIFAL3/e22308557/public_html/V1/ci/app/Config/Routes.php')
 4 SYSTEMPATH/CodeIgniter.php(823): CodeIgniter\Router\RouteCollection->loadRoutes()
 5 SYSTEMPATH/CodeIgniter.php(457): CodeIgniter\CodeIgniter->tryToRouteIt(null)
 6 SYSTEMPATH/CodeIgniter.php(355): CodeIgniter\CodeIgniter->handleRequest(null, Object(Config\Cache), false)
 7 SYSTEMPATH/Boot.php(325): CodeIgniter\CodeIgniter->run()
 8 SYSTEMPATH/Boot.php(67): CodeIgniter\Boot::runCodeIgniter(Object(CodeIgniter\CodeIgniter))
 9 FCPATH/index.php(56): CodeIgniter\Boot::bootWeb(Object(Config\Paths))
WARNING - 2025-11-25 13:28:58 --> [DEPRECATED] Passing lowercase HTTP method "post" is deprecated. Use uppercase HTTP method like "POST". in SYSTEMPATH/Router/RouteCollection.php on line 1027.
 1 SYSTEMPATH/Router/RouteCollection.php(1027): trigger_error('Passing lowercase HTTP method "post" is deprecated. Use uppercase HTTP method like "POST".', 16384)
 2 APPPATH/Config/Routes.php(52): CodeIgniter\Router\RouteCollection->match([...], 'compte/repondre/(:num)', 'Compte::repondre/$1')
 3 SYSTEMPATH/Router/RouteCollection.php(340): require('/home/2025DIFAL3/e22308557/public_html/V1/ci/app/Config/Routes.php')
 4 SYSTEMPATH/CodeIgniter.php(823): CodeIgniter\Router\RouteCollection->loadRoutes()
 5 SYSTEMPATH/CodeIgniter.php(457): CodeIgniter\CodeIgniter->tryToRouteIt(null)
 6 SYSTEMPATH/CodeIgniter.php(355): CodeIgniter\CodeIgniter->handleRequest(null, Object(Config\Cache), false)
 7 SYSTEMPATH/Boot.php(325): CodeIgniter\CodeIgniter->run()
 8 SYSTEMPATH/Boot.php(67): CodeIgniter\Boot::runCodeIgniter(Object(CodeIgniter\CodeIgniter))
 9 FCPATH/index.php(56): CodeIgniter\Boot::bootWeb(Object(Config\Paths))
WARNING - 2025-11-25 13:29:03 --> [DEPRECATED] Passing lowercase HTTP method "get" is deprecated. Use uppercase HTTP method like "GET". in SYSTEMPATH/Router/RouteCollection.php on line 1027.
 1 SYSTEMPATH/Router/RouteCollection.php(1027): trigger_error('Passing lowercase HTTP method "get" is deprecated. Use uppercase HTTP method like "GET".', 16384)
 2 APPPATH/Config/Routes.php(52): CodeIgniter\Router\RouteCollection->match([...], 'compte/repondre/(:num)', 'Compte::repondre/$1')
 3 SYSTEMPATH/Router/RouteCollection.php(340): require('/home/2025DIFAL3/e22308557/public_html/V1/ci/app/Config/Routes.php')
 4 SYSTEMPATH/CodeIgniter.php(823): CodeIgniter\Router\RouteCollection->loadRoutes()
 5 SYSTEMPATH/CodeIgniter.php(457): CodeIgniter\CodeIgniter->tryToRouteIt(null)
 6 SYSTEMPATH/CodeIgniter.php(355): CodeIgniter\CodeIgniter->handleRequest(null, Object(Config\Cache), false)
 7 SYSTEMPATH/Boot.php(325): CodeIgniter\CodeIgniter->run()
 8 SYSTEMPATH/Boot.php(67): CodeIgniter\Boot::runCodeIgniter(Object(CodeIgniter\CodeIgniter))
 9 FCPATH/index.php(56): CodeIgniter\Boot::bootWeb(Object(Config\Paths))
WARNING - 2025-11-25 13:29:03 --> [DEPRECATED] Passing lowercase HTTP method "post" is deprecated. Use uppercase HTTP method like "POST". in SYSTEMPATH/Router/RouteCollection.php on line 1027.
 1 SYSTEMPATH/Router/RouteCollection.php(1027): trigger_error('Passing lowercase HTTP method "post" is deprecated. Use uppercase HTTP method like "POST".', 16384)
 2 APPPATH/Config/Routes.php(52): CodeIgniter\Router\RouteCollection->match([...], 'compte/repondre/(:num)', 'Compte::repondre/$1')
 3 SYSTEMPATH/Router/RouteCollection.php(340): require('/home/2025DIFAL3/e22308557/public_html/V1/ci/app/Config/Routes.php')
 4 SYSTEMPATH/CodeIgniter.php(823): CodeIgniter\Router\RouteCollection->loadRoutes()
 5 SYSTEMPATH/CodeIgniter.php(457): CodeIgniter\CodeIgniter->tryToRouteIt(null)
 6 SYSTEMPATH/CodeIgniter.php(355): CodeIgniter\CodeIgniter->handleRequest(null, Object(Config\Cache), false)
 7 SYSTEMPATH/Boot.php(325): CodeIgniter\CodeIgniter->run()
 8 SYSTEMPATH/Boot.php(67): CodeIgniter\Boot::runCodeIgniter(Object(CodeIgniter\CodeIgniter))
 9 FCPATH/index.php(56): CodeIgniter\Boot::bootWeb(Object(Config\Paths))
CRITICAL - 2025-11-25 13:29:03 --> ParseError: syntax error, unexpected token "else"
[Method: GET, Route: compte/connecter]
in APPPATH/Controllers/Compte.php on line 277.
 1 SYSTEMPATH/Autoloader/Autoloader.php(296): CodeIgniter\Autoloader\Autoloader->includeFile()
 2 SYSTEMPATH/Autoloader/Autoloader.php(272): CodeIgniter\Autoloader\Autoloader->loadInNamespace()
 3 [internal function]: CodeIgniter\Autoloader\Autoloader->loadClass()
 4 SYSTEMPATH/CodeIgniter.php(887): class_exists()
 5 SYSTEMPATH/CodeIgniter.php(496): CodeIgniter\CodeIgniter->startController()
 6 SYSTEMPATH/CodeIgniter.php(355): CodeIgniter\CodeIgniter->handleRequest()
 7 SYSTEMPATH/Boot.php(325): CodeIgniter\CodeIgniter->run()
 8 SYSTEMPATH/Boot.php(67): CodeIgniter\Boot::runCodeIgniter()
 9 FCPATH/index.php(56): CodeIgniter\Boot::bootWeb()
WARNING - 2025-11-25 13:30:58 --> [DEPRECATED] Passing lowercase HTTP method "get" is deprecated. Use uppercase HTTP method like "GET". in SYSTEMPATH/Router/RouteCollection.php on line 1027.
 1 SYSTEMPATH/Router/RouteCollection.php(1027): trigger_error('Passing lowercase HTTP method "get" is deprecated. Use uppercase HTTP method like "GET".', 16384)
 2 APPPATH/Config/Routes.php(52): CodeIgniter\Router\RouteCollection->match([...], 'compte/repondre/(:num)', 'Compte::repondre/$1')
 3 SYSTEMPATH/Router/RouteCollection.php(340): require('/home/2025DIFAL3/e22308557/public_html/V1/ci/app/Config/Routes.php')
 4 SYSTEMPATH/CodeIgniter.php(823): CodeIgniter\Router\RouteCollection->loadRoutes()
 5 SYSTEMPATH/CodeIgniter.php(457): CodeIgniter\CodeIgniter->tryToRouteIt(null)
 6 SYSTEMPATH/CodeIgniter.php(355): CodeIgniter\CodeIgniter->handleRequest(null, Object(Config\Cache), false)
 7 SYSTEMPATH/Boot.php(325): CodeIgniter\CodeIgniter->run()
 8 SYSTEMPATH/Boot.php(67): CodeIgniter\Boot::runCodeIgniter(Object(CodeIgniter\CodeIgniter))
 9 FCPATH/index.php(56): CodeIgniter\Boot::bootWeb(Object(Config\Paths))
WARNING - 2025-11-25 13:30:58 --> [DEPRECATED] Passing lowercase HTTP method "post" is deprecated. Use uppercase HTTP method like "POST". in SYSTEMPATH/Router/RouteCollection.php on line 1027.
 1 SYSTEMPATH/Router/RouteCollection.php(1027): trigger_error('Passing lowercase HTTP method "post" is deprecated. Use uppercase HTTP method like "POST".', 16384)
 2 APPPATH/Config/Routes.php(52): CodeIgniter\Router\RouteCollection->match([...], 'compte/repondre/(:num)', 'Compte::repondre/$1')
 3 SYSTEMPATH/Router/RouteCollection.php(340): require('/home/2025DIFAL3/e22308557/public_html/V1/ci/app/Config/Routes.php')
 4 SYSTEMPATH/CodeIgniter.php(823): CodeIgniter\Router\RouteCollection->loadRoutes()
 5 SYSTEMPATH/CodeIgniter.php(457): CodeIgniter\CodeIgniter->tryToRouteIt(null)
 6 SYSTEMPATH/CodeIgniter.php(355): CodeIgniter\CodeIgniter->handleRequest(null, Object(Config\Cache), false)
 7 SYSTEMPATH/Boot.php(325): CodeIgniter\CodeIgniter->run()
 8 SYSTEMPATH/Boot.php(67): CodeIgniter\Boot::runCodeIgniter(Object(CodeIgniter\CodeIgniter))
 9 FCPATH/index.php(56): CodeIgniter\Boot::bootWeb(Object(Config\Paths))
WARNING - 2025-11-25 13:30:58 --> [DEPRECATED] Creation of dynamic property App\Controllers\Compte::$model is deprecated in APPPATH/Controllers/Compte.php on line 11.
 1 SYSTEMPATH/CodeIgniter.php(903): App\Controllers\Compte->__construct()
 2 SYSTEMPATH/CodeIgniter.php(500): CodeIgniter\CodeIgniter->createController()
 3 SYSTEMPATH/CodeIgniter.php(355): CodeIgniter\CodeIgniter->handleRequest(null, Object(Config\Cache), false)
 4 SYSTEMPATH/Boot.php(325): CodeIgniter\CodeIgniter->run()
 5 SYSTEMPATH/Boot.php(67): CodeIgniter\Boot::runCodeIgniter(Object(CodeIgniter\CodeIgniter))
 6 FCPATH/index.php(56): CodeIgniter\Boot::bootWeb(Object(Config\Paths))
INFO - 2025-11-25 13:30:58 --> Session: Class initialized using 'CodeIgniter\Session\Handlers\FileHandler' driver.
WARNING - 2025-11-25 13:31:14 --> [DEPRECATED] Passing lowercase HTTP method "get" is deprecated. Use uppercase HTTP method like "GET". in SYSTEMPATH/Router/RouteCollection.php on line 1027.
 1 SYSTEMPATH/Router/RouteCollection.php(1027): trigger_error('Passing lowercase HTTP method "get" is deprecated. Use uppercase HTTP method like "GET".', 16384)
 2 APPPATH/Config/Routes.php(52): CodeIgniter\Router\RouteCollection->match([...], 'compte/repondre/(:num)', 'Compte::repondre/$1')
 3 SYSTEMPATH/Router/RouteCollection.php(340): require('/home/2025DIFAL3/e22308557/public_html/V1/ci/app/Config/Routes.php')
 4 SYSTEMPATH/CodeIgniter.php(823): CodeIgniter\Router\RouteCollection->loadRoutes()
 5 SYSTEMPATH/CodeIgniter.php(457): CodeIgniter\CodeIgniter->tryToRouteIt(null)
 6 SYSTEMPATH/CodeIgniter.php(355): CodeIgniter\CodeIgniter->handleRequest(null, Object(Config\Cache), false)
 7 SYSTEMPATH/Boot.php(325): CodeIgniter\CodeIgniter->run()
 8 SYSTEMPATH/Boot.php(67): CodeIgniter\Boot::runCodeIgniter(Object(CodeIgniter\CodeIgniter))
 9 FCPATH/index.php(56): CodeIgniter\Boot::bootWeb(Object(Config\Paths))
WARNING - 2025-11-25 13:31:14 --> [DEPRECATED] Passing lowercase HTTP method "post" is deprecated. Use uppercase HTTP method like "POST". in SYSTEMPATH/Router/RouteCollection.php on line 1027.
 1 SYSTEMPATH/Router/RouteCollection.php(1027): trigger_error('Passing lowercase HTTP method "post" is deprecated. Use uppercase HTTP method like "POST".', 16384)
 2 APPPATH/Config/Routes.php(52): CodeIgniter\Router\RouteCollection->match([...], 'compte/repondre/(:num)', 'Compte::repondre/$1')
 3 SYSTEMPATH/Router/RouteCollection.php(340): require('/home/2025DIFAL3/e22308557/public_html/V1/ci/app/Config/Routes.php')
 4 SYSTEMPATH/CodeIgniter.php(823): CodeIgniter\Router\RouteCollection->loadRoutes()
 5 SYSTEMPATH/CodeIgniter.php(457): CodeIgniter\CodeIgniter->tryToRouteIt(null)
 6 SYSTEMPATH/CodeIgniter.php(355): CodeIgniter\CodeIgniter->handleRequest(null, Object(Config\Cache), false)
 7 SYSTEMPATH/Boot.php(325): CodeIgniter\CodeIgniter->run()
 8 SYSTEMPATH/Boot.php(67): CodeIgniter\Boot::runCodeIgniter(Object(CodeIgniter\CodeIgniter))
 9 FCPATH/index.php(56): CodeIgniter\Boot::bootWeb(Object(Config\Paths))
WARNING - 2025-11-25 13:31:14 --> [DEPRECATED] Creation of dynamic property App\Controllers\Compte::$model is deprecated in APPPATH/Controllers/Compte.php on line 11.
 1 SYSTEMPATH/CodeIgniter.php(903): App\Controllers\Compte->__construct()
 2 SYSTEMPATH/CodeIgniter.php(500): CodeIgniter\CodeIgniter->createController()
 3 SYSTEMPATH/CodeIgniter.php(355): CodeIgniter\CodeIgniter->handleRequest(null, Object(Config\Cache), false)
 4 SYSTEMPATH/Boot.php(325): CodeIgniter\CodeIgniter->run()
 5 SYSTEMPATH/Boot.php(67): CodeIgniter\Boot::runCodeIgniter(Object(CodeIgniter\CodeIgniter))
 6 FCPATH/index.php(56): CodeIgniter\Boot::bootWeb(Object(Config\Paths))
INFO - 2025-11-25 13:31:14 --> Session: Class initialized using 'CodeIgniter\Session\Handlers\FileHandler' driver.
WARNING - 2025-11-25 13:31:15 --> [DEPRECATED] Passing lowercase HTTP method "get" is deprecated. Use uppercase HTTP method like "GET". in SYSTEMPATH/Router/RouteCollection.php on line 1027.
 1 SYSTEMPATH/Router/RouteCollection.php(1027): trigger_error('Passing lowercase HTTP method "get" is deprecated. Use uppercase HTTP method like "GET".', 16384)
 2 APPPATH/Config/Routes.php(52): CodeIgniter\Router\RouteCollection->match([...], 'compte/repondre/(:num)', 'Compte::repondre/$1')
 3 SYSTEMPATH/Router/RouteCollection.php(340): require('/home/2025DIFAL3/e22308557/public_html/V1/ci/app/Config/Routes.php')
 4 SYSTEMPATH/CodeIgniter.php(823): CodeIgniter\Router\RouteCollection->loadRoutes()
 5 SYSTEMPATH/CodeIgniter.php(457): CodeIgniter\CodeIgniter->tryToRouteIt(null)
 6 SYSTEMPATH/CodeIgniter.php(355): CodeIgniter\CodeIgniter->handleRequest(null, Object(Config\Cache), false)
 7 SYSTEMPATH/Boot.php(325): CodeIgniter\CodeIgniter->run()
 8 SYSTEMPATH/Boot.php(67): CodeIgniter\Boot::runCodeIgniter(Object(CodeIgniter\CodeIgniter))
 9 FCPATH/index.php(56): CodeIgniter\Boot::bootWeb(Object(Config\Paths))
WARNING - 2025-11-25 13:31:15 --> [DEPRECATED] Passing lowercase HTTP method "post" is deprecated. Use uppercase HTTP method like "POST". in SYSTEMPATH/Router/RouteCollection.php on line 1027.
 1 SYSTEMPATH/Router/RouteCollection.php(1027): trigger_error('Passing lowercase HTTP method "post" is deprecated. Use uppercase HTTP method like "POST".', 16384)
 2 APPPATH/Config/Routes.php(52): CodeIgniter\Router\RouteCollection->match([...], 'compte/repondre/(:num)', 'Compte::repondre/$1')
 3 SYSTEMPATH/Router/RouteCollection.php(340): require('/home/2025DIFAL3/e22308557/public_html/V1/ci/app/Config/Routes.php')
 4 SYSTEMPATH/CodeIgniter.php(823): CodeIgniter\Router\RouteCollection->loadRoutes()
 5 SYSTEMPATH/CodeIgniter.php(457): CodeIgniter\CodeIgniter->tryToRouteIt(null)
 6 SYSTEMPATH/CodeIgniter.php(355): CodeIgniter\CodeIgniter->handleRequest(null, Object(Config\Cache), false)
 7 SYSTEMPATH/Boot.php(325): CodeIgniter\CodeIgniter->run()
 8 SYSTEMPATH/Boot.php(67): CodeIgniter\Boot::runCodeIgniter(Object(CodeIgniter\CodeIgniter))
 9 FCPATH/index.php(56): CodeIgniter\Boot::bootWeb(Object(Config\Paths))
WARNING - 2025-11-25 13:31:15 --> [DEPRECATED] Creation of dynamic property App\Controllers\Compte::$model is deprecated in APPPATH/Controllers/Compte.php on line 11.
 1 SYSTEMPATH/CodeIgniter.php(903): App\Controllers\Compte->__construct()
 2 SYSTEMPATH/CodeIgniter.php(500): CodeIgniter\CodeIgniter->createController()
 3 SYSTEMPATH/CodeIgniter.php(355): CodeIgniter\CodeIgniter->handleRequest(null, Object(Config\Cache), false)
 4 SYSTEMPATH/Boot.php(325): CodeIgniter\CodeIgniter->run()
 5 SYSTEMPATH/Boot.php(67): CodeIgniter\Boot::runCodeIgniter(Object(CodeIgniter\CodeIgniter))
 6 FCPATH/index.php(56): CodeIgniter\Boot::bootWeb(Object(Config\Paths))
INFO - 2025-11-25 13:31:15 --> Session: Class initialized using 'CodeIgniter\Session\Handlers\FileHandler' driver.
WARNING - 2025-11-25 13:31:34 --> [DEPRECATED] Passing lowercase HTTP method "get" is deprecated. Use uppercase HTTP method like "GET". in SYSTEMPATH/Router/RouteCollection.php on line 1027.
 1 SYSTEMPATH/Router/RouteCollection.php(1027): trigger_error('Passing lowercase HTTP method "get" is deprecated. Use uppercase HTTP method like "GET".', 16384)
 2 APPPATH/Config/Routes.php(52): CodeIgniter\Router\RouteCollection->match([...], 'compte/repondre/(:num)', 'Compte::repondre/$1')
 3 SYSTEMPATH/Router/RouteCollection.php(340): require('/home/2025DIFAL3/e22308557/public_html/V1/ci/app/Config/Routes.php')
 4 SYSTEMPATH/CodeIgniter.php(823): CodeIgniter\Router\RouteCollection->loadRoutes()
 5 SYSTEMPATH/CodeIgniter.php(457): CodeIgniter\CodeIgniter->tryToRouteIt(null)
 6 SYSTEMPATH/CodeIgniter.php(355): CodeIgniter\CodeIgniter->handleRequest(null, Object(Config\Cache), false)
 7 SYSTEMPATH/Boot.php(325): CodeIgniter\CodeIgniter->run()
 8 SYSTEMPATH/Boot.php(67): CodeIgniter\Boot::runCodeIgniter(Object(CodeIgniter\CodeIgniter))
 9 FCPATH/index.php(56): CodeIgniter\Boot::bootWeb(Object(Config\Paths))
WARNING - 2025-11-25 13:31:34 --> [DEPRECATED] Passing lowercase HTTP method "post" is deprecated. Use uppercase HTTP method like "POST". in SYSTEMPATH/Router/RouteCollection.php on line 1027.
 1 SYSTEMPATH/Router/RouteCollection.php(1027): trigger_error('Passing lowercase HTTP method "post" is deprecated. Use uppercase HTTP method like "POST".', 16384)
 2 APPPATH/Config/Routes.php(52): CodeIgniter\Router\RouteCollection->match([...], 'compte/repondre/(:num)', 'Compte::repondre/$1')
 3 SYSTEMPATH/Router/RouteCollection.php(340): require('/home/2025DIFAL3/e22308557/public_html/V1/ci/app/Config/Routes.php')
 4 SYSTEMPATH/CodeIgniter.php(823): CodeIgniter\Router\RouteCollection->loadRoutes()
 5 SYSTEMPATH/CodeIgniter.php(457): CodeIgniter\CodeIgniter->tryToRouteIt(null)
 6 SYSTEMPATH/CodeIgniter.php(355): CodeIgniter\CodeIgniter->handleRequest(null, Object(Config\Cache), false)
 7 SYSTEMPATH/Boot.php(325): CodeIgniter\CodeIgniter->run()
 8 SYSTEMPATH/Boot.php(67): CodeIgniter\Boot::runCodeIgniter(Object(CodeIgniter\CodeIgniter))
 9 FCPATH/index.php(56): CodeIgniter\Boot::bootWeb(Object(Config\Paths))
WARNING - 2025-11-25 13:31:34 --> [DEPRECATED] Creation of dynamic property App\Controllers\Compte::$model is deprecated in APPPATH/Controllers/Compte.php on line 11.
 1 SYSTEMPATH/CodeIgniter.php(903): App\Controllers\Compte->__construct()
 2 SYSTEMPATH/CodeIgniter.php(500): CodeIgniter\CodeIgniter->createController()
 3 SYSTEMPATH/CodeIgniter.php(355): CodeIgniter\CodeIgniter->handleRequest(null, Object(Config\Cache), false)
 4 SYSTEMPATH/Boot.php(325): CodeIgniter\CodeIgniter->run()
 5 SYSTEMPATH/Boot.php(67): CodeIgniter\Boot::runCodeIgniter(Object(CodeIgniter\CodeIgniter))
 6 FCPATH/index.php(56): CodeIgniter\Boot::bootWeb(Object(Config\Paths))
WARNING - 2025-11-25 13:31:34 --> [DEPRECATED] Passing lowercase HTTP method "get" is deprecated. Use uppercase HTTP method like "GET". in SYSTEMPATH/Router/RouteCollection.php on line 1027.
 1 SYSTEMPATH/Router/RouteCollection.php(1027): trigger_error('Passing lowercase HTTP method "get" is deprecated. Use uppercase HTTP method like "GET".', 16384)
 2 APPPATH/Config/Routes.php(52): CodeIgniter\Router\RouteCollection->match([...], 'compte/repondre/(:num)', 'Compte::repondre/$1')
 3 SYSTEMPATH/Router/RouteCollection.php(340): require('/home/2025DIFAL3/e22308557/public_html/V1/ci/app/Config/Routes.php')
 4 SYSTEMPATH/CodeIgniter.php(823): CodeIgniter\Router\RouteCollection->loadRoutes()
 5 SYSTEMPATH/CodeIgniter.php(457): CodeIgniter\CodeIgniter->tryToRouteIt(null)
 6 SYSTEMPATH/CodeIgniter.php(355): CodeIgniter\CodeIgniter->handleRequest(null, Object(Config\Cache), false)
 7 SYSTEMPATH/Boot.php(325): CodeIgniter\CodeIgniter->run()
 8 SYSTEMPATH/Boot.php(67): CodeIgniter\Boot::runCodeIgniter(Object(CodeIgniter\CodeIgniter))
 9 FCPATH/index.php(56): CodeIgniter\Boot::bootWeb(Object(Config\Paths))
WARNING - 2025-11-25 13:31:34 --> [DEPRECATED] Passing lowercase HTTP method "post" is deprecated. Use uppercase HTTP method like "POST". in SYSTEMPATH/Router/RouteCollection.php on line 1027.
 1 SYSTEMPATH/Router/RouteCollection.php(1027): trigger_error('Passing lowercase HTTP method "post" is deprecated. Use uppercase HTTP method like "POST".', 16384)
 2 APPPATH/Config/Routes.php(52): CodeIgniter\Router\RouteCollection->match([...], 'compte/repondre/(:num)', 'Compte::repondre/$1')
 3 SYSTEMPATH/Router/RouteCollection.php(340): require('/home/2025DIFAL3/e22308557/public_html/V1/ci/app/Config/Routes.php')
 4 SYSTEMPATH/CodeIgniter.php(823): CodeIgniter\Router\RouteCollection->loadRoutes()
 5 SYSTEMPATH/CodeIgniter.php(457): CodeIgniter\CodeIgniter->tryToRouteIt(null)
 6 SYSTEMPATH/CodeIgniter.php(355): CodeIgniter\CodeIgniter->handleRequest(null, Object(Config\Cache), false)
 7 SYSTEMPATH/Boot.php(325): CodeIgniter\CodeIgniter->run()
 8 SYSTEMPATH/Boot.php(67): CodeIgniter\Boot::runCodeIgniter(Object(CodeIgniter\CodeIgniter))
 9 FCPATH/index.php(56): CodeIgniter\Boot::bootWeb(Object(Config\Paths))
WARNING - 2025-11-25 13:31:34 --> [DEPRECATED] Creation of dynamic property App\Controllers\Compte::$model is deprecated in APPPATH/Controllers/Compte.php on line 11.
 1 SYSTEMPATH/CodeIgniter.php(903): App\Controllers\Compte->__construct()
 2 SYSTEMPATH/CodeIgniter.php(500): CodeIgniter\CodeIgniter->createController()
 3 SYSTEMPATH/CodeIgniter.php(355): CodeIgniter\CodeIgniter->handleRequest(null, Object(Config\Cache), false)
 4 SYSTEMPATH/Boot.php(325): CodeIgniter\CodeIgniter->run()
 5 SYSTEMPATH/Boot.php(67): CodeIgniter\Boot::runCodeIgniter(Object(CodeIgniter\CodeIgniter))
 6 FCPATH/index.php(56): CodeIgniter\Boot::bootWeb(Object(Config\Paths))
INFO - 2025-11-25 13:31:34 --> Session: Class initialized using 'CodeIgniter\Session\Handlers\FileHandler' driver.
WARNING - 2025-11-25 13:31:48 --> [DEPRECATED] Passing lowercase HTTP method "get" is deprecated. Use uppercase HTTP method like "GET". in SYSTEMPATH/Router/RouteCollection.php on line 1027.
 1 SYSTEMPATH/Router/RouteCollection.php(1027): trigger_error('Passing lowercase HTTP method "get" is deprecated. Use uppercase HTTP method like "GET".', 16384)
 2 APPPATH/Config/Routes.php(52): CodeIgniter\Router\RouteCollection->match([...], 'compte/repondre/(:num)', 'Compte::repondre/$1')
 3 SYSTEMPATH/Router/RouteCollection.php(340): require('/home/2025DIFAL3/e22308557/public_html/V1/ci/app/Config/Routes.php')
 4 SYSTEMPATH/CodeIgniter.php(823): CodeIgniter\Router\RouteCollection->loadRoutes()
 5 SYSTEMPATH/CodeIgniter.php(457): CodeIgniter\CodeIgniter->tryToRouteIt(null)
 6 SYSTEMPATH/CodeIgniter.php(355): CodeIgniter\CodeIgniter->handleRequest(null, Object(Config\Cache), false)
 7 SYSTEMPATH/Boot.php(325): CodeIgniter\CodeIgniter->run()
 8 SYSTEMPATH/Boot.php(67): CodeIgniter\Boot::runCodeIgniter(Object(CodeIgniter\CodeIgniter))
 9 FCPATH/index.php(56): CodeIgniter\Boot::bootWeb(Object(Config\Paths))
WARNING - 2025-11-25 13:31:48 --> [DEPRECATED] Passing lowercase HTTP method "post" is deprecated. Use uppercase HTTP method like "POST". in SYSTEMPATH/Router/RouteCollection.php on line 1027.
 1 SYSTEMPATH/Router/RouteCollection.php(1027): trigger_error('Passing lowercase HTTP method "post" is deprecated. Use uppercase HTTP method like "POST".', 16384)
 2 APPPATH/Config/Routes.php(52): CodeIgniter\Router\RouteCollection->match([...], 'compte/repondre/(:num)', 'Compte::repondre/$1')
 3 SYSTEMPATH/Router/RouteCollection.php(340): require('/home/2025DIFAL3/e22308557/public_html/V1/ci/app/Config/Routes.php')
 4 SYSTEMPATH/CodeIgniter.php(823): CodeIgniter\Router\RouteCollection->loadRoutes()
 5 SYSTEMPATH/CodeIgniter.php(457): CodeIgniter\CodeIgniter->tryToRouteIt(null)
 6 SYSTEMPATH/CodeIgniter.php(355): CodeIgniter\CodeIgniter->handleRequest(null, Object(Config\Cache), false)
 7 SYSTEMPATH/Boot.php(325): CodeIgniter\CodeIgniter->run()
 8 SYSTEMPATH/Boot.php(67): CodeIgniter\Boot::runCodeIgniter(Object(CodeIgniter\CodeIgniter))
 9 FCPATH/index.php(56): CodeIgniter\Boot::bootWeb(Object(Config\Paths))
WARNING - 2025-11-25 13:31:48 --> [DEPRECATED] Creation of dynamic property App\Controllers\Compte::$model is deprecated in APPPATH/Controllers/Compte.php on line 11.
 1 SYSTEMPATH/CodeIgniter.php(903): App\Controllers\Compte->__construct()
 2 SYSTEMPATH/CodeIgniter.php(500): CodeIgniter\CodeIgniter->createController()
 3 SYSTEMPATH/CodeIgniter.php(355): CodeIgniter\CodeIgniter->handleRequest(null, Object(Config\Cache), false)
 4 SYSTEMPATH/Boot.php(325): CodeIgniter\CodeIgniter->run()
 5 SYSTEMPATH/Boot.php(67): CodeIgniter\Boot::runCodeIgniter(Object(CodeIgniter\CodeIgniter))
 6 FCPATH/index.php(56): CodeIgniter\Boot::bootWeb(Object(Config\Paths))
WARNING - 2025-11-25 13:31:48 --> [DEPRECATED] Passing lowercase HTTP method "get" is deprecated. Use uppercase HTTP method like "GET". in SYSTEMPATH/Router/RouteCollection.php on line 1027.
 1 SYSTEMPATH/Router/RouteCollection.php(1027): trigger_error('Passing lowercase HTTP method "get" is deprecated. Use uppercase HTTP method like "GET".', 16384)
 2 APPPATH/Config/Routes.php(52): CodeIgniter\Router\RouteCollection->match([...], 'compte/repondre/(:num)', 'Compte::repondre/$1')
 3 SYSTEMPATH/Router/RouteCollection.php(340): require('/home/2025DIFAL3/e22308557/public_html/V1/ci/app/Config/Routes.php')
 4 SYSTEMPATH/CodeIgniter.php(823): CodeIgniter\Router\RouteCollection->loadRoutes()
 5 SYSTEMPATH/CodeIgniter.php(457): CodeIgniter\CodeIgniter->tryToRouteIt(null)
 6 SYSTEMPATH/CodeIgniter.php(355): CodeIgniter\CodeIgniter->handleRequest(null, Object(Config\Cache), false)
 7 SYSTEMPATH/Boot.php(325): CodeIgniter\CodeIgniter->run()
 8 SYSTEMPATH/Boot.php(67): CodeIgniter\Boot::runCodeIgniter(Object(CodeIgniter\CodeIgniter))
 9 FCPATH/index.php(56): CodeIgniter\Boot::bootWeb(Object(Config\Paths))
WARNING - 2025-11-25 13:31:48 --> [DEPRECATED] Passing lowercase HTTP method "post" is deprecated. Use uppercase HTTP method like "POST". in SYSTEMPATH/Router/RouteCollection.php on line 1027.
 1 SYSTEMPATH/Router/RouteCollection.php(1027): trigger_error('Passing lowercase HTTP method "post" is deprecated. Use uppercase HTTP method like "POST".', 16384)
 2 APPPATH/Config/Routes.php(52): CodeIgniter\Router\RouteCollection->match([...], 'compte/repondre/(:num)', 'Compte::repondre/$1')
 3 SYSTEMPATH/Router/RouteCollection.php(340): require('/home/2025DIFAL3/e22308557/public_html/V1/ci/app/Config/Routes.php')
 4 SYSTEMPATH/CodeIgniter.php(823): CodeIgniter\Router\RouteCollection->loadRoutes()
 5 SYSTEMPATH/CodeIgniter.php(457): CodeIgniter\CodeIgniter->tryToRouteIt(null)
 6 SYSTEMPATH/CodeIgniter.php(355): CodeIgniter\CodeIgniter->handleRequest(null, Object(Config\Cache), false)
 7 SYSTEMPATH/Boot.php(325): CodeIgniter\CodeIgniter->run()
 8 SYSTEMPATH/Boot.php(67): CodeIgniter\Boot::runCodeIgniter(Object(CodeIgniter\CodeIgniter))
 9 FCPATH/index.php(56): CodeIgniter\Boot::bootWeb(Object(Config\Paths))
WARNING - 2025-11-25 13:31:48 --> [DEPRECATED] Creation of dynamic property App\Controllers\Compte::$model is deprecated in APPPATH/Controllers/Compte.php on line 11.
 1 SYSTEMPATH/CodeIgniter.php(903): App\Controllers\Compte->__construct()
 2 SYSTEMPATH/CodeIgniter.php(500): CodeIgniter\CodeIgniter->createController()
 3 SYSTEMPATH/CodeIgniter.php(355): CodeIgniter\CodeIgniter->handleRequest(null, Object(Config\Cache), false)
 4 SYSTEMPATH/Boot.php(325): CodeIgniter\CodeIgniter->run()
 5 SYSTEMPATH/Boot.php(67): CodeIgniter\Boot::runCodeIgniter(Object(CodeIgniter\CodeIgniter))
 6 FCPATH/index.php(56): CodeIgniter\Boot::bootWeb(Object(Config\Paths))
INFO - 2025-11-25 13:31:48 --> Session: Class initialized using 'CodeIgniter\Session\Handlers\FileHandler' driver.
WARNING - 2025-11-25 13:31:53 --> [DEPRECATED] Passing lowercase HTTP method "get" is deprecated. Use uppercase HTTP method like "GET". in SYSTEMPATH/Router/RouteCollection.php on line 1027.
 1 SYSTEMPATH/Router/RouteCollection.php(1027): trigger_error('Passing lowercase HTTP method "get" is deprecated. Use uppercase HTTP method like "GET".', 16384)
 2 APPPATH/Config/Routes.php(52): CodeIgniter\Router\RouteCollection->match([...], 'compte/repondre/(:num)', 'Compte::repondre/$1')
 3 SYSTEMPATH/Router/RouteCollection.php(340): require('/home/2025DIFAL3/e22308557/public_html/V1/ci/app/Config/Routes.php')
 4 SYSTEMPATH/CodeIgniter.php(823): CodeIgniter\Router\RouteCollection->loadRoutes()
 5 SYSTEMPATH/CodeIgniter.php(457): CodeIgniter\CodeIgniter->tryToRouteIt(null)
 6 SYSTEMPATH/CodeIgniter.php(355): CodeIgniter\CodeIgniter->handleRequest(null, Object(Config\Cache), false)
 7 SYSTEMPATH/Boot.php(325): CodeIgniter\CodeIgniter->run()
 8 SYSTEMPATH/Boot.php(67): CodeIgniter\Boot::runCodeIgniter(Object(CodeIgniter\CodeIgniter))
 9 FCPATH/index.php(56): CodeIgniter\Boot::bootWeb(Object(Config\Paths))
WARNING - 2025-11-25 13:31:53 --> [DEPRECATED] Passing lowercase HTTP method "post" is deprecated. Use uppercase HTTP method like "POST". in SYSTEMPATH/Router/RouteCollection.php on line 1027.
 1 SYSTEMPATH/Router/RouteCollection.php(1027): trigger_error('Passing lowercase HTTP method "post" is deprecated. Use uppercase HTTP method like "POST".', 16384)
 2 APPPATH/Config/Routes.php(52): CodeIgniter\Router\RouteCollection->match([...], 'compte/repondre/(:num)', 'Compte::repondre/$1')
 3 SYSTEMPATH/Router/RouteCollection.php(340): require('/home/2025DIFAL3/e22308557/public_html/V1/ci/app/Config/Routes.php')
 4 SYSTEMPATH/CodeIgniter.php(823): CodeIgniter\Router\RouteCollection->loadRoutes()
 5 SYSTEMPATH/CodeIgniter.php(457): CodeIgniter\CodeIgniter->tryToRouteIt(null)
 6 SYSTEMPATH/CodeIgniter.php(355): CodeIgniter\CodeIgniter->handleRequest(null, Object(Config\Cache), false)
 7 SYSTEMPATH/Boot.php(325): CodeIgniter\CodeIgniter->run()
 8 SYSTEMPATH/Boot.php(67): CodeIgniter\Boot::runCodeIgniter(Object(CodeIgniter\CodeIgniter))
 9 FCPATH/index.php(56): CodeIgniter\Boot::bootWeb(Object(Config\Paths))
WARNING - 2025-11-25 13:31:53 --> [DEPRECATED] Creation of dynamic property App\Controllers\Compte::$model is deprecated in APPPATH/Controllers/Compte.php on line 11.
 1 SYSTEMPATH/CodeIgniter.php(903): App\Controllers\Compte->__construct()
 2 SYSTEMPATH/CodeIgniter.php(500): CodeIgniter\CodeIgniter->createController()
 3 SYSTEMPATH/CodeIgniter.php(355): CodeIgniter\CodeIgniter->handleRequest(null, Object(Config\Cache), false)
 4 SYSTEMPATH/Boot.php(325): CodeIgniter\CodeIgniter->run()
 5 SYSTEMPATH/Boot.php(67): CodeIgniter\Boot::runCodeIgniter(Object(CodeIgniter\CodeIgniter))
 6 FCPATH/index.php(56): CodeIgniter\Boot::bootWeb(Object(Config\Paths))
INFO - 2025-11-25 13:31:53 --> Session: Class initialized using 'CodeIgniter\Session\Handlers\FileHandler' driver.
WARNING - 2025-11-25 13:31:55 --> [DEPRECATED] Passing lowercase HTTP method "get" is deprecated. Use uppercase HTTP method like "GET". in SYSTEMPATH/Router/RouteCollection.php on line 1027.
 1 SYSTEMPATH/Router/RouteCollection.php(1027): trigger_error('Passing lowercase HTTP method "get" is deprecated. Use uppercase HTTP method like "GET".', 16384)
 2 APPPATH/Config/Routes.php(52): CodeIgniter\Router\RouteCollection->match([...], 'compte/repondre/(:num)', 'Compte::repondre/$1')
 3 SYSTEMPATH/Router/RouteCollection.php(340): require('/home/2025DIFAL3/e22308557/public_html/V1/ci/app/Config/Routes.php')
 4 SYSTEMPATH/CodeIgniter.php(823): CodeIgniter\Router\RouteCollection->loadRoutes()
 5 SYSTEMPATH/CodeIgniter.php(457): CodeIgniter\CodeIgniter->tryToRouteIt(null)
 6 SYSTEMPATH/CodeIgniter.php(355): CodeIgniter\CodeIgniter->handleRequest(null, Object(Config\Cache), false)
 7 SYSTEMPATH/Boot.php(325): CodeIgniter\CodeIgniter->run()
 8 SYSTEMPATH/Boot.php(67): CodeIgniter\Boot::runCodeIgniter(Object(CodeIgniter\CodeIgniter))
 9 FCPATH/index.php(56): CodeIgniter\Boot::bootWeb(Object(Config\Paths))
WARNING - 2025-11-25 13:31:55 --> [DEPRECATED] Passing lowercase HTTP method "post" is deprecated. Use uppercase HTTP method like "POST". in SYSTEMPATH/Router/RouteCollection.php on line 1027.
 1 SYSTEMPATH/Router/RouteCollection.php(1027): trigger_error('Passing lowercase HTTP method "post" is deprecated. Use uppercase HTTP method like "POST".', 16384)
 2 APPPATH/Config/Routes.php(52): CodeIgniter\Router\RouteCollection->match([...], 'compte/repondre/(:num)', 'Compte::repondre/$1')
 3 SYSTEMPATH/Router/RouteCollection.php(340): require('/home/2025DIFAL3/e22308557/public_html/V1/ci/app/Config/Routes.php')
 4 SYSTEMPATH/CodeIgniter.php(823): CodeIgniter\Router\RouteCollection->loadRoutes()
 5 SYSTEMPATH/CodeIgniter.php(457): CodeIgniter\CodeIgniter->tryToRouteIt(null)
 6 SYSTEMPATH/CodeIgniter.php(355): CodeIgniter\CodeIgniter->handleRequest(null, Object(Config\Cache), false)
 7 SYSTEMPATH/Boot.php(325): CodeIgniter\CodeIgniter->run()
 8 SYSTEMPATH/Boot.php(67): CodeIgniter\Boot::runCodeIgniter(Object(CodeIgniter\CodeIgniter))
 9 FCPATH/index.php(56): CodeIgniter\Boot::bootWeb(Object(Config\Paths))
WARNING - 2025-11-25 13:31:55 --> [DEPRECATED] Creation of dynamic property App\Controllers\Compte::$model is deprecated in APPPATH/Controllers/Compte.php on line 11.
 1 SYSTEMPATH/CodeIgniter.php(903): App\Controllers\Compte->__construct()
 2 SYSTEMPATH/CodeIgniter.php(500): CodeIgniter\CodeIgniter->createController()
 3 SYSTEMPATH/CodeIgniter.php(355): CodeIgniter\CodeIgniter->handleRequest(null, Object(Config\Cache), false)
 4 SYSTEMPATH/Boot.php(325): CodeIgniter\CodeIgniter->run()
 5 SYSTEMPATH/Boot.php(67): CodeIgniter\Boot::runCodeIgniter(Object(CodeIgniter\CodeIgniter))
 6 FCPATH/index.php(56): CodeIgniter\Boot::bootWeb(Object(Config\Paths))
INFO - 2025-11-25 13:31:55 --> Session: Class initialized using 'CodeIgniter\Session\Handlers\FileHandler' driver.
WARNING - 2025-11-25 13:32:11 --> [DEPRECATED] Passing lowercase HTTP method "get" is deprecated. Use uppercase HTTP method like "GET". in SYSTEMPATH/Router/RouteCollection.php on line 1027.
 1 SYSTEMPATH/Router/RouteCollection.php(1027): trigger_error('Passing lowercase HTTP method "get" is deprecated. Use uppercase HTTP method like "GET".', 16384)
 2 APPPATH/Config/Routes.php(52): CodeIgniter\Router\RouteCollection->match([...], 'compte/repondre/(:num)', 'Compte::repondre/$1')
 3 SYSTEMPATH/Router/RouteCollection.php(340): require('/home/2025DIFAL3/e22308557/public_html/V1/ci/app/Config/Routes.php')
 4 SYSTEMPATH/CodeIgniter.php(823): CodeIgniter\Router\RouteCollection->loadRoutes()
 5 SYSTEMPATH/CodeIgniter.php(457): CodeIgniter\CodeIgniter->tryToRouteIt(null)
 6 SYSTEMPATH/CodeIgniter.php(355): CodeIgniter\CodeIgniter->handleRequest(null, Object(Config\Cache), false)
 7 SYSTEMPATH/Boot.php(325): CodeIgniter\CodeIgniter->run()
 8 SYSTEMPATH/Boot.php(67): CodeIgniter\Boot::runCodeIgniter(Object(CodeIgniter\CodeIgniter))
 9 FCPATH/index.php(56): CodeIgniter\Boot::bootWeb(Object(Config\Paths))
WARNING - 2025-11-25 13:32:11 --> [DEPRECATED] Passing lowercase HTTP method "post" is deprecated. Use uppercase HTTP method like "POST". in SYSTEMPATH/Router/RouteCollection.php on line 1027.
 1 SYSTEMPATH/Router/RouteCollection.php(1027): trigger_error('Passing lowercase HTTP method "post" is deprecated. Use uppercase HTTP method like "POST".', 16384)
 2 APPPATH/Config/Routes.php(52): CodeIgniter\Router\RouteCollection->match([...], 'compte/repondre/(:num)', 'Compte::repondre/$1')
 3 SYSTEMPATH/Router/RouteCollection.php(340): require('/home/2025DIFAL3/e22308557/public_html/V1/ci/app/Config/Routes.php')
 4 SYSTEMPATH/CodeIgniter.php(823): CodeIgniter\Router\RouteCollection->loadRoutes()
 5 SYSTEMPATH/CodeIgniter.php(457): CodeIgniter\CodeIgniter->tryToRouteIt(null)
 6 SYSTEMPATH/CodeIgniter.php(355): CodeIgniter\CodeIgniter->handleRequest(null, Object(Config\Cache), false)
 7 SYSTEMPATH/Boot.php(325): CodeIgniter\CodeIgniter->run()
 8 SYSTEMPATH/Boot.php(67): CodeIgniter\Boot::runCodeIgniter(Object(CodeIgniter\CodeIgniter))
 9 FCPATH/index.php(56): CodeIgniter\Boot::bootWeb(Object(Config\Paths))
WARNING - 2025-11-25 13:32:11 --> [DEPRECATED] Creation of dynamic property App\Controllers\Compte::$model is deprecated in APPPATH/Controllers/Compte.php on line 11.
 1 SYSTEMPATH/CodeIgniter.php(903): App\Controllers\Compte->__construct()
 2 SYSTEMPATH/CodeIgniter.php(500): CodeIgniter\CodeIgniter->createController()
 3 SYSTEMPATH/CodeIgniter.php(355): CodeIgniter\CodeIgniter->handleRequest(null, Object(Config\Cache), false)
 4 SYSTEMPATH/Boot.php(325): CodeIgniter\CodeIgniter->run()
 5 SYSTEMPATH/Boot.php(67): CodeIgniter\Boot::runCodeIgniter(Object(CodeIgniter\CodeIgniter))
 6 FCPATH/index.php(56): CodeIgniter\Boot::bootWeb(Object(Config\Paths))
INFO - 2025-11-25 13:32:11 --> Session: Class initialized using 'CodeIgniter\Session\Handlers\FileHandler' driver.
WARNING - 2025-11-25 13:32:12 --> [DEPRECATED] Passing lowercase HTTP method "get" is deprecated. Use uppercase HTTP method like "GET". in SYSTEMPATH/Router/RouteCollection.php on line 1027.
 1 SYSTEMPATH/Router/RouteCollection.php(1027): trigger_error('Passing lowercase HTTP method "get" is deprecated. Use uppercase HTTP method like "GET".', 16384)
 2 APPPATH/Config/Routes.php(52): CodeIgniter\Router\RouteCollection->match([...], 'compte/repondre/(:num)', 'Compte::repondre/$1')
 3 SYSTEMPATH/Router/RouteCollection.php(340): require('/home/2025DIFAL3/e22308557/public_html/V1/ci/app/Config/Routes.php')
 4 SYSTEMPATH/CodeIgniter.php(823): CodeIgniter\Router\RouteCollection->loadRoutes()
 5 SYSTEMPATH/CodeIgniter.php(457): CodeIgniter\CodeIgniter->tryToRouteIt(null)
 6 SYSTEMPATH/CodeIgniter.php(355): CodeIgniter\CodeIgniter->handleRequest(null, Object(Config\Cache), false)
 7 SYSTEMPATH/Boot.php(325): CodeIgniter\CodeIgniter->run()
 8 SYSTEMPATH/Boot.php(67): CodeIgniter\Boot::runCodeIgniter(Object(CodeIgniter\CodeIgniter))
 9 FCPATH/index.php(56): CodeIgniter\Boot::bootWeb(Object(Config\Paths))
WARNING - 2025-11-25 13:32:12 --> [DEPRECATED] Passing lowercase HTTP method "post" is deprecated. Use uppercase HTTP method like "POST". in SYSTEMPATH/Router/RouteCollection.php on line 1027.
 1 SYSTEMPATH/Router/RouteCollection.php(1027): trigger_error('Passing lowercase HTTP method "post" is deprecated. Use uppercase HTTP method like "POST".', 16384)
 2 APPPATH/Config/Routes.php(52): CodeIgniter\Router\RouteCollection->match([...], 'compte/repondre/(:num)', 'Compte::repondre/$1')
 3 SYSTEMPATH/Router/RouteCollection.php(340): require('/home/2025DIFAL3/e22308557/public_html/V1/ci/app/Config/Routes.php')
 4 SYSTEMPATH/CodeIgniter.php(823): CodeIgniter\Router\RouteCollection->loadRoutes()
 5 SYSTEMPATH/CodeIgniter.php(457): CodeIgniter\CodeIgniter->tryToRouteIt(null)
 6 SYSTEMPATH/CodeIgniter.php(355): CodeIgniter\CodeIgniter->handleRequest(null, Object(Config\Cache), false)
 7 SYSTEMPATH/Boot.php(325): CodeIgniter\CodeIgniter->run()
 8 SYSTEMPATH/Boot.php(67): CodeIgniter\Boot::runCodeIgniter(Object(CodeIgniter\CodeIgniter))
 9 FCPATH/index.php(56): CodeIgniter\Boot::bootWeb(Object(Config\Paths))
WARNING - 2025-11-25 13:32:12 --> [DEPRECATED] Creation of dynamic property App\Controllers\Compte::$model is deprecated in APPPATH/Controllers/Compte.php on line 11.
 1 SYSTEMPATH/CodeIgniter.php(903): App\Controllers\Compte->__construct()
 2 SYSTEMPATH/CodeIgniter.php(500): CodeIgniter\CodeIgniter->createController()
 3 SYSTEMPATH/CodeIgniter.php(355): CodeIgniter\CodeIgniter->handleRequest(null, Object(Config\Cache), false)
 4 SYSTEMPATH/Boot.php(325): CodeIgniter\CodeIgniter->run()
 5 SYSTEMPATH/Boot.php(67): CodeIgniter\Boot::runCodeIgniter(Object(CodeIgniter\CodeIgniter))
 6 FCPATH/index.php(56): CodeIgniter\Boot::bootWeb(Object(Config\Paths))
INFO - 2025-11-25 13:32:12 --> Session: Class initialized using 'CodeIgniter\Session\Handlers\FileHandler' driver.
WARNING - 2025-11-25 13:33:12 --> [DEPRECATED] Passing lowercase HTTP method "get" is deprecated. Use uppercase HTTP method like "GET". in SYSTEMPATH/Router/RouteCollection.php on line 1027.
 1 SYSTEMPATH/Router/RouteCollection.php(1027): trigger_error('Passing lowercase HTTP method "get" is deprecated. Use uppercase HTTP method like "GET".', 16384)
 2 APPPATH/Config/Routes.php(52): CodeIgniter\Router\RouteCollection->match([...], 'compte/repondre/(:num)', 'Compte::repondre/$1')
 3 SYSTEMPATH/Router/RouteCollection.php(340): require('/home/2025DIFAL3/e22308557/public_html/V1/ci/app/Config/Routes.php')
 4 SYSTEMPATH/CodeIgniter.php(823): CodeIgniter\Router\RouteCollection->loadRoutes()
 5 SYSTEMPATH/CodeIgniter.php(457): CodeIgniter\CodeIgniter->tryToRouteIt(null)
 6 SYSTEMPATH/CodeIgniter.php(355): CodeIgniter\CodeIgniter->handleRequest(null, Object(Config\Cache), false)
 7 SYSTEMPATH/Boot.php(325): CodeIgniter\CodeIgniter->run()
 8 SYSTEMPATH/Boot.php(67): CodeIgniter\Boot::runCodeIgniter(Object(CodeIgniter\CodeIgniter))
 9 FCPATH/index.php(56): CodeIgniter\Boot::bootWeb(Object(Config\Paths))
WARNING - 2025-11-25 13:33:12 --> [DEPRECATED] Passing lowercase HTTP method "post" is deprecated. Use uppercase HTTP method like "POST". in SYSTEMPATH/Router/RouteCollection.php on line 1027.
 1 SYSTEMPATH/Router/RouteCollection.php(1027): trigger_error('Passing lowercase HTTP method "post" is deprecated. Use uppercase HTTP method like "POST".', 16384)
 2 APPPATH/Config/Routes.php(52): CodeIgniter\Router\RouteCollection->match([...], 'compte/repondre/(:num)', 'Compte::repondre/$1')
 3 SYSTEMPATH/Router/RouteCollection.php(340): require('/home/2025DIFAL3/e22308557/public_html/V1/ci/app/Config/Routes.php')
 4 SYSTEMPATH/CodeIgniter.php(823): CodeIgniter\Router\RouteCollection->loadRoutes()
 5 SYSTEMPATH/CodeIgniter.php(457): CodeIgniter\CodeIgniter->tryToRouteIt(null)
 6 SYSTEMPATH/CodeIgniter.php(355): CodeIgniter\CodeIgniter->handleRequest(null, Object(Config\Cache), false)
 7 SYSTEMPATH/Boot.php(325): CodeIgniter\CodeIgniter->run()
 8 SYSTEMPATH/Boot.php(67): CodeIgniter\Boot::runCodeIgniter(Object(CodeIgniter\CodeIgniter))
 9 FCPATH/index.php(56): CodeIgniter\Boot::bootWeb(Object(Config\Paths))
WARNING - 2025-11-25 13:33:12 --> [DEPRECATED] Creation of dynamic property App\Controllers\Compte::$model is deprecated in APPPATH/Controllers/Compte.php on line 11.
 1 SYSTEMPATH/CodeIgniter.php(903): App\Controllers\Compte->__construct()
 2 SYSTEMPATH/CodeIgniter.php(500): CodeIgniter\CodeIgniter->createController()
 3 SYSTEMPATH/CodeIgniter.php(355): CodeIgniter\CodeIgniter->handleRequest(null, Object(Config\Cache), false)
 4 SYSTEMPATH/Boot.php(325): CodeIgniter\CodeIgniter->run()
 5 SYSTEMPATH/Boot.php(67): CodeIgniter\Boot::runCodeIgniter(Object(CodeIgniter\CodeIgniter))
 6 FCPATH/index.php(56): CodeIgniter\Boot::bootWeb(Object(Config\Paths))
WARNING - 2025-11-25 13:33:12 --> [DEPRECATED] Passing lowercase HTTP method "get" is deprecated. Use uppercase HTTP method like "GET". in SYSTEMPATH/Router/RouteCollection.php on line 1027.
 1 SYSTEMPATH/Router/RouteCollection.php(1027): trigger_error('Passing lowercase HTTP method "get" is deprecated. Use uppercase HTTP method like "GET".', 16384)
 2 APPPATH/Config/Routes.php(52): CodeIgniter\Router\RouteCollection->match([...], 'compte/repondre/(:num)', 'Compte::repondre/$1')
 3 SYSTEMPATH/Router/RouteCollection.php(340): require('/home/2025DIFAL3/e22308557/public_html/V1/ci/app/Config/Routes.php')
 4 SYSTEMPATH/CodeIgniter.php(823): CodeIgniter\Router\RouteCollection->loadRoutes()
 5 SYSTEMPATH/CodeIgniter.php(457): CodeIgniter\CodeIgniter->tryToRouteIt(null)
 6 SYSTEMPATH/CodeIgniter.php(355): CodeIgniter\CodeIgniter->handleRequest(null, Object(Config\Cache), false)
 7 SYSTEMPATH/Boot.php(325): CodeIgniter\CodeIgniter->run()
 8 SYSTEMPATH/Boot.php(67): CodeIgniter\Boot::runCodeIgniter(Object(CodeIgniter\CodeIgniter))
 9 FCPATH/index.php(56): CodeIgniter\Boot::bootWeb(Object(Config\Paths))
WARNING - 2025-11-25 13:33:12 --> [DEPRECATED] Passing lowercase HTTP method "post" is deprecated. Use uppercase HTTP method like "POST". in SYSTEMPATH/Router/RouteCollection.php on line 1027.
 1 SYSTEMPATH/Router/RouteCollection.php(1027): trigger_error('Passing lowercase HTTP method "post" is deprecated. Use uppercase HTTP method like "POST".', 16384)
 2 APPPATH/Config/Routes.php(52): CodeIgniter\Router\RouteCollection->match([...], 'compte/repondre/(:num)', 'Compte::repondre/$1')
 3 SYSTEMPATH/Router/RouteCollection.php(340): require('/home/2025DIFAL3/e22308557/public_html/V1/ci/app/Config/Routes.php')
 4 SYSTEMPATH/CodeIgniter.php(823): CodeIgniter\Router\RouteCollection->loadRoutes()
 5 SYSTEMPATH/CodeIgniter.php(457): CodeIgniter\CodeIgniter->tryToRouteIt(null)
 6 SYSTEMPATH/CodeIgniter.php(355): CodeIgniter\CodeIgniter->handleRequest(null, Object(Config\Cache), false)
 7 SYSTEMPATH/Boot.php(325): CodeIgniter\CodeIgniter->run()
 8 SYSTEMPATH/Boot.php(67): CodeIgniter\Boot::runCodeIgniter(Object(CodeIgniter\CodeIgniter))
 9 FCPATH/index.php(56): CodeIgniter\Boot::bootWeb(Object(Config\Paths))
WARNING - 2025-11-25 13:33:12 --> [DEPRECATED] Creation of dynamic property App\Controllers\Compte::$model is deprecated in APPPATH/Controllers/Compte.php on line 11.
 1 SYSTEMPATH/CodeIgniter.php(903): App\Controllers\Compte->__construct()
 2 SYSTEMPATH/CodeIgniter.php(500): CodeIgniter\CodeIgniter->createController()
 3 SYSTEMPATH/CodeIgniter.php(355): CodeIgniter\CodeIgniter->handleRequest(null, Object(Config\Cache), false)
 4 SYSTEMPATH/Boot.php(325): CodeIgniter\CodeIgniter->run()
 5 SYSTEMPATH/Boot.php(67): CodeIgniter\Boot::runCodeIgniter(Object(CodeIgniter\CodeIgniter))
 6 FCPATH/index.php(56): CodeIgniter\Boot::bootWeb(Object(Config\Paths))
INFO - 2025-11-25 13:33:12 --> Session: Class initialized using 'CodeIgniter\Session\Handlers\FileHandler' driver.
WARNING - 2025-11-25 13:33:28 --> [DEPRECATED] Passing lowercase HTTP method "get" is deprecated. Use uppercase HTTP method like "GET". in SYSTEMPATH/Router/RouteCollection.php on line 1027.
 1 SYSTEMPATH/Router/RouteCollection.php(1027): trigger_error('Passing lowercase HTTP method "get" is deprecated. Use uppercase HTTP method like "GET".', 16384)
 2 APPPATH/Config/Routes.php(52): CodeIgniter\Router\RouteCollection->match([...], 'compte/repondre/(:num)', 'Compte::repondre/$1')
 3 SYSTEMPATH/Router/RouteCollection.php(340): require('/home/2025DIFAL3/e22308557/public_html/V1/ci/app/Config/Routes.php')
 4 SYSTEMPATH/CodeIgniter.php(823): CodeIgniter\Router\RouteCollection->loadRoutes()
 5 SYSTEMPATH/CodeIgniter.php(457): CodeIgniter\CodeIgniter->tryToRouteIt(null)
 6 SYSTEMPATH/CodeIgniter.php(355): CodeIgniter\CodeIgniter->handleRequest(null, Object(Config\Cache), false)
 7 SYSTEMPATH/Boot.php(325): CodeIgniter\CodeIgniter->run()
 8 SYSTEMPATH/Boot.php(67): CodeIgniter\Boot::runCodeIgniter(Object(CodeIgniter\CodeIgniter))
 9 FCPATH/index.php(56): CodeIgniter\Boot::bootWeb(Object(Config\Paths))
WARNING - 2025-11-25 13:33:28 --> [DEPRECATED] Passing lowercase HTTP method "post" is deprecated. Use uppercase HTTP method like "POST". in SYSTEMPATH/Router/RouteCollection.php on line 1027.
 1 SYSTEMPATH/Router/RouteCollection.php(1027): trigger_error('Passing lowercase HTTP method "post" is deprecated. Use uppercase HTTP method like "POST".', 16384)
 2 APPPATH/Config/Routes.php(52): CodeIgniter\Router\RouteCollection->match([...], 'compte/repondre/(:num)', 'Compte::repondre/$1')
 3 SYSTEMPATH/Router/RouteCollection.php(340): require('/home/2025DIFAL3/e22308557/public_html/V1/ci/app/Config/Routes.php')
 4 SYSTEMPATH/CodeIgniter.php(823): CodeIgniter\Router\RouteCollection->loadRoutes()
 5 SYSTEMPATH/CodeIgniter.php(457): CodeIgniter\CodeIgniter->tryToRouteIt(null)
 6 SYSTEMPATH/CodeIgniter.php(355): CodeIgniter\CodeIgniter->handleRequest(null, Object(Config\Cache), false)
 7 SYSTEMPATH/Boot.php(325): CodeIgniter\CodeIgniter->run()
 8 SYSTEMPATH/Boot.php(67): CodeIgniter\Boot::runCodeIgniter(Object(CodeIgniter\CodeIgniter))
 9 FCPATH/index.php(56): CodeIgniter\Boot::bootWeb(Object(Config\Paths))
WARNING - 2025-11-25 13:33:28 --> [DEPRECATED] Creation of dynamic property App\Controllers\Compte::$model is deprecated in APPPATH/Controllers/Compte.php on line 11.
 1 SYSTEMPATH/CodeIgniter.php(903): App\Controllers\Compte->__construct()
 2 SYSTEMPATH/CodeIgniter.php(500): CodeIgniter\CodeIgniter->createController()
 3 SYSTEMPATH/CodeIgniter.php(355): CodeIgniter\CodeIgniter->handleRequest(null, Object(Config\Cache), false)
 4 SYSTEMPATH/Boot.php(325): CodeIgniter\CodeIgniter->run()
 5 SYSTEMPATH/Boot.php(67): CodeIgniter\Boot::runCodeIgniter(Object(CodeIgniter\CodeIgniter))
 6 FCPATH/index.php(56): CodeIgniter\Boot::bootWeb(Object(Config\Paths))
WARNING - 2025-11-25 13:33:29 --> [DEPRECATED] Passing lowercase HTTP method "get" is deprecated. Use uppercase HTTP method like "GET". in SYSTEMPATH/Router/RouteCollection.php on line 1027.
 1 SYSTEMPATH/Router/RouteCollection.php(1027): trigger_error('Passing lowercase HTTP method "get" is deprecated. Use uppercase HTTP method like "GET".', 16384)
 2 APPPATH/Config/Routes.php(52): CodeIgniter\Router\RouteCollection->match([...], 'compte/repondre/(:num)', 'Compte::repondre/$1')
 3 SYSTEMPATH/Router/RouteCollection.php(340): require('/home/2025DIFAL3/e22308557/public_html/V1/ci/app/Config/Routes.php')
 4 SYSTEMPATH/CodeIgniter.php(823): CodeIgniter\Router\RouteCollection->loadRoutes()
 5 SYSTEMPATH/CodeIgniter.php(457): CodeIgniter\CodeIgniter->tryToRouteIt(null)
 6 SYSTEMPATH/CodeIgniter.php(355): CodeIgniter\CodeIgniter->handleRequest(null, Object(Config\Cache), false)
 7 SYSTEMPATH/Boot.php(325): CodeIgniter\CodeIgniter->run()
 8 SYSTEMPATH/Boot.php(67): CodeIgniter\Boot::runCodeIgniter(Object(CodeIgniter\CodeIgniter))
 9 FCPATH/index.php(56): CodeIgniter\Boot::bootWeb(Object(Config\Paths))
WARNING - 2025-11-25 13:33:29 --> [DEPRECATED] Passing lowercase HTTP method "post" is deprecated. Use uppercase HTTP method like "POST". in SYSTEMPATH/Router/RouteCollection.php on line 1027.
 1 SYSTEMPATH/Router/RouteCollection.php(1027): trigger_error('Passing lowercase HTTP method "post" is deprecated. Use uppercase HTTP method like "POST".', 16384)
 2 APPPATH/Config/Routes.php(52): CodeIgniter\Router\RouteCollection->match([...], 'compte/repondre/(:num)', 'Compte::repondre/$1')
 3 SYSTEMPATH/Router/RouteCollection.php(340): require('/home/2025DIFAL3/e22308557/public_html/V1/ci/app/Config/Routes.php')
 4 SYSTEMPATH/CodeIgniter.php(823): CodeIgniter\Router\RouteCollection->loadRoutes()
 5 SYSTEMPATH/CodeIgniter.php(457): CodeIgniter\CodeIgniter->tryToRouteIt(null)
 6 SYSTEMPATH/CodeIgniter.php(355): CodeIgniter\CodeIgniter->handleRequest(null, Object(Config\Cache), false)
 7 SYSTEMPATH/Boot.php(325): CodeIgniter\CodeIgniter->run()
 8 SYSTEMPATH/Boot.php(67): CodeIgniter\Boot::runCodeIgniter(Object(CodeIgniter\CodeIgniter))
 9 FCPATH/index.php(56): CodeIgniter\Boot::bootWeb(Object(Config\Paths))
WARNING - 2025-11-25 13:33:29 --> [DEPRECATED] Creation of dynamic property App\Controllers\Compte::$model is deprecated in APPPATH/Controllers/Compte.php on line 11.
 1 SYSTEMPATH/CodeIgniter.php(903): App\Controllers\Compte->__construct()
 2 SYSTEMPATH/CodeIgniter.php(500): CodeIgniter\CodeIgniter->createController()
 3 SYSTEMPATH/CodeIgniter.php(355): CodeIgniter\CodeIgniter->handleRequest(null, Object(Config\Cache), false)
 4 SYSTEMPATH/Boot.php(325): CodeIgniter\CodeIgniter->run()
 5 SYSTEMPATH/Boot.php(67): CodeIgniter\Boot::runCodeIgniter(Object(CodeIgniter\CodeIgniter))
 6 FCPATH/index.php(56): CodeIgniter\Boot::bootWeb(Object(Config\Paths))
INFO - 2025-11-25 13:33:29 --> Session: Class initialized using 'CodeIgniter\Session\Handlers\FileHandler' driver.
WARNING - 2025-11-25 13:33:34 --> [DEPRECATED] Passing lowercase HTTP method "get" is deprecated. Use uppercase HTTP method like "GET". in SYSTEMPATH/Router/RouteCollection.php on line 1027.
 1 SYSTEMPATH/Router/RouteCollection.php(1027): trigger_error('Passing lowercase HTTP method "get" is deprecated. Use uppercase HTTP method like "GET".', 16384)
 2 APPPATH/Config/Routes.php(52): CodeIgniter\Router\RouteCollection->match([...], 'compte/repondre/(:num)', 'Compte::repondre/$1')
 3 SYSTEMPATH/Router/RouteCollection.php(340): require('/home/2025DIFAL3/e22308557/public_html/V1/ci/app/Config/Routes.php')
 4 SYSTEMPATH/CodeIgniter.php(823): CodeIgniter\Router\RouteCollection->loadRoutes()
 5 SYSTEMPATH/CodeIgniter.php(457): CodeIgniter\CodeIgniter->tryToRouteIt(null)
 6 SYSTEMPATH/CodeIgniter.php(355): CodeIgniter\CodeIgniter->handleRequest(null, Object(Config\Cache), false)
 7 SYSTEMPATH/Boot.php(325): CodeIgniter\CodeIgniter->run()
 8 SYSTEMPATH/Boot.php(67): CodeIgniter\Boot::runCodeIgniter(Object(CodeIgniter\CodeIgniter))
 9 FCPATH/index.php(56): CodeIgniter\Boot::bootWeb(Object(Config\Paths))
WARNING - 2025-11-25 13:33:34 --> [DEPRECATED] Passing lowercase HTTP method "post" is deprecated. Use uppercase HTTP method like "POST". in SYSTEMPATH/Router/RouteCollection.php on line 1027.
 1 SYSTEMPATH/Router/RouteCollection.php(1027): trigger_error('Passing lowercase HTTP method "post" is deprecated. Use uppercase HTTP method like "POST".', 16384)
 2 APPPATH/Config/Routes.php(52): CodeIgniter\Router\RouteCollection->match([...], 'compte/repondre/(:num)', 'Compte::repondre/$1')
 3 SYSTEMPATH/Router/RouteCollection.php(340): require('/home/2025DIFAL3/e22308557/public_html/V1/ci/app/Config/Routes.php')
 4 SYSTEMPATH/CodeIgniter.php(823): CodeIgniter\Router\RouteCollection->loadRoutes()
 5 SYSTEMPATH/CodeIgniter.php(457): CodeIgniter\CodeIgniter->tryToRouteIt(null)
 6 SYSTEMPATH/CodeIgniter.php(355): CodeIgniter\CodeIgniter->handleRequest(null, Object(Config\Cache), false)
 7 SYSTEMPATH/Boot.php(325): CodeIgniter\CodeIgniter->run()
 8 SYSTEMPATH/Boot.php(67): CodeIgniter\Boot::runCodeIgniter(Object(CodeIgniter\CodeIgniter))
 9 FCPATH/index.php(56): CodeIgniter\Boot::bootWeb(Object(Config\Paths))
WARNING - 2025-11-25 13:33:34 --> [DEPRECATED] Creation of dynamic property App\Controllers\Compte::$model is deprecated in APPPATH/Controllers/Compte.php on line 11.
 1 SYSTEMPATH/CodeIgniter.php(903): App\Controllers\Compte->__construct()
 2 SYSTEMPATH/CodeIgniter.php(500): CodeIgniter\CodeIgniter->createController()
 3 SYSTEMPATH/CodeIgniter.php(355): CodeIgniter\CodeIgniter->handleRequest(null, Object(Config\Cache), false)
 4 SYSTEMPATH/Boot.php(325): CodeIgniter\CodeIgniter->run()
 5 SYSTEMPATH/Boot.php(67): CodeIgniter\Boot::runCodeIgniter(Object(CodeIgniter\CodeIgniter))
 6 FCPATH/index.php(56): CodeIgniter\Boot::bootWeb(Object(Config\Paths))
INFO - 2025-11-25 13:33:34 --> Session: Class initialized using 'CodeIgniter\Session\Handlers\FileHandler' driver.
WARNING - 2025-11-25 13:35:10 --> [DEPRECATED] Passing lowercase HTTP method "get" is deprecated. Use uppercase HTTP method like "GET". in SYSTEMPATH/Router/RouteCollection.php on line 1027.
 1 SYSTEMPATH/Router/RouteCollection.php(1027): trigger_error('Passing lowercase HTTP method "get" is deprecated. Use uppercase HTTP method like "GET".', 16384)
 2 APPPATH/Config/Routes.php(52): CodeIgniter\Router\RouteCollection->match([...], 'compte/repondre/(:num)', 'Compte::repondre/$1')
 3 SYSTEMPATH/Router/RouteCollection.php(340): require('/home/2025DIFAL3/e22308557/public_html/V1/ci/app/Config/Routes.php')
 4 SYSTEMPATH/CodeIgniter.php(823): CodeIgniter\Router\RouteCollection->loadRoutes()
 5 SYSTEMPATH/CodeIgniter.php(457): CodeIgniter\CodeIgniter->tryToRouteIt(null)
 6 SYSTEMPATH/CodeIgniter.php(355): CodeIgniter\CodeIgniter->handleRequest(null, Object(Config\Cache), false)
 7 SYSTEMPATH/Boot.php(325): CodeIgniter\CodeIgniter->run()
 8 SYSTEMPATH/Boot.php(67): CodeIgniter\Boot::runCodeIgniter(Object(CodeIgniter\CodeIgniter))
 9 FCPATH/index.php(56): CodeIgniter\Boot::bootWeb(Object(Config\Paths))
WARNING - 2025-11-25 13:35:10 --> [DEPRECATED] Passing lowercase HTTP method "post" is deprecated. Use uppercase HTTP method like "POST". in SYSTEMPATH/Router/RouteCollection.php on line 1027.
 1 SYSTEMPATH/Router/RouteCollection.php(1027): trigger_error('Passing lowercase HTTP method "post" is deprecated. Use uppercase HTTP method like "POST".', 16384)
 2 APPPATH/Config/Routes.php(52): CodeIgniter\Router\RouteCollection->match([...], 'compte/repondre/(:num)', 'Compte::repondre/$1')
 3 SYSTEMPATH/Router/RouteCollection.php(340): require('/home/2025DIFAL3/e22308557/public_html/V1/ci/app/Config/Routes.php')
 4 SYSTEMPATH/CodeIgniter.php(823): CodeIgniter\Router\RouteCollection->loadRoutes()
 5 SYSTEMPATH/CodeIgniter.php(457): CodeIgniter\CodeIgniter->tryToRouteIt(null)
 6 SYSTEMPATH/CodeIgniter.php(355): CodeIgniter\CodeIgniter->handleRequest(null, Object(Config\Cache), false)
 7 SYSTEMPATH/Boot.php(325): CodeIgniter\CodeIgniter->run()
 8 SYSTEMPATH/Boot.php(67): CodeIgniter\Boot::runCodeIgniter(Object(CodeIgniter\CodeIgniter))
 9 FCPATH/index.php(56): CodeIgniter\Boot::bootWeb(Object(Config\Paths))
WARNING - 2025-11-25 13:35:10 --> [DEPRECATED] Creation of dynamic property App\Controllers\Compte::$model is deprecated in APPPATH/Controllers/Compte.php on line 11.
 1 SYSTEMPATH/CodeIgniter.php(903): App\Controllers\Compte->__construct()
 2 SYSTEMPATH/CodeIgniter.php(500): CodeIgniter\CodeIgniter->createController()
 3 SYSTEMPATH/CodeIgniter.php(355): CodeIgniter\CodeIgniter->handleRequest(null, Object(Config\Cache), false)
 4 SYSTEMPATH/Boot.php(325): CodeIgniter\CodeIgniter->run()
 5 SYSTEMPATH/Boot.php(67): CodeIgniter\Boot::runCodeIgniter(Object(CodeIgniter\CodeIgniter))
 6 FCPATH/index.php(56): CodeIgniter\Boot::bootWeb(Object(Config\Paths))
INFO - 2025-11-25 13:35:10 --> Session: Class initialized using 'CodeIgniter\Session\Handlers\FileHandler' driver.
WARNING - 2025-11-25 13:44:52 --> [DEPRECATED] Passing lowercase HTTP method "get" is deprecated. Use uppercase HTTP method like "GET". in SYSTEMPATH/Router/RouteCollection.php on line 1027.
 1 SYSTEMPATH/Router/RouteCollection.php(1027): trigger_error('Passing lowercase HTTP method "get" is deprecated. Use uppercase HTTP method like "GET".', 16384)
 2 APPPATH/Config/Routes.php(52): CodeIgniter\Router\RouteCollection->match([...], 'compte/repondre/(:num)', 'Compte::repondre/$1')
 3 SYSTEMPATH/Router/RouteCollection.php(340): require('/home/2025DIFAL3/e22308557/public_html/V1/ci/app/Config/Routes.php')
 4 SYSTEMPATH/CodeIgniter.php(823): CodeIgniter\Router\RouteCollection->loadRoutes()
 5 SYSTEMPATH/CodeIgniter.php(457): CodeIgniter\CodeIgniter->tryToRouteIt(null)
 6 SYSTEMPATH/CodeIgniter.php(355): CodeIgniter\CodeIgniter->handleRequest(null, Object(Config\Cache), false)
 7 SYSTEMPATH/Boot.php(325): CodeIgniter\CodeIgniter->run()
 8 SYSTEMPATH/Boot.php(67): CodeIgniter\Boot::runCodeIgniter(Object(CodeIgniter\CodeIgniter))
 9 FCPATH/index.php(56): CodeIgniter\Boot::bootWeb(Object(Config\Paths))
WARNING - 2025-11-25 13:44:52 --> [DEPRECATED] Passing lowercase HTTP method "post" is deprecated. Use uppercase HTTP method like "POST". in SYSTEMPATH/Router/RouteCollection.php on line 1027.
 1 SYSTEMPATH/Router/RouteCollection.php(1027): trigger_error('Passing lowercase HTTP method "post" is deprecated. Use uppercase HTTP method like "POST".', 16384)
 2 APPPATH/Config/Routes.php(52): CodeIgniter\Router\RouteCollection->match([...], 'compte/repondre/(:num)', 'Compte::repondre/$1')
 3 SYSTEMPATH/Router/RouteCollection.php(340): require('/home/2025DIFAL3/e22308557/public_html/V1/ci/app/Config/Routes.php')
 4 SYSTEMPATH/CodeIgniter.php(823): CodeIgniter\Router\RouteCollection->loadRoutes()
 5 SYSTEMPATH/CodeIgniter.php(457): CodeIgniter\CodeIgniter->tryToRouteIt(null)
 6 SYSTEMPATH/CodeIgniter.php(355): CodeIgniter\CodeIgniter->handleRequest(null, Object(Config\Cache), false)
 7 SYSTEMPATH/Boot.php(325): CodeIgniter\CodeIgniter->run()
 8 SYSTEMPATH/Boot.php(67): CodeIgniter\Boot::runCodeIgniter(Object(CodeIgniter\CodeIgniter))
 9 FCPATH/index.php(56): CodeIgniter\Boot::bootWeb(Object(Config\Paths))
WARNING - 2025-11-25 13:44:52 --> [DEPRECATED] Creation of dynamic property App\Controllers\Compte::$model is deprecated in APPPATH/Controllers/Compte.php on line 11.
 1 SYSTEMPATH/CodeIgniter.php(903): App\Controllers\Compte->__construct()
 2 SYSTEMPATH/CodeIgniter.php(500): CodeIgniter\CodeIgniter->createController()
 3 SYSTEMPATH/CodeIgniter.php(355): CodeIgniter\CodeIgniter->handleRequest(null, Object(Config\Cache), false)
 4 SYSTEMPATH/Boot.php(325): CodeIgniter\CodeIgniter->run()
 5 SYSTEMPATH/Boot.php(67): CodeIgniter\Boot::runCodeIgniter(Object(CodeIgniter\CodeIgniter))
 6 FCPATH/index.php(56): CodeIgniter\Boot::bootWeb(Object(Config\Paths))
INFO - 2025-11-25 13:44:52 --> Session: Class initialized using 'CodeIgniter\Session\Handlers\FileHandler' driver.
CRITICAL - 2025-11-25 13:44:52 --> ParseError: syntax error, unexpected token "echo"
[Method: GET, Route: compte/afficher_reservation]
in APPPATH/Views/connexion/compte_accueil.php on line 9.
 1 SYSTEMPATH/View/View.php(237): CodeIgniter\View\View->CodeIgniter\View\{closure}()
 2 SYSTEMPATH/Common.php(1171): CodeIgniter\View\View->render()
 3 APPPATH/Controllers/Compte.php(212): view()
 4 SYSTEMPATH/CodeIgniter.php(933): App\Controllers\Compte->afficher_reservation()
 5 SYSTEMPATH/CodeIgniter.php(509): CodeIgniter\CodeIgniter->runController()
 6 SYSTEMPATH/CodeIgniter.php(355): CodeIgniter\CodeIgniter->handleRequest()
 7 SYSTEMPATH/Boot.php(325): CodeIgniter\CodeIgniter->run()
 8 SYSTEMPATH/Boot.php(67): CodeIgniter\Boot::runCodeIgniter()
 9 FCPATH/index.php(56): CodeIgniter\Boot::bootWeb()
WARNING - 2025-11-25 13:45:23 --> [DEPRECATED] Passing lowercase HTTP method "get" is deprecated. Use uppercase HTTP method like "GET". in SYSTEMPATH/Router/RouteCollection.php on line 1027.
 1 SYSTEMPATH/Router/RouteCollection.php(1027): trigger_error('Passing lowercase HTTP method "get" is deprecated. Use uppercase HTTP method like "GET".', 16384)
 2 APPPATH/Config/Routes.php(52): CodeIgniter\Router\RouteCollection->match([...], 'compte/repondre/(:num)', 'Compte::repondre/$1')
 3 SYSTEMPATH/Router/RouteCollection.php(340): require('/home/2025DIFAL3/e22308557/public_html/V1/ci/app/Config/Routes.php')
 4 SYSTEMPATH/CodeIgniter.php(823): CodeIgniter\Router\RouteCollection->loadRoutes()
 5 SYSTEMPATH/CodeIgniter.php(457): CodeIgniter\CodeIgniter->tryToRouteIt(null)
 6 SYSTEMPATH/CodeIgniter.php(355): CodeIgniter\CodeIgniter->handleRequest(null, Object(Config\Cache), false)
 7 SYSTEMPATH/Boot.php(325): CodeIgniter\CodeIgniter->run()
 8 SYSTEMPATH/Boot.php(67): CodeIgniter\Boot::runCodeIgniter(Object(CodeIgniter\CodeIgniter))
 9 FCPATH/index.php(56): CodeIgniter\Boot::bootWeb(Object(Config\Paths))
WARNING - 2025-11-25 13:45:23 --> [DEPRECATED] Passing lowercase HTTP method "post" is deprecated. Use uppercase HTTP method like "POST". in SYSTEMPATH/Router/RouteCollection.php on line 1027.
 1 SYSTEMPATH/Router/RouteCollection.php(1027): trigger_error('Passing lowercase HTTP method "post" is deprecated. Use uppercase HTTP method like "POST".', 16384)
 2 APPPATH/Config/Routes.php(52): CodeIgniter\Router\RouteCollection->match([...], 'compte/repondre/(:num)', 'Compte::repondre/$1')
 3 SYSTEMPATH/Router/RouteCollection.php(340): require('/home/2025DIFAL3/e22308557/public_html/V1/ci/app/Config/Routes.php')
 4 SYSTEMPATH/CodeIgniter.php(823): CodeIgniter\Router\RouteCollection->loadRoutes()
 5 SYSTEMPATH/CodeIgniter.php(457): CodeIgniter\CodeIgniter->tryToRouteIt(null)
 6 SYSTEMPATH/CodeIgniter.php(355): CodeIgniter\CodeIgniter->handleRequest(null, Object(Config\Cache), false)
 7 SYSTEMPATH/Boot.php(325): CodeIgniter\CodeIgniter->run()
 8 SYSTEMPATH/Boot.php(67): CodeIgniter\Boot::runCodeIgniter(Object(CodeIgniter\CodeIgniter))
 9 FCPATH/index.php(56): CodeIgniter\Boot::bootWeb(Object(Config\Paths))
WARNING - 2025-11-25 13:45:23 --> [DEPRECATED] Creation of dynamic property App\Controllers\Compte::$model is deprecated in APPPATH/Controllers/Compte.php on line 11.
 1 SYSTEMPATH/CodeIgniter.php(903): App\Controllers\Compte->__construct()
 2 SYSTEMPATH/CodeIgniter.php(500): CodeIgniter\CodeIgniter->createController()
 3 SYSTEMPATH/CodeIgniter.php(355): CodeIgniter\CodeIgniter->handleRequest(null, Object(Config\Cache), false)
 4 SYSTEMPATH/Boot.php(325): CodeIgniter\CodeIgniter->run()
 5 SYSTEMPATH/Boot.php(67): CodeIgniter\Boot::runCodeIgniter(Object(CodeIgniter\CodeIgniter))
 6 FCPATH/index.php(56): CodeIgniter\Boot::bootWeb(Object(Config\Paths))
INFO - 2025-11-25 13:45:23 --> Session: Class initialized using 'CodeIgniter\Session\Handlers\FileHandler' driver.
WARNING - 2025-11-25 13:45:42 --> [DEPRECATED] Passing lowercase HTTP method "get" is deprecated. Use uppercase HTTP method like "GET". in SYSTEMPATH/Router/RouteCollection.php on line 1027.
 1 SYSTEMPATH/Router/RouteCollection.php(1027): trigger_error('Passing lowercase HTTP method "get" is deprecated. Use uppercase HTTP method like "GET".', 16384)
 2 APPPATH/Config/Routes.php(52): CodeIgniter\Router\RouteCollection->match([...], 'compte/repondre/(:num)', 'Compte::repondre/$1')
 3 SYSTEMPATH/Router/RouteCollection.php(340): require('/home/2025DIFAL3/e22308557/public_html/V1/ci/app/Config/Routes.php')
 4 SYSTEMPATH/CodeIgniter.php(823): CodeIgniter\Router\RouteCollection->loadRoutes()
 5 SYSTEMPATH/CodeIgniter.php(457): CodeIgniter\CodeIgniter->tryToRouteIt(null)
 6 SYSTEMPATH/CodeIgniter.php(355): CodeIgniter\CodeIgniter->handleRequest(null, Object(Config\Cache), false)
 7 SYSTEMPATH/Boot.php(325): CodeIgniter\CodeIgniter->run()
 8 SYSTEMPATH/Boot.php(67): CodeIgniter\Boot::runCodeIgniter(Object(CodeIgniter\CodeIgniter))
 9 FCPATH/index.php(56): CodeIgniter\Boot::bootWeb(Object(Config\Paths))
WARNING - 2025-11-25 13:45:42 --> [DEPRECATED] Passing lowercase HTTP method "post" is deprecated. Use uppercase HTTP method like "POST". in SYSTEMPATH/Router/RouteCollection.php on line 1027.
 1 SYSTEMPATH/Router/RouteCollection.php(1027): trigger_error('Passing lowercase HTTP method "post" is deprecated. Use uppercase HTTP method like "POST".', 16384)
 2 APPPATH/Config/Routes.php(52): CodeIgniter\Router\RouteCollection->match([...], 'compte/repondre/(:num)', 'Compte::repondre/$1')
 3 SYSTEMPATH/Router/RouteCollection.php(340): require('/home/2025DIFAL3/e22308557/public_html/V1/ci/app/Config/Routes.php')
 4 SYSTEMPATH/CodeIgniter.php(823): CodeIgniter\Router\RouteCollection->loadRoutes()
 5 SYSTEMPATH/CodeIgniter.php(457): CodeIgniter\CodeIgniter->tryToRouteIt(null)
 6 SYSTEMPATH/CodeIgniter.php(355): CodeIgniter\CodeIgniter->handleRequest(null, Object(Config\Cache), false)
 7 SYSTEMPATH/Boot.php(325): CodeIgniter\CodeIgniter->run()
 8 SYSTEMPATH/Boot.php(67): CodeIgniter\Boot::runCodeIgniter(Object(CodeIgniter\CodeIgniter))
 9 FCPATH/index.php(56): CodeIgniter\Boot::bootWeb(Object(Config\Paths))
WARNING - 2025-11-25 13:45:42 --> [DEPRECATED] Creation of dynamic property App\Controllers\Compte::$model is deprecated in APPPATH/Controllers/Compte.php on line 11.
 1 SYSTEMPATH/CodeIgniter.php(903): App\Controllers\Compte->__construct()
 2 SYSTEMPATH/CodeIgniter.php(500): CodeIgniter\CodeIgniter->createController()
 3 SYSTEMPATH/CodeIgniter.php(355): CodeIgniter\CodeIgniter->handleRequest(null, Object(Config\Cache), false)
 4 SYSTEMPATH/Boot.php(325): CodeIgniter\CodeIgniter->run()
 5 SYSTEMPATH/Boot.php(67): CodeIgniter\Boot::runCodeIgniter(Object(CodeIgniter\CodeIgniter))
 6 FCPATH/index.php(56): CodeIgniter\Boot::bootWeb(Object(Config\Paths))
INFO - 2025-11-25 13:45:42 --> Session: Class initialized using 'CodeIgniter\Session\Handlers\FileHandler' driver.
WARNING - 2025-11-25 13:45:57 --> [DEPRECATED] Passing lowercase HTTP method "get" is deprecated. Use uppercase HTTP method like "GET". in SYSTEMPATH/Router/RouteCollection.php on line 1027.
 1 SYSTEMPATH/Router/RouteCollection.php(1027): trigger_error('Passing lowercase HTTP method "get" is deprecated. Use uppercase HTTP method like "GET".', 16384)
 2 APPPATH/Config/Routes.php(52): CodeIgniter\Router\RouteCollection->match([...], 'compte/repondre/(:num)', 'Compte::repondre/$1')
 3 SYSTEMPATH/Router/RouteCollection.php(340): require('/home/2025DIFAL3/e22308557/public_html/V1/ci/app/Config/Routes.php')
 4 SYSTEMPATH/CodeIgniter.php(823): CodeIgniter\Router\RouteCollection->loadRoutes()
 5 SYSTEMPATH/CodeIgniter.php(457): CodeIgniter\CodeIgniter->tryToRouteIt(null)
 6 SYSTEMPATH/CodeIgniter.php(355): CodeIgniter\CodeIgniter->handleRequest(null, Object(Config\Cache), false)
 7 SYSTEMPATH/Boot.php(325): CodeIgniter\CodeIgniter->run()
 8 SYSTEMPATH/Boot.php(67): CodeIgniter\Boot::runCodeIgniter(Object(CodeIgniter\CodeIgniter))
 9 FCPATH/index.php(56): CodeIgniter\Boot::bootWeb(Object(Config\Paths))
WARNING - 2025-11-25 13:45:57 --> [DEPRECATED] Passing lowercase HTTP method "post" is deprecated. Use uppercase HTTP method like "POST". in SYSTEMPATH/Router/RouteCollection.php on line 1027.
 1 SYSTEMPATH/Router/RouteCollection.php(1027): trigger_error('Passing lowercase HTTP method "post" is deprecated. Use uppercase HTTP method like "POST".', 16384)
 2 APPPATH/Config/Routes.php(52): CodeIgniter\Router\RouteCollection->match([...], 'compte/repondre/(:num)', 'Compte::repondre/$1')
 3 SYSTEMPATH/Router/RouteCollection.php(340): require('/home/2025DIFAL3/e22308557/public_html/V1/ci/app/Config/Routes.php')
 4 SYSTEMPATH/CodeIgniter.php(823): CodeIgniter\Router\RouteCollection->loadRoutes()
 5 SYSTEMPATH/CodeIgniter.php(457): CodeIgniter\CodeIgniter->tryToRouteIt(null)
 6 SYSTEMPATH/CodeIgniter.php(355): CodeIgniter\CodeIgniter->handleRequest(null, Object(Config\Cache), false)
 7 SYSTEMPATH/Boot.php(325): CodeIgniter\CodeIgniter->run()
 8 SYSTEMPATH/Boot.php(67): CodeIgniter\Boot::runCodeIgniter(Object(CodeIgniter\CodeIgniter))
 9 FCPATH/index.php(56): CodeIgniter\Boot::bootWeb(Object(Config\Paths))
WARNING - 2025-11-25 13:45:57 --> [DEPRECATED] Creation of dynamic property App\Controllers\Compte::$model is deprecated in APPPATH/Controllers/Compte.php on line 11.
 1 SYSTEMPATH/CodeIgniter.php(903): App\Controllers\Compte->__construct()
 2 SYSTEMPATH/CodeIgniter.php(500): CodeIgniter\CodeIgniter->createController()
 3 SYSTEMPATH/CodeIgniter.php(355): CodeIgniter\CodeIgniter->handleRequest(null, Object(Config\Cache), false)
 4 SYSTEMPATH/Boot.php(325): CodeIgniter\CodeIgniter->run()
 5 SYSTEMPATH/Boot.php(67): CodeIgniter\Boot::runCodeIgniter(Object(CodeIgniter\CodeIgniter))
 6 FCPATH/index.php(56): CodeIgniter\Boot::bootWeb(Object(Config\Paths))
INFO - 2025-11-25 13:45:57 --> Session: Class initialized using 'CodeIgniter\Session\Handlers\FileHandler' driver.
WARNING - 2025-11-25 13:45:57 --> [DEPRECATED] Passing lowercase HTTP method "get" is deprecated. Use uppercase HTTP method like "GET". in SYSTEMPATH/Router/RouteCollection.php on line 1027.
 1 SYSTEMPATH/Router/RouteCollection.php(1027): trigger_error('Passing lowercase HTTP method "get" is deprecated. Use uppercase HTTP method like "GET".', 16384)
 2 APPPATH/Config/Routes.php(52): CodeIgniter\Router\RouteCollection->match([...], 'compte/repondre/(:num)', 'Compte::repondre/$1')
 3 SYSTEMPATH/Router/RouteCollection.php(340): require('/home/2025DIFAL3/e22308557/public_html/V1/ci/app/Config/Routes.php')
 4 SYSTEMPATH/CodeIgniter.php(823): CodeIgniter\Router\RouteCollection->loadRoutes()
 5 SYSTEMPATH/CodeIgniter.php(457): CodeIgniter\CodeIgniter->tryToRouteIt(null)
 6 SYSTEMPATH/CodeIgniter.php(355): CodeIgniter\CodeIgniter->handleRequest(null, Object(Config\Cache), false)
 7 SYSTEMPATH/Boot.php(325): CodeIgniter\CodeIgniter->run()
 8 SYSTEMPATH/Boot.php(67): CodeIgniter\Boot::runCodeIgniter(Object(CodeIgniter\CodeIgniter))
 9 FCPATH/index.php(56): CodeIgniter\Boot::bootWeb(Object(Config\Paths))
WARNING - 2025-11-25 13:45:57 --> [DEPRECATED] Passing lowercase HTTP method "post" is deprecated. Use uppercase HTTP method like "POST". in SYSTEMPATH/Router/RouteCollection.php on line 1027.
 1 SYSTEMPATH/Router/RouteCollection.php(1027): trigger_error('Passing lowercase HTTP method "post" is deprecated. Use uppercase HTTP method like "POST".', 16384)
 2 APPPATH/Config/Routes.php(52): CodeIgniter\Router\RouteCollection->match([...], 'compte/repondre/(:num)', 'Compte::repondre/$1')
 3 SYSTEMPATH/Router/RouteCollection.php(340): require('/home/2025DIFAL3/e22308557/public_html/V1/ci/app/Config/Routes.php')
 4 SYSTEMPATH/CodeIgniter.php(823): CodeIgniter\Router\RouteCollection->loadRoutes()
 5 SYSTEMPATH/CodeIgniter.php(457): CodeIgniter\CodeIgniter->tryToRouteIt(null)
 6 SYSTEMPATH/CodeIgniter.php(355): CodeIgniter\CodeIgniter->handleRequest(null, Object(Config\Cache), false)
 7 SYSTEMPATH/Boot.php(325): CodeIgniter\CodeIgniter->run()
 8 SYSTEMPATH/Boot.php(67): CodeIgniter\Boot::runCodeIgniter(Object(CodeIgniter\CodeIgniter))
 9 FCPATH/index.php(56): CodeIgniter\Boot::bootWeb(Object(Config\Paths))
WARNING - 2025-11-25 13:45:57 --> [DEPRECATED] Creation of dynamic property App\Controllers\Compte::$model is deprecated in APPPATH/Controllers/Compte.php on line 11.
 1 SYSTEMPATH/CodeIgniter.php(903): App\Controllers\Compte->__construct()
 2 SYSTEMPATH/CodeIgniter.php(500): CodeIgniter\CodeIgniter->createController()
 3 SYSTEMPATH/CodeIgniter.php(355): CodeIgniter\CodeIgniter->handleRequest(null, Object(Config\Cache), false)
 4 SYSTEMPATH/Boot.php(325): CodeIgniter\CodeIgniter->run()
 5 SYSTEMPATH/Boot.php(67): CodeIgniter\Boot::runCodeIgniter(Object(CodeIgniter\CodeIgniter))
 6 FCPATH/index.php(56): CodeIgniter\Boot::bootWeb(Object(Config\Paths))
INFO - 2025-11-25 13:45:57 --> Session: Class initialized using 'CodeIgniter\Session\Handlers\FileHandler' driver.
WARNING - 2025-11-25 13:46:27 --> [DEPRECATED] Passing lowercase HTTP method "get" is deprecated. Use uppercase HTTP method like "GET". in SYSTEMPATH/Router/RouteCollection.php on line 1027.
 1 SYSTEMPATH/Router/RouteCollection.php(1027): trigger_error('Passing lowercase HTTP method "get" is deprecated. Use uppercase HTTP method like "GET".', 16384)
 2 APPPATH/Config/Routes.php(52): CodeIgniter\Router\RouteCollection->match([...], 'compte/repondre/(:num)', 'Compte::repondre/$1')
 3 SYSTEMPATH/Router/RouteCollection.php(340): require('/home/2025DIFAL3/e22308557/public_html/V1/ci/app/Config/Routes.php')
 4 SYSTEMPATH/CodeIgniter.php(823): CodeIgniter\Router\RouteCollection->loadRoutes()
 5 SYSTEMPATH/CodeIgniter.php(457): CodeIgniter\CodeIgniter->tryToRouteIt(null)
 6 SYSTEMPATH/CodeIgniter.php(355): CodeIgniter\CodeIgniter->handleRequest(null, Object(Config\Cache), false)
 7 SYSTEMPATH/Boot.php(325): CodeIgniter\CodeIgniter->run()
 8 SYSTEMPATH/Boot.php(67): CodeIgniter\Boot::runCodeIgniter(Object(CodeIgniter\CodeIgniter))
 9 FCPATH/index.php(56): CodeIgniter\Boot::bootWeb(Object(Config\Paths))
WARNING - 2025-11-25 13:46:27 --> [DEPRECATED] Passing lowercase HTTP method "post" is deprecated. Use uppercase HTTP method like "POST". in SYSTEMPATH/Router/RouteCollection.php on line 1027.
 1 SYSTEMPATH/Router/RouteCollection.php(1027): trigger_error('Passing lowercase HTTP method "post" is deprecated. Use uppercase HTTP method like "POST".', 16384)
 2 APPPATH/Config/Routes.php(52): CodeIgniter\Router\RouteCollection->match([...], 'compte/repondre/(:num)', 'Compte::repondre/$1')
 3 SYSTEMPATH/Router/RouteCollection.php(340): require('/home/2025DIFAL3/e22308557/public_html/V1/ci/app/Config/Routes.php')
 4 SYSTEMPATH/CodeIgniter.php(823): CodeIgniter\Router\RouteCollection->loadRoutes()
 5 SYSTEMPATH/CodeIgniter.php(457): CodeIgniter\CodeIgniter->tryToRouteIt(null)
 6 SYSTEMPATH/CodeIgniter.php(355): CodeIgniter\CodeIgniter->handleRequest(null, Object(Config\Cache), false)
 7 SYSTEMPATH/Boot.php(325): CodeIgniter\CodeIgniter->run()
 8 SYSTEMPATH/Boot.php(67): CodeIgniter\Boot::runCodeIgniter(Object(CodeIgniter\CodeIgniter))
 9 FCPATH/index.php(56): CodeIgniter\Boot::bootWeb(Object(Config\Paths))
WARNING - 2025-11-25 13:46:27 --> [DEPRECATED] Creation of dynamic property App\Controllers\Compte::$model is deprecated in APPPATH/Controllers/Compte.php on line 11.
 1 SYSTEMPATH/CodeIgniter.php(903): App\Controllers\Compte->__construct()
 2 SYSTEMPATH/CodeIgniter.php(500): CodeIgniter\CodeIgniter->createController()
 3 SYSTEMPATH/CodeIgniter.php(355): CodeIgniter\CodeIgniter->handleRequest(null, Object(Config\Cache), false)
 4 SYSTEMPATH/Boot.php(325): CodeIgniter\CodeIgniter->run()
 5 SYSTEMPATH/Boot.php(67): CodeIgniter\Boot::runCodeIgniter(Object(CodeIgniter\CodeIgniter))
 6 FCPATH/index.php(56): CodeIgniter\Boot::bootWeb(Object(Config\Paths))
INFO - 2025-11-25 13:46:27 --> Session: Class initialized using 'CodeIgniter\Session\Handlers\FileHandler' driver.
WARNING - 2025-11-25 13:46:35 --> [DEPRECATED] Passing lowercase HTTP method "get" is deprecated. Use uppercase HTTP method like "GET". in SYSTEMPATH/Router/RouteCollection.php on line 1027.
 1 SYSTEMPATH/Router/RouteCollection.php(1027): trigger_error('Passing lowercase HTTP method "get" is deprecated. Use uppercase HTTP method like "GET".', 16384)
 2 APPPATH/Config/Routes.php(52): CodeIgniter\Router\RouteCollection->match([...], 'compte/repondre/(:num)', 'Compte::repondre/$1')
 3 SYSTEMPATH/Router/RouteCollection.php(340): require('/home/2025DIFAL3/e22308557/public_html/V1/ci/app/Config/Routes.php')
 4 SYSTEMPATH/CodeIgniter.php(823): CodeIgniter\Router\RouteCollection->loadRoutes()
 5 SYSTEMPATH/CodeIgniter.php(457): CodeIgniter\CodeIgniter->tryToRouteIt(null)
 6 SYSTEMPATH/CodeIgniter.php(355): CodeIgniter\CodeIgniter->handleRequest(null, Object(Config\Cache), false)
 7 SYSTEMPATH/Boot.php(325): CodeIgniter\CodeIgniter->run()
 8 SYSTEMPATH/Boot.php(67): CodeIgniter\Boot::runCodeIgniter(Object(CodeIgniter\CodeIgniter))
 9 FCPATH/index.php(56): CodeIgniter\Boot::bootWeb(Object(Config\Paths))
WARNING - 2025-11-25 13:46:35 --> [DEPRECATED] Passing lowercase HTTP method "post" is deprecated. Use uppercase HTTP method like "POST". in SYSTEMPATH/Router/RouteCollection.php on line 1027.
 1 SYSTEMPATH/Router/RouteCollection.php(1027): trigger_error('Passing lowercase HTTP method "post" is deprecated. Use uppercase HTTP method like "POST".', 16384)
 2 APPPATH/Config/Routes.php(52): CodeIgniter\Router\RouteCollection->match([...], 'compte/repondre/(:num)', 'Compte::repondre/$1')
 3 SYSTEMPATH/Router/RouteCollection.php(340): require('/home/2025DIFAL3/e22308557/public_html/V1/ci/app/Config/Routes.php')
 4 SYSTEMPATH/CodeIgniter.php(823): CodeIgniter\Router\RouteCollection->loadRoutes()
 5 SYSTEMPATH/CodeIgniter.php(457): CodeIgniter\CodeIgniter->tryToRouteIt(null)
 6 SYSTEMPATH/CodeIgniter.php(355): CodeIgniter\CodeIgniter->handleRequest(null, Object(Config\Cache), false)
 7 SYSTEMPATH/Boot.php(325): CodeIgniter\CodeIgniter->run()
 8 SYSTEMPATH/Boot.php(67): CodeIgniter\Boot::runCodeIgniter(Object(CodeIgniter\CodeIgniter))
 9 FCPATH/index.php(56): CodeIgniter\Boot::bootWeb(Object(Config\Paths))
WARNING - 2025-11-25 13:46:35 --> [DEPRECATED] Creation of dynamic property App\Controllers\Compte::$model is deprecated in APPPATH/Controllers/Compte.php on line 11.
 1 SYSTEMPATH/CodeIgniter.php(903): App\Controllers\Compte->__construct()
 2 SYSTEMPATH/CodeIgniter.php(500): CodeIgniter\CodeIgniter->createController()
 3 SYSTEMPATH/CodeIgniter.php(355): CodeIgniter\CodeIgniter->handleRequest(null, Object(Config\Cache), false)
 4 SYSTEMPATH/Boot.php(325): CodeIgniter\CodeIgniter->run()
 5 SYSTEMPATH/Boot.php(67): CodeIgniter\Boot::runCodeIgniter(Object(CodeIgniter\CodeIgniter))
 6 FCPATH/index.php(56): CodeIgniter\Boot::bootWeb(Object(Config\Paths))
INFO - 2025-11-25 13:46:35 --> Session: Class initialized using 'CodeIgniter\Session\Handlers\FileHandler' driver.
WARNING - 2025-11-25 13:46:44 --> [DEPRECATED] Passing lowercase HTTP method "get" is deprecated. Use uppercase HTTP method like "GET". in SYSTEMPATH/Router/RouteCollection.php on line 1027.
 1 SYSTEMPATH/Router/RouteCollection.php(1027): trigger_error('Passing lowercase HTTP method "get" is deprecated. Use uppercase HTTP method like "GET".', 16384)
 2 APPPATH/Config/Routes.php(52): CodeIgniter\Router\RouteCollection->match([...], 'compte/repondre/(:num)', 'Compte::repondre/$1')
 3 SYSTEMPATH/Router/RouteCollection.php(340): require('/home/2025DIFAL3/e22308557/public_html/V1/ci/app/Config/Routes.php')
 4 SYSTEMPATH/CodeIgniter.php(823): CodeIgniter\Router\RouteCollection->loadRoutes()
 5 SYSTEMPATH/CodeIgniter.php(457): CodeIgniter\CodeIgniter->tryToRouteIt(null)
 6 SYSTEMPATH/CodeIgniter.php(355): CodeIgniter\CodeIgniter->handleRequest(null, Object(Config\Cache), false)
 7 SYSTEMPATH/Boot.php(325): CodeIgniter\CodeIgniter->run()
 8 SYSTEMPATH/Boot.php(67): CodeIgniter\Boot::runCodeIgniter(Object(CodeIgniter\CodeIgniter))
 9 FCPATH/index.php(56): CodeIgniter\Boot::bootWeb(Object(Config\Paths))
WARNING - 2025-11-25 13:46:44 --> [DEPRECATED] Passing lowercase HTTP method "post" is deprecated. Use uppercase HTTP method like "POST". in SYSTEMPATH/Router/RouteCollection.php on line 1027.
 1 SYSTEMPATH/Router/RouteCollection.php(1027): trigger_error('Passing lowercase HTTP method "post" is deprecated. Use uppercase HTTP method like "POST".', 16384)
 2 APPPATH/Config/Routes.php(52): CodeIgniter\Router\RouteCollection->match([...], 'compte/repondre/(:num)', 'Compte::repondre/$1')
 3 SYSTEMPATH/Router/RouteCollection.php(340): require('/home/2025DIFAL3/e22308557/public_html/V1/ci/app/Config/Routes.php')
 4 SYSTEMPATH/CodeIgniter.php(823): CodeIgniter\Router\RouteCollection->loadRoutes()
 5 SYSTEMPATH/CodeIgniter.php(457): CodeIgniter\CodeIgniter->tryToRouteIt(null)
 6 SYSTEMPATH/CodeIgniter.php(355): CodeIgniter\CodeIgniter->handleRequest(null, Object(Config\Cache), false)
 7 SYSTEMPATH/Boot.php(325): CodeIgniter\CodeIgniter->run()
 8 SYSTEMPATH/Boot.php(67): CodeIgniter\Boot::runCodeIgniter(Object(CodeIgniter\CodeIgniter))
 9 FCPATH/index.php(56): CodeIgniter\Boot::bootWeb(Object(Config\Paths))
WARNING - 2025-11-25 13:46:44 --> [DEPRECATED] Creation of dynamic property App\Controllers\Compte::$model is deprecated in APPPATH/Controllers/Compte.php on line 11.
 1 SYSTEMPATH/CodeIgniter.php(903): App\Controllers\Compte->__construct()
 2 SYSTEMPATH/CodeIgniter.php(500): CodeIgniter\CodeIgniter->createController()
 3 SYSTEMPATH/CodeIgniter.php(355): CodeIgniter\CodeIgniter->handleRequest(null, Object(Config\Cache), false)
 4 SYSTEMPATH/Boot.php(325): CodeIgniter\CodeIgniter->run()
 5 SYSTEMPATH/Boot.php(67): CodeIgniter\Boot::runCodeIgniter(Object(CodeIgniter\CodeIgniter))
 6 FCPATH/index.php(56): CodeIgniter\Boot::bootWeb(Object(Config\Paths))
INFO - 2025-11-25 13:46:44 --> Session: Class initialized using 'CodeIgniter\Session\Handlers\FileHandler' driver.
WARNING - 2025-11-25 13:54:31 --> [DEPRECATED] Passing lowercase HTTP method "get" is deprecated. Use uppercase HTTP method like "GET". in SYSTEMPATH/Router/RouteCollection.php on line 1027.
 1 SYSTEMPATH/Router/RouteCollection.php(1027): trigger_error('Passing lowercase HTTP method "get" is deprecated. Use uppercase HTTP method like "GET".', 16384)
 2 APPPATH/Config/Routes.php(52): CodeIgniter\Router\RouteCollection->match([...], 'compte/repondre/(:num)', 'Compte::repondre/$1')
 3 SYSTEMPATH/Router/RouteCollection.php(340): require('/home/2025DIFAL3/e22308557/public_html/V1/ci/app/Config/Routes.php')
 4 SYSTEMPATH/CodeIgniter.php(823): CodeIgniter\Router\RouteCollection->loadRoutes()
 5 SYSTEMPATH/CodeIgniter.php(457): CodeIgniter\CodeIgniter->tryToRouteIt(null)
 6 SYSTEMPATH/CodeIgniter.php(355): CodeIgniter\CodeIgniter->handleRequest(null, Object(Config\Cache), false)
 7 SYSTEMPATH/Boot.php(325): CodeIgniter\CodeIgniter->run()
 8 SYSTEMPATH/Boot.php(67): CodeIgniter\Boot::runCodeIgniter(Object(CodeIgniter\CodeIgniter))
 9 FCPATH/index.php(56): CodeIgniter\Boot::bootWeb(Object(Config\Paths))
WARNING - 2025-11-25 13:54:31 --> [DEPRECATED] Passing lowercase HTTP method "post" is deprecated. Use uppercase HTTP method like "POST". in SYSTEMPATH/Router/RouteCollection.php on line 1027.
 1 SYSTEMPATH/Router/RouteCollection.php(1027): trigger_error('Passing lowercase HTTP method "post" is deprecated. Use uppercase HTTP method like "POST".', 16384)
 2 APPPATH/Config/Routes.php(52): CodeIgniter\Router\RouteCollection->match([...], 'compte/repondre/(:num)', 'Compte::repondre/$1')
 3 SYSTEMPATH/Router/RouteCollection.php(340): require('/home/2025DIFAL3/e22308557/public_html/V1/ci/app/Config/Routes.php')
 4 SYSTEMPATH/CodeIgniter.php(823): CodeIgniter\Router\RouteCollection->loadRoutes()
 5 SYSTEMPATH/CodeIgniter.php(457): CodeIgniter\CodeIgniter->tryToRouteIt(null)
 6 SYSTEMPATH/CodeIgniter.php(355): CodeIgniter\CodeIgniter->handleRequest(null, Object(Config\Cache), false)
 7 SYSTEMPATH/Boot.php(325): CodeIgniter\CodeIgniter->run()
 8 SYSTEMPATH/Boot.php(67): CodeIgniter\Boot::runCodeIgniter(Object(CodeIgniter\CodeIgniter))
 9 FCPATH/index.php(56): CodeIgniter\Boot::bootWeb(Object(Config\Paths))
WARNING - 2025-11-25 13:54:31 --> [DEPRECATED] Creation of dynamic property App\Controllers\Compte::$model is deprecated in APPPATH/Controllers/Compte.php on line 11.
 1 SYSTEMPATH/CodeIgniter.php(903): App\Controllers\Compte->__construct()
 2 SYSTEMPATH/CodeIgniter.php(500): CodeIgniter\CodeIgniter->createController()
 3 SYSTEMPATH/CodeIgniter.php(355): CodeIgniter\CodeIgniter->handleRequest(null, Object(Config\Cache), false)
 4 SYSTEMPATH/Boot.php(325): CodeIgniter\CodeIgniter->run()
 5 SYSTEMPATH/Boot.php(67): CodeIgniter\Boot::runCodeIgniter(Object(CodeIgniter\CodeIgniter))
 6 FCPATH/index.php(56): CodeIgniter\Boot::bootWeb(Object(Config\Paths))
INFO - 2025-11-25 13:54:31 --> Session: Class initialized using 'CodeIgniter\Session\Handlers\FileHandler' driver.
WARNING - 2025-11-25 13:54:38 --> [DEPRECATED] Passing lowercase HTTP method "get" is deprecated. Use uppercase HTTP method like "GET". in SYSTEMPATH/Router/RouteCollection.php on line 1027.
 1 SYSTEMPATH/Router/RouteCollection.php(1027): trigger_error('Passing lowercase HTTP method "get" is deprecated. Use uppercase HTTP method like "GET".', 16384)
 2 APPPATH/Config/Routes.php(52): CodeIgniter\Router\RouteCollection->match([...], 'compte/repondre/(:num)', 'Compte::repondre/$1')
 3 SYSTEMPATH/Router/RouteCollection.php(340): require('/home/2025DIFAL3/e22308557/public_html/V1/ci/app/Config/Routes.php')
 4 SYSTEMPATH/CodeIgniter.php(823): CodeIgniter\Router\RouteCollection->loadRoutes()
 5 SYSTEMPATH/CodeIgniter.php(457): CodeIgniter\CodeIgniter->tryToRouteIt(null)
 6 SYSTEMPATH/CodeIgniter.php(355): CodeIgniter\CodeIgniter->handleRequest(null, Object(Config\Cache), false)
 7 SYSTEMPATH/Boot.php(325): CodeIgniter\CodeIgniter->run()
 8 SYSTEMPATH/Boot.php(67): CodeIgniter\Boot::runCodeIgniter(Object(CodeIgniter\CodeIgniter))
 9 FCPATH/index.php(56): CodeIgniter\Boot::bootWeb(Object(Config\Paths))
WARNING - 2025-11-25 13:54:38 --> [DEPRECATED] Passing lowercase HTTP method "post" is deprecated. Use uppercase HTTP method like "POST". in SYSTEMPATH/Router/RouteCollection.php on line 1027.
 1 SYSTEMPATH/Router/RouteCollection.php(1027): trigger_error('Passing lowercase HTTP method "post" is deprecated. Use uppercase HTTP method like "POST".', 16384)
 2 APPPATH/Config/Routes.php(52): CodeIgniter\Router\RouteCollection->match([...], 'compte/repondre/(:num)', 'Compte::repondre/$1')
 3 SYSTEMPATH/Router/RouteCollection.php(340): require('/home/2025DIFAL3/e22308557/public_html/V1/ci/app/Config/Routes.php')
 4 SYSTEMPATH/CodeIgniter.php(823): CodeIgniter\Router\RouteCollection->loadRoutes()
 5 SYSTEMPATH/CodeIgniter.php(457): CodeIgniter\CodeIgniter->tryToRouteIt(null)
 6 SYSTEMPATH/CodeIgniter.php(355): CodeIgniter\CodeIgniter->handleRequest(null, Object(Config\Cache), false)
 7 SYSTEMPATH/Boot.php(325): CodeIgniter\CodeIgniter->run()
 8 SYSTEMPATH/Boot.php(67): CodeIgniter\Boot::runCodeIgniter(Object(CodeIgniter\CodeIgniter))
 9 FCPATH/index.php(56): CodeIgniter\Boot::bootWeb(Object(Config\Paths))
WARNING - 2025-11-25 13:54:38 --> [DEPRECATED] Creation of dynamic property App\Controllers\Compte::$model is deprecated in APPPATH/Controllers/Compte.php on line 11.
 1 SYSTEMPATH/CodeIgniter.php(903): App\Controllers\Compte->__construct()
 2 SYSTEMPATH/CodeIgniter.php(500): CodeIgniter\CodeIgniter->createController()
 3 SYSTEMPATH/CodeIgniter.php(355): CodeIgniter\CodeIgniter->handleRequest(null, Object(Config\Cache), false)
 4 SYSTEMPATH/Boot.php(325): CodeIgniter\CodeIgniter->run()
 5 SYSTEMPATH/Boot.php(67): CodeIgniter\Boot::runCodeIgniter(Object(CodeIgniter\CodeIgniter))
 6 FCPATH/index.php(56): CodeIgniter\Boot::bootWeb(Object(Config\Paths))
INFO - 2025-11-25 13:54:38 --> Session: Class initialized using 'CodeIgniter\Session\Handlers\FileHandler' driver.
WARNING - 2025-11-25 13:54:41 --> [DEPRECATED] Passing lowercase HTTP method "get" is deprecated. Use uppercase HTTP method like "GET". in SYSTEMPATH/Router/RouteCollection.php on line 1027.
 1 SYSTEMPATH/Router/RouteCollection.php(1027): trigger_error('Passing lowercase HTTP method "get" is deprecated. Use uppercase HTTP method like "GET".', 16384)
 2 APPPATH/Config/Routes.php(52): CodeIgniter\Router\RouteCollection->match([...], 'compte/repondre/(:num)', 'Compte::repondre/$1')
 3 SYSTEMPATH/Router/RouteCollection.php(340): require('/home/2025DIFAL3/e22308557/public_html/V1/ci/app/Config/Routes.php')
 4 SYSTEMPATH/CodeIgniter.php(823): CodeIgniter\Router\RouteCollection->loadRoutes()
 5 SYSTEMPATH/CodeIgniter.php(457): CodeIgniter\CodeIgniter->tryToRouteIt(null)
 6 SYSTEMPATH/CodeIgniter.php(355): CodeIgniter\CodeIgniter->handleRequest(null, Object(Config\Cache), false)
 7 SYSTEMPATH/Boot.php(325): CodeIgniter\CodeIgniter->run()
 8 SYSTEMPATH/Boot.php(67): CodeIgniter\Boot::runCodeIgniter(Object(CodeIgniter\CodeIgniter))
 9 FCPATH/index.php(56): CodeIgniter\Boot::bootWeb(Object(Config\Paths))
WARNING - 2025-11-25 13:54:41 --> [DEPRECATED] Passing lowercase HTTP method "post" is deprecated. Use uppercase HTTP method like "POST". in SYSTEMPATH/Router/RouteCollection.php on line 1027.
 1 SYSTEMPATH/Router/RouteCollection.php(1027): trigger_error('Passing lowercase HTTP method "post" is deprecated. Use uppercase HTTP method like "POST".', 16384)
 2 APPPATH/Config/Routes.php(52): CodeIgniter\Router\RouteCollection->match([...], 'compte/repondre/(:num)', 'Compte::repondre/$1')
 3 SYSTEMPATH/Router/RouteCollection.php(340): require('/home/2025DIFAL3/e22308557/public_html/V1/ci/app/Config/Routes.php')
 4 SYSTEMPATH/CodeIgniter.php(823): CodeIgniter\Router\RouteCollection->loadRoutes()
 5 SYSTEMPATH/CodeIgniter.php(457): CodeIgniter\CodeIgniter->tryToRouteIt(null)
 6 SYSTEMPATH/CodeIgniter.php(355): CodeIgniter\CodeIgniter->handleRequest(null, Object(Config\Cache), false)
 7 SYSTEMPATH/Boot.php(325): CodeIgniter\CodeIgniter->run()
 8 SYSTEMPATH/Boot.php(67): CodeIgniter\Boot::runCodeIgniter(Object(CodeIgniter\CodeIgniter))
 9 FCPATH/index.php(56): CodeIgniter\Boot::bootWeb(Object(Config\Paths))
WARNING - 2025-11-25 13:54:41 --> [DEPRECATED] Creation of dynamic property App\Controllers\Compte::$model is deprecated in APPPATH/Controllers/Compte.php on line 11.
 1 SYSTEMPATH/CodeIgniter.php(903): App\Controllers\Compte->__construct()
 2 SYSTEMPATH/CodeIgniter.php(500): CodeIgniter\CodeIgniter->createController()
 3 SYSTEMPATH/CodeIgniter.php(355): CodeIgniter\CodeIgniter->handleRequest(null, Object(Config\Cache), false)
 4 SYSTEMPATH/Boot.php(325): CodeIgniter\CodeIgniter->run()
 5 SYSTEMPATH/Boot.php(67): CodeIgniter\Boot::runCodeIgniter(Object(CodeIgniter\CodeIgniter))
 6 FCPATH/index.php(56): CodeIgniter\Boot::bootWeb(Object(Config\Paths))
INFO - 2025-11-25 13:54:41 --> Session: Class initialized using 'CodeIgniter\Session\Handlers\FileHandler' driver.
WARNING - 2025-11-25 13:55:49 --> [DEPRECATED] Passing lowercase HTTP method "get" is deprecated. Use uppercase HTTP method like "GET". in SYSTEMPATH/Router/RouteCollection.php on line 1027.
 1 SYSTEMPATH/Router/RouteCollection.php(1027): trigger_error('Passing lowercase HTTP method "get" is deprecated. Use uppercase HTTP method like "GET".', 16384)
 2 APPPATH/Config/Routes.php(52): CodeIgniter\Router\RouteCollection->match([...], 'compte/repondre/(:num)', 'Compte::repondre/$1')
 3 SYSTEMPATH/Router/RouteCollection.php(340): require('/home/2025DIFAL3/e22308557/public_html/V1/ci/app/Config/Routes.php')
 4 SYSTEMPATH/CodeIgniter.php(823): CodeIgniter\Router\RouteCollection->loadRoutes()
 5 SYSTEMPATH/CodeIgniter.php(457): CodeIgniter\CodeIgniter->tryToRouteIt(null)
 6 SYSTEMPATH/CodeIgniter.php(355): CodeIgniter\CodeIgniter->handleRequest(null, Object(Config\Cache), false)
 7 SYSTEMPATH/Boot.php(325): CodeIgniter\CodeIgniter->run()
 8 SYSTEMPATH/Boot.php(67): CodeIgniter\Boot::runCodeIgniter(Object(CodeIgniter\CodeIgniter))
 9 FCPATH/index.php(56): CodeIgniter\Boot::bootWeb(Object(Config\Paths))
WARNING - 2025-11-25 13:55:49 --> [DEPRECATED] Passing lowercase HTTP method "post" is deprecated. Use uppercase HTTP method like "POST". in SYSTEMPATH/Router/RouteCollection.php on line 1027.
 1 SYSTEMPATH/Router/RouteCollection.php(1027): trigger_error('Passing lowercase HTTP method "post" is deprecated. Use uppercase HTTP method like "POST".', 16384)
 2 APPPATH/Config/Routes.php(52): CodeIgniter\Router\RouteCollection->match([...], 'compte/repondre/(:num)', 'Compte::repondre/$1')
 3 SYSTEMPATH/Router/RouteCollection.php(340): require('/home/2025DIFAL3/e22308557/public_html/V1/ci/app/Config/Routes.php')
 4 SYSTEMPATH/CodeIgniter.php(823): CodeIgniter\Router\RouteCollection->loadRoutes()
 5 SYSTEMPATH/CodeIgniter.php(457): CodeIgniter\CodeIgniter->tryToRouteIt(null)
 6 SYSTEMPATH/CodeIgniter.php(355): CodeIgniter\CodeIgniter->handleRequest(null, Object(Config\Cache), false)
 7 SYSTEMPATH/Boot.php(325): CodeIgniter\CodeIgniter->run()
 8 SYSTEMPATH/Boot.php(67): CodeIgniter\Boot::runCodeIgniter(Object(CodeIgniter\CodeIgniter))
 9 FCPATH/index.php(56): CodeIgniter\Boot::bootWeb(Object(Config\Paths))
WARNING - 2025-11-25 13:55:49 --> [DEPRECATED] Creation of dynamic property App\Controllers\Compte::$model is deprecated in APPPATH/Controllers/Compte.php on line 11.
 1 SYSTEMPATH/CodeIgniter.php(903): App\Controllers\Compte->__construct()
 2 SYSTEMPATH/CodeIgniter.php(500): CodeIgniter\CodeIgniter->createController()
 3 SYSTEMPATH/CodeIgniter.php(355): CodeIgniter\CodeIgniter->handleRequest(null, Object(Config\Cache), false)
 4 SYSTEMPATH/Boot.php(325): CodeIgniter\CodeIgniter->run()
 5 SYSTEMPATH/Boot.php(67): CodeIgniter\Boot::runCodeIgniter(Object(CodeIgniter\CodeIgniter))
 6 FCPATH/index.php(56): CodeIgniter\Boot::bootWeb(Object(Config\Paths))
INFO - 2025-11-25 13:55:49 --> Session: Class initialized using 'CodeIgniter\Session\Handlers\FileHandler' driver.
WARNING - 2025-11-25 13:55:53 --> [DEPRECATED] Passing lowercase HTTP method "get" is deprecated. Use uppercase HTTP method like "GET". in SYSTEMPATH/Router/RouteCollection.php on line 1027.
 1 SYSTEMPATH/Router/RouteCollection.php(1027): trigger_error('Passing lowercase HTTP method "get" is deprecated. Use uppercase HTTP method like "GET".', 16384)
 2 APPPATH/Config/Routes.php(52): CodeIgniter\Router\RouteCollection->match([...], 'compte/repondre/(:num)', 'Compte::repondre/$1')
 3 SYSTEMPATH/Router/RouteCollection.php(340): require('/home/2025DIFAL3/e22308557/public_html/V1/ci/app/Config/Routes.php')
 4 SYSTEMPATH/CodeIgniter.php(823): CodeIgniter\Router\RouteCollection->loadRoutes()
 5 SYSTEMPATH/CodeIgniter.php(457): CodeIgniter\CodeIgniter->tryToRouteIt(null)
 6 SYSTEMPATH/CodeIgniter.php(355): CodeIgniter\CodeIgniter->handleRequest(null, Object(Config\Cache), false)
 7 SYSTEMPATH/Boot.php(325): CodeIgniter\CodeIgniter->run()
 8 SYSTEMPATH/Boot.php(67): CodeIgniter\Boot::runCodeIgniter(Object(CodeIgniter\CodeIgniter))
 9 FCPATH/index.php(56): CodeIgniter\Boot::bootWeb(Object(Config\Paths))
WARNING - 2025-11-25 13:55:53 --> [DEPRECATED] Passing lowercase HTTP method "post" is deprecated. Use uppercase HTTP method like "POST". in SYSTEMPATH/Router/RouteCollection.php on line 1027.
 1 SYSTEMPATH/Router/RouteCollection.php(1027): trigger_error('Passing lowercase HTTP method "post" is deprecated. Use uppercase HTTP method like "POST".', 16384)
 2 APPPATH/Config/Routes.php(52): CodeIgniter\Router\RouteCollection->match([...], 'compte/repondre/(:num)', 'Compte::repondre/$1')
 3 SYSTEMPATH/Router/RouteCollection.php(340): require('/home/2025DIFAL3/e22308557/public_html/V1/ci/app/Config/Routes.php')
 4 SYSTEMPATH/CodeIgniter.php(823): CodeIgniter\Router\RouteCollection->loadRoutes()
 5 SYSTEMPATH/CodeIgniter.php(457): CodeIgniter\CodeIgniter->tryToRouteIt(null)
 6 SYSTEMPATH/CodeIgniter.php(355): CodeIgniter\CodeIgniter->handleRequest(null, Object(Config\Cache), false)
 7 SYSTEMPATH/Boot.php(325): CodeIgniter\CodeIgniter->run()
 8 SYSTEMPATH/Boot.php(67): CodeIgniter\Boot::runCodeIgniter(Object(CodeIgniter\CodeIgniter))
 9 FCPATH/index.php(56): CodeIgniter\Boot::bootWeb(Object(Config\Paths))
WARNING - 2025-11-25 13:55:53 --> [DEPRECATED] Creation of dynamic property App\Controllers\Compte::$model is deprecated in APPPATH/Controllers/Compte.php on line 11.
 1 SYSTEMPATH/CodeIgniter.php(903): App\Controllers\Compte->__construct()
 2 SYSTEMPATH/CodeIgniter.php(500): CodeIgniter\CodeIgniter->createController()
 3 SYSTEMPATH/CodeIgniter.php(355): CodeIgniter\CodeIgniter->handleRequest(null, Object(Config\Cache), false)
 4 SYSTEMPATH/Boot.php(325): CodeIgniter\CodeIgniter->run()
 5 SYSTEMPATH/Boot.php(67): CodeIgniter\Boot::runCodeIgniter(Object(CodeIgniter\CodeIgniter))
 6 FCPATH/index.php(56): CodeIgniter\Boot::bootWeb(Object(Config\Paths))
INFO - 2025-11-25 13:55:53 --> Session: Class initialized using 'CodeIgniter\Session\Handlers\FileHandler' driver.
WARNING - 2025-11-25 13:56:01 --> [DEPRECATED] Passing lowercase HTTP method "get" is deprecated. Use uppercase HTTP method like "GET". in SYSTEMPATH/Router/RouteCollection.php on line 1027.
 1 SYSTEMPATH/Router/RouteCollection.php(1027): trigger_error('Passing lowercase HTTP method "get" is deprecated. Use uppercase HTTP method like "GET".', 16384)
 2 APPPATH/Config/Routes.php(52): CodeIgniter\Router\RouteCollection->match([...], 'compte/repondre/(:num)', 'Compte::repondre/$1')
 3 SYSTEMPATH/Router/RouteCollection.php(340): require('/home/2025DIFAL3/e22308557/public_html/V1/ci/app/Config/Routes.php')
 4 SYSTEMPATH/CodeIgniter.php(823): CodeIgniter\Router\RouteCollection->loadRoutes()
 5 SYSTEMPATH/CodeIgniter.php(457): CodeIgniter\CodeIgniter->tryToRouteIt(null)
 6 SYSTEMPATH/CodeIgniter.php(355): CodeIgniter\CodeIgniter->handleRequest(null, Object(Config\Cache), false)
 7 SYSTEMPATH/Boot.php(325): CodeIgniter\CodeIgniter->run()
 8 SYSTEMPATH/Boot.php(67): CodeIgniter\Boot::runCodeIgniter(Object(CodeIgniter\CodeIgniter))
 9 FCPATH/index.php(56): CodeIgniter\Boot::bootWeb(Object(Config\Paths))
WARNING - 2025-11-25 13:56:01 --> [DEPRECATED] Passing lowercase HTTP method "post" is deprecated. Use uppercase HTTP method like "POST". in SYSTEMPATH/Router/RouteCollection.php on line 1027.
 1 SYSTEMPATH/Router/RouteCollection.php(1027): trigger_error('Passing lowercase HTTP method "post" is deprecated. Use uppercase HTTP method like "POST".', 16384)
 2 APPPATH/Config/Routes.php(52): CodeIgniter\Router\RouteCollection->match([...], 'compte/repondre/(:num)', 'Compte::repondre/$1')
 3 SYSTEMPATH/Router/RouteCollection.php(340): require('/home/2025DIFAL3/e22308557/public_html/V1/ci/app/Config/Routes.php')
 4 SYSTEMPATH/CodeIgniter.php(823): CodeIgniter\Router\RouteCollection->loadRoutes()
 5 SYSTEMPATH/CodeIgniter.php(457): CodeIgniter\CodeIgniter->tryToRouteIt(null)
 6 SYSTEMPATH/CodeIgniter.php(355): CodeIgniter\CodeIgniter->handleRequest(null, Object(Config\Cache), false)
 7 SYSTEMPATH/Boot.php(325): CodeIgniter\CodeIgniter->run()
 8 SYSTEMPATH/Boot.php(67): CodeIgniter\Boot::runCodeIgniter(Object(CodeIgniter\CodeIgniter))
 9 FCPATH/index.php(56): CodeIgniter\Boot::bootWeb(Object(Config\Paths))
WARNING - 2025-11-25 13:56:01 --> [DEPRECATED] Creation of dynamic property App\Controllers\Compte::$model is deprecated in APPPATH/Controllers/Compte.php on line 11.
 1 SYSTEMPATH/CodeIgniter.php(903): App\Controllers\Compte->__construct()
 2 SYSTEMPATH/CodeIgniter.php(500): CodeIgniter\CodeIgniter->createController()
 3 SYSTEMPATH/CodeIgniter.php(355): CodeIgniter\CodeIgniter->handleRequest(null, Object(Config\Cache), false)
 4 SYSTEMPATH/Boot.php(325): CodeIgniter\CodeIgniter->run()
 5 SYSTEMPATH/Boot.php(67): CodeIgniter\Boot::runCodeIgniter(Object(CodeIgniter\CodeIgniter))
 6 FCPATH/index.php(56): CodeIgniter\Boot::bootWeb(Object(Config\Paths))
INFO - 2025-11-25 13:56:01 --> Session: Class initialized using 'CodeIgniter\Session\Handlers\FileHandler' driver.
WARNING - 2025-11-25 13:57:57 --> [DEPRECATED] Passing lowercase HTTP method "get" is deprecated. Use uppercase HTTP method like "GET". in SYSTEMPATH/Router/RouteCollection.php on line 1027.
 1 SYSTEMPATH/Router/RouteCollection.php(1027): trigger_error('Passing lowercase HTTP method "get" is deprecated. Use uppercase HTTP method like "GET".', 16384)
 2 APPPATH/Config/Routes.php(52): CodeIgniter\Router\RouteCollection->match([...], 'compte/repondre/(:num)', 'Compte::repondre/$1')
 3 SYSTEMPATH/Router/RouteCollection.php(340): require('/home/2025DIFAL3/e22308557/public_html/V1/ci/app/Config/Routes.php')
 4 SYSTEMPATH/CodeIgniter.php(823): CodeIgniter\Router\RouteCollection->loadRoutes()
 5 SYSTEMPATH/CodeIgniter.php(457): CodeIgniter\CodeIgniter->tryToRouteIt(null)
 6 SYSTEMPATH/CodeIgniter.php(355): CodeIgniter\CodeIgniter->handleRequest(null, Object(Config\Cache), false)
 7 SYSTEMPATH/Boot.php(325): CodeIgniter\CodeIgniter->run()
 8 SYSTEMPATH/Boot.php(67): CodeIgniter\Boot::runCodeIgniter(Object(CodeIgniter\CodeIgniter))
 9 FCPATH/index.php(56): CodeIgniter\Boot::bootWeb(Object(Config\Paths))
WARNING - 2025-11-25 13:57:57 --> [DEPRECATED] Passing lowercase HTTP method "post" is deprecated. Use uppercase HTTP method like "POST". in SYSTEMPATH/Router/RouteCollection.php on line 1027.
 1 SYSTEMPATH/Router/RouteCollection.php(1027): trigger_error('Passing lowercase HTTP method "post" is deprecated. Use uppercase HTTP method like "POST".', 16384)
 2 APPPATH/Config/Routes.php(52): CodeIgniter\Router\RouteCollection->match([...], 'compte/repondre/(:num)', 'Compte::repondre/$1')
 3 SYSTEMPATH/Router/RouteCollection.php(340): require('/home/2025DIFAL3/e22308557/public_html/V1/ci/app/Config/Routes.php')
 4 SYSTEMPATH/CodeIgniter.php(823): CodeIgniter\Router\RouteCollection->loadRoutes()
 5 SYSTEMPATH/CodeIgniter.php(457): CodeIgniter\CodeIgniter->tryToRouteIt(null)
 6 SYSTEMPATH/CodeIgniter.php(355): CodeIgniter\CodeIgniter->handleRequest(null, Object(Config\Cache), false)
 7 SYSTEMPATH/Boot.php(325): CodeIgniter\CodeIgniter->run()
 8 SYSTEMPATH/Boot.php(67): CodeIgniter\Boot::runCodeIgniter(Object(CodeIgniter\CodeIgniter))
 9 FCPATH/index.php(56): CodeIgniter\Boot::bootWeb(Object(Config\Paths))
WARNING - 2025-11-25 13:57:57 --> [DEPRECATED] Creation of dynamic property App\Controllers\Compte::$model is deprecated in APPPATH/Controllers/Compte.php on line 11.
 1 SYSTEMPATH/CodeIgniter.php(903): App\Controllers\Compte->__construct()
 2 SYSTEMPATH/CodeIgniter.php(500): CodeIgniter\CodeIgniter->createController()
 3 SYSTEMPATH/CodeIgniter.php(355): CodeIgniter\CodeIgniter->handleRequest(null, Object(Config\Cache), false)
 4 SYSTEMPATH/Boot.php(325): CodeIgniter\CodeIgniter->run()
 5 SYSTEMPATH/Boot.php(67): CodeIgniter\Boot::runCodeIgniter(Object(CodeIgniter\CodeIgniter))
 6 FCPATH/index.php(56): CodeIgniter\Boot::bootWeb(Object(Config\Paths))
INFO - 2025-11-25 13:57:57 --> Session: Class initialized using 'CodeIgniter\Session\Handlers\FileHandler' driver.
WARNING - 2025-11-25 13:57:59 --> [DEPRECATED] Passing lowercase HTTP method "get" is deprecated. Use uppercase HTTP method like "GET". in SYSTEMPATH/Router/RouteCollection.php on line 1027.
 1 SYSTEMPATH/Router/RouteCollection.php(1027): trigger_error('Passing lowercase HTTP method "get" is deprecated. Use uppercase HTTP method like "GET".', 16384)
 2 APPPATH/Config/Routes.php(52): CodeIgniter\Router\RouteCollection->match([...], 'compte/repondre/(:num)', 'Compte::repondre/$1')
 3 SYSTEMPATH/Router/RouteCollection.php(340): require('/home/2025DIFAL3/e22308557/public_html/V1/ci/app/Config/Routes.php')
 4 SYSTEMPATH/CodeIgniter.php(823): CodeIgniter\Router\RouteCollection->loadRoutes()
 5 SYSTEMPATH/CodeIgniter.php(457): CodeIgniter\CodeIgniter->tryToRouteIt(null)
 6 SYSTEMPATH/CodeIgniter.php(355): CodeIgniter\CodeIgniter->handleRequest(null, Object(Config\Cache), false)
 7 SYSTEMPATH/Boot.php(325): CodeIgniter\CodeIgniter->run()
 8 SYSTEMPATH/Boot.php(67): CodeIgniter\Boot::runCodeIgniter(Object(CodeIgniter\CodeIgniter))
 9 FCPATH/index.php(56): CodeIgniter\Boot::bootWeb(Object(Config\Paths))
WARNING - 2025-11-25 13:57:59 --> [DEPRECATED] Passing lowercase HTTP method "post" is deprecated. Use uppercase HTTP method like "POST". in SYSTEMPATH/Router/RouteCollection.php on line 1027.
 1 SYSTEMPATH/Router/RouteCollection.php(1027): trigger_error('Passing lowercase HTTP method "post" is deprecated. Use uppercase HTTP method like "POST".', 16384)
 2 APPPATH/Config/Routes.php(52): CodeIgniter\Router\RouteCollection->match([...], 'compte/repondre/(:num)', 'Compte::repondre/$1')
 3 SYSTEMPATH/Router/RouteCollection.php(340): require('/home/2025DIFAL3/e22308557/public_html/V1/ci/app/Config/Routes.php')
 4 SYSTEMPATH/CodeIgniter.php(823): CodeIgniter\Router\RouteCollection->loadRoutes()
 5 SYSTEMPATH/CodeIgniter.php(457): CodeIgniter\CodeIgniter->tryToRouteIt(null)
 6 SYSTEMPATH/CodeIgniter.php(355): CodeIgniter\CodeIgniter->handleRequest(null, Object(Config\Cache), false)
 7 SYSTEMPATH/Boot.php(325): CodeIgniter\CodeIgniter->run()
 8 SYSTEMPATH/Boot.php(67): CodeIgniter\Boot::runCodeIgniter(Object(CodeIgniter\CodeIgniter))
 9 FCPATH/index.php(56): CodeIgniter\Boot::bootWeb(Object(Config\Paths))
WARNING - 2025-11-25 13:57:59 --> [DEPRECATED] Creation of dynamic property App\Controllers\Compte::$model is deprecated in APPPATH/Controllers/Compte.php on line 11.
 1 SYSTEMPATH/CodeIgniter.php(903): App\Controllers\Compte->__construct()
 2 SYSTEMPATH/CodeIgniter.php(500): CodeIgniter\CodeIgniter->createController()
 3 SYSTEMPATH/CodeIgniter.php(355): CodeIgniter\CodeIgniter->handleRequest(null, Object(Config\Cache), false)
 4 SYSTEMPATH/Boot.php(325): CodeIgniter\CodeIgniter->run()
 5 SYSTEMPATH/Boot.php(67): CodeIgniter\Boot::runCodeIgniter(Object(CodeIgniter\CodeIgniter))
 6 FCPATH/index.php(56): CodeIgniter\Boot::bootWeb(Object(Config\Paths))
INFO - 2025-11-25 13:57:59 --> Session: Class initialized using 'CodeIgniter\Session\Handlers\FileHandler' driver.
WARNING - 2025-11-25 14:00:37 --> [DEPRECATED] Passing lowercase HTTP method "get" is deprecated. Use uppercase HTTP method like "GET". in SYSTEMPATH/Router/RouteCollection.php on line 1027.
 1 SYSTEMPATH/Router/RouteCollection.php(1027): trigger_error('Passing lowercase HTTP method "get" is deprecated. Use uppercase HTTP method like "GET".', 16384)
 2 APPPATH/Config/Routes.php(52): CodeIgniter\Router\RouteCollection->match([...], 'compte/repondre/(:num)', 'Compte::repondre/$1')
 3 SYSTEMPATH/Router/RouteCollection.php(340): require('/home/2025DIFAL3/e22308557/public_html/V1/ci/app/Config/Routes.php')
 4 SYSTEMPATH/CodeIgniter.php(823): CodeIgniter\Router\RouteCollection->loadRoutes()
 5 SYSTEMPATH/CodeIgniter.php(457): CodeIgniter\CodeIgniter->tryToRouteIt(null)
 6 SYSTEMPATH/CodeIgniter.php(355): CodeIgniter\CodeIgniter->handleRequest(null, Object(Config\Cache), false)
 7 SYSTEMPATH/Boot.php(325): CodeIgniter\CodeIgniter->run()
 8 SYSTEMPATH/Boot.php(67): CodeIgniter\Boot::runCodeIgniter(Object(CodeIgniter\CodeIgniter))
 9 FCPATH/index.php(56): CodeIgniter\Boot::bootWeb(Object(Config\Paths))
WARNING - 2025-11-25 14:00:37 --> [DEPRECATED] Passing lowercase HTTP method "post" is deprecated. Use uppercase HTTP method like "POST". in SYSTEMPATH/Router/RouteCollection.php on line 1027.
 1 SYSTEMPATH/Router/RouteCollection.php(1027): trigger_error('Passing lowercase HTTP method "post" is deprecated. Use uppercase HTTP method like "POST".', 16384)
 2 APPPATH/Config/Routes.php(52): CodeIgniter\Router\RouteCollection->match([...], 'compte/repondre/(:num)', 'Compte::repondre/$1')
 3 SYSTEMPATH/Router/RouteCollection.php(340): require('/home/2025DIFAL3/e22308557/public_html/V1/ci/app/Config/Routes.php')
 4 SYSTEMPATH/CodeIgniter.php(823): CodeIgniter\Router\RouteCollection->loadRoutes()
 5 SYSTEMPATH/CodeIgniter.php(457): CodeIgniter\CodeIgniter->tryToRouteIt(null)
 6 SYSTEMPATH/CodeIgniter.php(355): CodeIgniter\CodeIgniter->handleRequest(null, Object(Config\Cache), false)
 7 SYSTEMPATH/Boot.php(325): CodeIgniter\CodeIgniter->run()
 8 SYSTEMPATH/Boot.php(67): CodeIgniter\Boot::runCodeIgniter(Object(CodeIgniter\CodeIgniter))
 9 FCPATH/index.php(56): CodeIgniter\Boot::bootWeb(Object(Config\Paths))
WARNING - 2025-11-25 14:00:37 --> [DEPRECATED] Creation of dynamic property App\Controllers\Compte::$model is deprecated in APPPATH/Controllers/Compte.php on line 11.
 1 SYSTEMPATH/CodeIgniter.php(903): App\Controllers\Compte->__construct()
 2 SYSTEMPATH/CodeIgniter.php(500): CodeIgniter\CodeIgniter->createController()
 3 SYSTEMPATH/CodeIgniter.php(355): CodeIgniter\CodeIgniter->handleRequest(null, Object(Config\Cache), false)
 4 SYSTEMPATH/Boot.php(325): CodeIgniter\CodeIgniter->run()
 5 SYSTEMPATH/Boot.php(67): CodeIgniter\Boot::runCodeIgniter(Object(CodeIgniter\CodeIgniter))
 6 FCPATH/index.php(56): CodeIgniter\Boot::bootWeb(Object(Config\Paths))
INFO - 2025-11-25 14:00:37 --> Session: Class initialized using 'CodeIgniter\Session\Handlers\FileHandler' driver.
WARNING - 2025-11-25 14:01:32 --> [DEPRECATED] Passing lowercase HTTP method "get" is deprecated. Use uppercase HTTP method like "GET". in SYSTEMPATH/Router/RouteCollection.php on line 1027.
 1 SYSTEMPATH/Router/RouteCollection.php(1027): trigger_error('Passing lowercase HTTP method "get" is deprecated. Use uppercase HTTP method like "GET".', 16384)
 2 APPPATH/Config/Routes.php(52): CodeIgniter\Router\RouteCollection->match([...], 'compte/repondre/(:num)', 'Compte::repondre/$1')
 3 SYSTEMPATH/Router/RouteCollection.php(340): require('/home/2025DIFAL3/e22308557/public_html/V1/ci/app/Config/Routes.php')
 4 SYSTEMPATH/CodeIgniter.php(823): CodeIgniter\Router\RouteCollection->loadRoutes()
 5 SYSTEMPATH/CodeIgniter.php(457): CodeIgniter\CodeIgniter->tryToRouteIt(null)
 6 SYSTEMPATH/CodeIgniter.php(355): CodeIgniter\CodeIgniter->handleRequest(null, Object(Config\Cache), false)
 7 SYSTEMPATH/Boot.php(325): CodeIgniter\CodeIgniter->run()
 8 SYSTEMPATH/Boot.php(67): CodeIgniter\Boot::runCodeIgniter(Object(CodeIgniter\CodeIgniter))
 9 FCPATH/index.php(56): CodeIgniter\Boot::bootWeb(Object(Config\Paths))
WARNING - 2025-11-25 14:01:32 --> [DEPRECATED] Passing lowercase HTTP method "post" is deprecated. Use uppercase HTTP method like "POST". in SYSTEMPATH/Router/RouteCollection.php on line 1027.
 1 SYSTEMPATH/Router/RouteCollection.php(1027): trigger_error('Passing lowercase HTTP method "post" is deprecated. Use uppercase HTTP method like "POST".', 16384)
 2 APPPATH/Config/Routes.php(52): CodeIgniter\Router\RouteCollection->match([...], 'compte/repondre/(:num)', 'Compte::repondre/$1')
 3 SYSTEMPATH/Router/RouteCollection.php(340): require('/home/2025DIFAL3/e22308557/public_html/V1/ci/app/Config/Routes.php')
 4 SYSTEMPATH/CodeIgniter.php(823): CodeIgniter\Router\RouteCollection->loadRoutes()
 5 SYSTEMPATH/CodeIgniter.php(457): CodeIgniter\CodeIgniter->tryToRouteIt(null)
 6 SYSTEMPATH/CodeIgniter.php(355): CodeIgniter\CodeIgniter->handleRequest(null, Object(Config\Cache), false)
 7 SYSTEMPATH/Boot.php(325): CodeIgniter\CodeIgniter->run()
 8 SYSTEMPATH/Boot.php(67): CodeIgniter\Boot::runCodeIgniter(Object(CodeIgniter\CodeIgniter))
 9 FCPATH/index.php(56): CodeIgniter\Boot::bootWeb(Object(Config\Paths))
WARNING - 2025-11-25 14:01:32 --> [DEPRECATED] Creation of dynamic property App\Controllers\Compte::$model is deprecated in APPPATH/Controllers/Compte.php on line 11.
 1 SYSTEMPATH/CodeIgniter.php(903): App\Controllers\Compte->__construct()
 2 SYSTEMPATH/CodeIgniter.php(500): CodeIgniter\CodeIgniter->createController()
 3 SYSTEMPATH/CodeIgniter.php(355): CodeIgniter\CodeIgniter->handleRequest(null, Object(Config\Cache), false)
 4 SYSTEMPATH/Boot.php(325): CodeIgniter\CodeIgniter->run()
 5 SYSTEMPATH/Boot.php(67): CodeIgniter\Boot::runCodeIgniter(Object(CodeIgniter\CodeIgniter))
 6 FCPATH/index.php(56): CodeIgniter\Boot::bootWeb(Object(Config\Paths))
INFO - 2025-11-25 14:01:32 --> Session: Class initialized using 'CodeIgniter\Session\Handlers\FileHandler' driver.
WARNING - 2025-11-25 14:01:34 --> [DEPRECATED] Passing lowercase HTTP method "get" is deprecated. Use uppercase HTTP method like "GET". in SYSTEMPATH/Router/RouteCollection.php on line 1027.
 1 SYSTEMPATH/Router/RouteCollection.php(1027): trigger_error('Passing lowercase HTTP method "get" is deprecated. Use uppercase HTTP method like "GET".', 16384)
 2 APPPATH/Config/Routes.php(52): CodeIgniter\Router\RouteCollection->match([...], 'compte/repondre/(:num)', 'Compte::repondre/$1')
 3 SYSTEMPATH/Router/RouteCollection.php(340): require('/home/2025DIFAL3/e22308557/public_html/V1/ci/app/Config/Routes.php')
 4 SYSTEMPATH/CodeIgniter.php(823): CodeIgniter\Router\RouteCollection->loadRoutes()
 5 SYSTEMPATH/CodeIgniter.php(457): CodeIgniter\CodeIgniter->tryToRouteIt(null)
 6 SYSTEMPATH/CodeIgniter.php(355): CodeIgniter\CodeIgniter->handleRequest(null, Object(Config\Cache), false)
 7 SYSTEMPATH/Boot.php(325): CodeIgniter\CodeIgniter->run()
 8 SYSTEMPATH/Boot.php(67): CodeIgniter\Boot::runCodeIgniter(Object(CodeIgniter\CodeIgniter))
 9 FCPATH/index.php(56): CodeIgniter\Boot::bootWeb(Object(Config\Paths))
WARNING - 2025-11-25 14:01:34 --> [DEPRECATED] Passing lowercase HTTP method "post" is deprecated. Use uppercase HTTP method like "POST". in SYSTEMPATH/Router/RouteCollection.php on line 1027.
 1 SYSTEMPATH/Router/RouteCollection.php(1027): trigger_error('Passing lowercase HTTP method "post" is deprecated. Use uppercase HTTP method like "POST".', 16384)
 2 APPPATH/Config/Routes.php(52): CodeIgniter\Router\RouteCollection->match([...], 'compte/repondre/(:num)', 'Compte::repondre/$1')
 3 SYSTEMPATH/Router/RouteCollection.php(340): require('/home/2025DIFAL3/e22308557/public_html/V1/ci/app/Config/Routes.php')
 4 SYSTEMPATH/CodeIgniter.php(823): CodeIgniter\Router\RouteCollection->loadRoutes()
 5 SYSTEMPATH/CodeIgniter.php(457): CodeIgniter\CodeIgniter->tryToRouteIt(null)
 6 SYSTEMPATH/CodeIgniter.php(355): CodeIgniter\CodeIgniter->handleRequest(null, Object(Config\Cache), false)
 7 SYSTEMPATH/Boot.php(325): CodeIgniter\CodeIgniter->run()
 8 SYSTEMPATH/Boot.php(67): CodeIgniter\Boot::runCodeIgniter(Object(CodeIgniter\CodeIgniter))
 9 FCPATH/index.php(56): CodeIgniter\Boot::bootWeb(Object(Config\Paths))
WARNING - 2025-11-25 14:01:34 --> [DEPRECATED] Creation of dynamic property App\Controllers\Compte::$model is deprecated in APPPATH/Controllers/Compte.php on line 11.
 1 SYSTEMPATH/CodeIgniter.php(903): App\Controllers\Compte->__construct()
 2 SYSTEMPATH/CodeIgniter.php(500): CodeIgniter\CodeIgniter->createController()
 3 SYSTEMPATH/CodeIgniter.php(355): CodeIgniter\CodeIgniter->handleRequest(null, Object(Config\Cache), false)
 4 SYSTEMPATH/Boot.php(325): CodeIgniter\CodeIgniter->run()
 5 SYSTEMPATH/Boot.php(67): CodeIgniter\Boot::runCodeIgniter(Object(CodeIgniter\CodeIgniter))
 6 FCPATH/index.php(56): CodeIgniter\Boot::bootWeb(Object(Config\Paths))
INFO - 2025-11-25 14:01:34 --> Session: Class initialized using 'CodeIgniter\Session\Handlers\FileHandler' driver.
WARNING - 2025-11-25 14:01:37 --> [DEPRECATED] Passing lowercase HTTP method "get" is deprecated. Use uppercase HTTP method like "GET". in SYSTEMPATH/Router/RouteCollection.php on line 1027.
 1 SYSTEMPATH/Router/RouteCollection.php(1027): trigger_error('Passing lowercase HTTP method "get" is deprecated. Use uppercase HTTP method like "GET".', 16384)
 2 APPPATH/Config/Routes.php(52): CodeIgniter\Router\RouteCollection->match([...], 'compte/repondre/(:num)', 'Compte::repondre/$1')
 3 SYSTEMPATH/Router/RouteCollection.php(340): require('/home/2025DIFAL3/e22308557/public_html/V1/ci/app/Config/Routes.php')
 4 SYSTEMPATH/CodeIgniter.php(823): CodeIgniter\Router\RouteCollection->loadRoutes()
 5 SYSTEMPATH/CodeIgniter.php(457): CodeIgniter\CodeIgniter->tryToRouteIt(null)
 6 SYSTEMPATH/CodeIgniter.php(355): CodeIgniter\CodeIgniter->handleRequest(null, Object(Config\Cache), false)
 7 SYSTEMPATH/Boot.php(325): CodeIgniter\CodeIgniter->run()
 8 SYSTEMPATH/Boot.php(67): CodeIgniter\Boot::runCodeIgniter(Object(CodeIgniter\CodeIgniter))
 9 FCPATH/index.php(56): CodeIgniter\Boot::bootWeb(Object(Config\Paths))
WARNING - 2025-11-25 14:01:37 --> [DEPRECATED] Passing lowercase HTTP method "post" is deprecated. Use uppercase HTTP method like "POST". in SYSTEMPATH/Router/RouteCollection.php on line 1027.
 1 SYSTEMPATH/Router/RouteCollection.php(1027): trigger_error('Passing lowercase HTTP method "post" is deprecated. Use uppercase HTTP method like "POST".', 16384)
 2 APPPATH/Config/Routes.php(52): CodeIgniter\Router\RouteCollection->match([...], 'compte/repondre/(:num)', 'Compte::repondre/$1')
 3 SYSTEMPATH/Router/RouteCollection.php(340): require('/home/2025DIFAL3/e22308557/public_html/V1/ci/app/Config/Routes.php')
 4 SYSTEMPATH/CodeIgniter.php(823): CodeIgniter\Router\RouteCollection->loadRoutes()
 5 SYSTEMPATH/CodeIgniter.php(457): CodeIgniter\CodeIgniter->tryToRouteIt(null)
 6 SYSTEMPATH/CodeIgniter.php(355): CodeIgniter\CodeIgniter->handleRequest(null, Object(Config\Cache), false)
 7 SYSTEMPATH/Boot.php(325): CodeIgniter\CodeIgniter->run()
 8 SYSTEMPATH/Boot.php(67): CodeIgniter\Boot::runCodeIgniter(Object(CodeIgniter\CodeIgniter))
 9 FCPATH/index.php(56): CodeIgniter\Boot::bootWeb(Object(Config\Paths))
WARNING - 2025-11-25 14:01:37 --> [DEPRECATED] Creation of dynamic property App\Controllers\Compte::$model is deprecated in APPPATH/Controllers/Compte.php on line 11.
 1 SYSTEMPATH/CodeIgniter.php(903): App\Controllers\Compte->__construct()
 2 SYSTEMPATH/CodeIgniter.php(500): CodeIgniter\CodeIgniter->createController()
 3 SYSTEMPATH/CodeIgniter.php(355): CodeIgniter\CodeIgniter->handleRequest(null, Object(Config\Cache), false)
 4 SYSTEMPATH/Boot.php(325): CodeIgniter\CodeIgniter->run()
 5 SYSTEMPATH/Boot.php(67): CodeIgniter\Boot::runCodeIgniter(Object(CodeIgniter\CodeIgniter))
 6 FCPATH/index.php(56): CodeIgniter\Boot::bootWeb(Object(Config\Paths))
INFO - 2025-11-25 14:01:37 --> Session: Class initialized using 'CodeIgniter\Session\Handlers\FileHandler' driver.
WARNING - 2025-11-25 14:01:41 --> [DEPRECATED] Passing lowercase HTTP method "get" is deprecated. Use uppercase HTTP method like "GET". in SYSTEMPATH/Router/RouteCollection.php on line 1027.
 1 SYSTEMPATH/Router/RouteCollection.php(1027): trigger_error('Passing lowercase HTTP method "get" is deprecated. Use uppercase HTTP method like "GET".', 16384)
 2 APPPATH/Config/Routes.php(52): CodeIgniter\Router\RouteCollection->match([...], 'compte/repondre/(:num)', 'Compte::repondre/$1')
 3 SYSTEMPATH/Router/RouteCollection.php(340): require('/home/2025DIFAL3/e22308557/public_html/V1/ci/app/Config/Routes.php')
 4 SYSTEMPATH/CodeIgniter.php(823): CodeIgniter\Router\RouteCollection->loadRoutes()
 5 SYSTEMPATH/CodeIgniter.php(457): CodeIgniter\CodeIgniter->tryToRouteIt(null)
 6 SYSTEMPATH/CodeIgniter.php(355): CodeIgniter\CodeIgniter->handleRequest(null, Object(Config\Cache), false)
 7 SYSTEMPATH/Boot.php(325): CodeIgniter\CodeIgniter->run()
 8 SYSTEMPATH/Boot.php(67): CodeIgniter\Boot::runCodeIgniter(Object(CodeIgniter\CodeIgniter))
 9 FCPATH/index.php(56): CodeIgniter\Boot::bootWeb(Object(Config\Paths))
WARNING - 2025-11-25 14:01:41 --> [DEPRECATED] Passing lowercase HTTP method "post" is deprecated. Use uppercase HTTP method like "POST". in SYSTEMPATH/Router/RouteCollection.php on line 1027.
 1 SYSTEMPATH/Router/RouteCollection.php(1027): trigger_error('Passing lowercase HTTP method "post" is deprecated. Use uppercase HTTP method like "POST".', 16384)
 2 APPPATH/Config/Routes.php(52): CodeIgniter\Router\RouteCollection->match([...], 'compte/repondre/(:num)', 'Compte::repondre/$1')
 3 SYSTEMPATH/Router/RouteCollection.php(340): require('/home/2025DIFAL3/e22308557/public_html/V1/ci/app/Config/Routes.php')
 4 SYSTEMPATH/CodeIgniter.php(823): CodeIgniter\Router\RouteCollection->loadRoutes()
 5 SYSTEMPATH/CodeIgniter.php(457): CodeIgniter\CodeIgniter->tryToRouteIt(null)
 6 SYSTEMPATH/CodeIgniter.php(355): CodeIgniter\CodeIgniter->handleRequest(null, Object(Config\Cache), false)
 7 SYSTEMPATH/Boot.php(325): CodeIgniter\CodeIgniter->run()
 8 SYSTEMPATH/Boot.php(67): CodeIgniter\Boot::runCodeIgniter(Object(CodeIgniter\CodeIgniter))
 9 FCPATH/index.php(56): CodeIgniter\Boot::bootWeb(Object(Config\Paths))
WARNING - 2025-11-25 14:01:41 --> [DEPRECATED] Creation of dynamic property App\Controllers\Compte::$model is deprecated in APPPATH/Controllers/Compte.php on line 11.
 1 SYSTEMPATH/CodeIgniter.php(903): App\Controllers\Compte->__construct()
 2 SYSTEMPATH/CodeIgniter.php(500): CodeIgniter\CodeIgniter->createController()
 3 SYSTEMPATH/CodeIgniter.php(355): CodeIgniter\CodeIgniter->handleRequest(null, Object(Config\Cache), false)
 4 SYSTEMPATH/Boot.php(325): CodeIgniter\CodeIgniter->run()
 5 SYSTEMPATH/Boot.php(67): CodeIgniter\Boot::runCodeIgniter(Object(CodeIgniter\CodeIgniter))
 6 FCPATH/index.php(56): CodeIgniter\Boot::bootWeb(Object(Config\Paths))
INFO - 2025-11-25 14:01:41 --> Session: Class initialized using 'CodeIgniter\Session\Handlers\FileHandler' driver.
WARNING - 2025-11-25 14:01:43 --> [DEPRECATED] Passing lowercase HTTP method "get" is deprecated. Use uppercase HTTP method like "GET". in SYSTEMPATH/Router/RouteCollection.php on line 1027.
 1 SYSTEMPATH/Router/RouteCollection.php(1027): trigger_error('Passing lowercase HTTP method "get" is deprecated. Use uppercase HTTP method like "GET".', 16384)
 2 APPPATH/Config/Routes.php(52): CodeIgniter\Router\RouteCollection->match([...], 'compte/repondre/(:num)', 'Compte::repondre/$1')
 3 SYSTEMPATH/Router/RouteCollection.php(340): require('/home/2025DIFAL3/e22308557/public_html/V1/ci/app/Config/Routes.php')
 4 SYSTEMPATH/CodeIgniter.php(823): CodeIgniter\Router\RouteCollection->loadRoutes()
 5 SYSTEMPATH/CodeIgniter.php(457): CodeIgniter\CodeIgniter->tryToRouteIt(null)
 6 SYSTEMPATH/CodeIgniter.php(355): CodeIgniter\CodeIgniter->handleRequest(null, Object(Config\Cache), false)
 7 SYSTEMPATH/Boot.php(325): CodeIgniter\CodeIgniter->run()
 8 SYSTEMPATH/Boot.php(67): CodeIgniter\Boot::runCodeIgniter(Object(CodeIgniter\CodeIgniter))
 9 FCPATH/index.php(56): CodeIgniter\Boot::bootWeb(Object(Config\Paths))
WARNING - 2025-11-25 14:01:43 --> [DEPRECATED] Passing lowercase HTTP method "post" is deprecated. Use uppercase HTTP method like "POST". in SYSTEMPATH/Router/RouteCollection.php on line 1027.
 1 SYSTEMPATH/Router/RouteCollection.php(1027): trigger_error('Passing lowercase HTTP method "post" is deprecated. Use uppercase HTTP method like "POST".', 16384)
 2 APPPATH/Config/Routes.php(52): CodeIgniter\Router\RouteCollection->match([...], 'compte/repondre/(:num)', 'Compte::repondre/$1')
 3 SYSTEMPATH/Router/RouteCollection.php(340): require('/home/2025DIFAL3/e22308557/public_html/V1/ci/app/Config/Routes.php')
 4 SYSTEMPATH/CodeIgniter.php(823): CodeIgniter\Router\RouteCollection->loadRoutes()
 5 SYSTEMPATH/CodeIgniter.php(457): CodeIgniter\CodeIgniter->tryToRouteIt(null)
 6 SYSTEMPATH/CodeIgniter.php(355): CodeIgniter\CodeIgniter->handleRequest(null, Object(Config\Cache), false)
 7 SYSTEMPATH/Boot.php(325): CodeIgniter\CodeIgniter->run()
 8 SYSTEMPATH/Boot.php(67): CodeIgniter\Boot::runCodeIgniter(Object(CodeIgniter\CodeIgniter))
 9 FCPATH/index.php(56): CodeIgniter\Boot::bootWeb(Object(Config\Paths))
WARNING - 2025-11-25 14:01:46 --> [DEPRECATED] Passing lowercase HTTP method "get" is deprecated. Use uppercase HTTP method like "GET". in SYSTEMPATH/Router/RouteCollection.php on line 1027.
 1 SYSTEMPATH/Router/RouteCollection.php(1027): trigger_error('Passing lowercase HTTP method "get" is deprecated. Use uppercase HTTP method like "GET".', 16384)
 2 APPPATH/Config/Routes.php(52): CodeIgniter\Router\RouteCollection->match([...], 'compte/repondre/(:num)', 'Compte::repondre/$1')
 3 SYSTEMPATH/Router/RouteCollection.php(340): require('/home/2025DIFAL3/e22308557/public_html/V1/ci/app/Config/Routes.php')
 4 SYSTEMPATH/CodeIgniter.php(823): CodeIgniter\Router\RouteCollection->loadRoutes()
 5 SYSTEMPATH/CodeIgniter.php(457): CodeIgniter\CodeIgniter->tryToRouteIt(null)
 6 SYSTEMPATH/CodeIgniter.php(355): CodeIgniter\CodeIgniter->handleRequest(null, Object(Config\Cache), false)
 7 SYSTEMPATH/Boot.php(325): CodeIgniter\CodeIgniter->run()
 8 SYSTEMPATH/Boot.php(67): CodeIgniter\Boot::runCodeIgniter(Object(CodeIgniter\CodeIgniter))
 9 FCPATH/index.php(56): CodeIgniter\Boot::bootWeb(Object(Config\Paths))
WARNING - 2025-11-25 14:01:46 --> [DEPRECATED] Passing lowercase HTTP method "post" is deprecated. Use uppercase HTTP method like "POST". in SYSTEMPATH/Router/RouteCollection.php on line 1027.
 1 SYSTEMPATH/Router/RouteCollection.php(1027): trigger_error('Passing lowercase HTTP method "post" is deprecated. Use uppercase HTTP method like "POST".', 16384)
 2 APPPATH/Config/Routes.php(52): CodeIgniter\Router\RouteCollection->match([...], 'compte/repondre/(:num)', 'Compte::repondre/$1')
 3 SYSTEMPATH/Router/RouteCollection.php(340): require('/home/2025DIFAL3/e22308557/public_html/V1/ci/app/Config/Routes.php')
 4 SYSTEMPATH/CodeIgniter.php(823): CodeIgniter\Router\RouteCollection->loadRoutes()
 5 SYSTEMPATH/CodeIgniter.php(457): CodeIgniter\CodeIgniter->tryToRouteIt(null)
 6 SYSTEMPATH/CodeIgniter.php(355): CodeIgniter\CodeIgniter->handleRequest(null, Object(Config\Cache), false)
 7 SYSTEMPATH/Boot.php(325): CodeIgniter\CodeIgniter->run()
 8 SYSTEMPATH/Boot.php(67): CodeIgniter\Boot::runCodeIgniter(Object(CodeIgniter\CodeIgniter))
 9 FCPATH/index.php(56): CodeIgniter\Boot::bootWeb(Object(Config\Paths))
WARNING - 2025-11-25 14:01:46 --> [DEPRECATED] Creation of dynamic property App\Controllers\Compte::$model is deprecated in APPPATH/Controllers/Compte.php on line 11.
 1 SYSTEMPATH/CodeIgniter.php(903): App\Controllers\Compte->__construct()
 2 SYSTEMPATH/CodeIgniter.php(500): CodeIgniter\CodeIgniter->createController()
 3 SYSTEMPATH/CodeIgniter.php(355): CodeIgniter\CodeIgniter->handleRequest(null, Object(Config\Cache), false)
 4 SYSTEMPATH/Boot.php(325): CodeIgniter\CodeIgniter->run()
 5 SYSTEMPATH/Boot.php(67): CodeIgniter\Boot::runCodeIgniter(Object(CodeIgniter\CodeIgniter))
 6 FCPATH/index.php(56): CodeIgniter\Boot::bootWeb(Object(Config\Paths))
INFO - 2025-11-25 14:01:46 --> Session: Class initialized using 'CodeIgniter\Session\Handlers\FileHandler' driver.
WARNING - 2025-11-25 14:01:51 --> [DEPRECATED] Passing lowercase HTTP method "get" is deprecated. Use uppercase HTTP method like "GET". in SYSTEMPATH/Router/RouteCollection.php on line 1027.
 1 SYSTEMPATH/Router/RouteCollection.php(1027): trigger_error('Passing lowercase HTTP method "get" is deprecated. Use uppercase HTTP method like "GET".', 16384)
 2 APPPATH/Config/Routes.php(52): CodeIgniter\Router\RouteCollection->match([...], 'compte/repondre/(:num)', 'Compte::repondre/$1')
 3 SYSTEMPATH/Router/RouteCollection.php(340): require('/home/2025DIFAL3/e22308557/public_html/V1/ci/app/Config/Routes.php')
 4 SYSTEMPATH/CodeIgniter.php(823): CodeIgniter\Router\RouteCollection->loadRoutes()
 5 SYSTEMPATH/CodeIgniter.php(457): CodeIgniter\CodeIgniter->tryToRouteIt(null)
 6 SYSTEMPATH/CodeIgniter.php(355): CodeIgniter\CodeIgniter->handleRequest(null, Object(Config\Cache), false)
 7 SYSTEMPATH/Boot.php(325): CodeIgniter\CodeIgniter->run()
 8 SYSTEMPATH/Boot.php(67): CodeIgniter\Boot::runCodeIgniter(Object(CodeIgniter\CodeIgniter))
 9 FCPATH/index.php(56): CodeIgniter\Boot::bootWeb(Object(Config\Paths))
WARNING - 2025-11-25 14:01:51 --> [DEPRECATED] Passing lowercase HTTP method "post" is deprecated. Use uppercase HTTP method like "POST". in SYSTEMPATH/Router/RouteCollection.php on line 1027.
 1 SYSTEMPATH/Router/RouteCollection.php(1027): trigger_error('Passing lowercase HTTP method "post" is deprecated. Use uppercase HTTP method like "POST".', 16384)
 2 APPPATH/Config/Routes.php(52): CodeIgniter\Router\RouteCollection->match([...], 'compte/repondre/(:num)', 'Compte::repondre/$1')
 3 SYSTEMPATH/Router/RouteCollection.php(340): require('/home/2025DIFAL3/e22308557/public_html/V1/ci/app/Config/Routes.php')
 4 SYSTEMPATH/CodeIgniter.php(823): CodeIgniter\Router\RouteCollection->loadRoutes()
 5 SYSTEMPATH/CodeIgniter.php(457): CodeIgniter\CodeIgniter->tryToRouteIt(null)
 6 SYSTEMPATH/CodeIgniter.php(355): CodeIgniter\CodeIgniter->handleRequest(null, Object(Config\Cache), false)
 7 SYSTEMPATH/Boot.php(325): CodeIgniter\CodeIgniter->run()
 8 SYSTEMPATH/Boot.php(67): CodeIgniter\Boot::runCodeIgniter(Object(CodeIgniter\CodeIgniter))
 9 FCPATH/index.php(56): CodeIgniter\Boot::bootWeb(Object(Config\Paths))
WARNING - 2025-11-25 14:01:51 --> [DEPRECATED] Creation of dynamic property App\Controllers\Compte::$model is deprecated in APPPATH/Controllers/Compte.php on line 11.
 1 SYSTEMPATH/CodeIgniter.php(903): App\Controllers\Compte->__construct()
 2 SYSTEMPATH/CodeIgniter.php(500): CodeIgniter\CodeIgniter->createController()
 3 SYSTEMPATH/CodeIgniter.php(355): CodeIgniter\CodeIgniter->handleRequest(null, Object(Config\Cache), false)
 4 SYSTEMPATH/Boot.php(325): CodeIgniter\CodeIgniter->run()
 5 SYSTEMPATH/Boot.php(67): CodeIgniter\Boot::runCodeIgniter(Object(CodeIgniter\CodeIgniter))
 6 FCPATH/index.php(56): CodeIgniter\Boot::bootWeb(Object(Config\Paths))
INFO - 2025-11-25 14:01:51 --> Session: Class initialized using 'CodeIgniter\Session\Handlers\FileHandler' driver.
WARNING - 2025-11-25 14:02:07 --> [DEPRECATED] Passing lowercase HTTP method "get" is deprecated. Use uppercase HTTP method like "GET". in SYSTEMPATH/Router/RouteCollection.php on line 1027.
 1 SYSTEMPATH/Router/RouteCollection.php(1027): trigger_error('Passing lowercase HTTP method "get" is deprecated. Use uppercase HTTP method like "GET".', 16384)
 2 APPPATH/Config/Routes.php(52): CodeIgniter\Router\RouteCollection->match([...], 'compte/repondre/(:num)', 'Compte::repondre/$1')
 3 SYSTEMPATH/Router/RouteCollection.php(340): require('/home/2025DIFAL3/e22308557/public_html/V1/ci/app/Config/Routes.php')
 4 SYSTEMPATH/CodeIgniter.php(823): CodeIgniter\Router\RouteCollection->loadRoutes()
 5 SYSTEMPATH/CodeIgniter.php(457): CodeIgniter\CodeIgniter->tryToRouteIt(null)
 6 SYSTEMPATH/CodeIgniter.php(355): CodeIgniter\CodeIgniter->handleRequest(null, Object(Config\Cache), false)
 7 SYSTEMPATH/Boot.php(325): CodeIgniter\CodeIgniter->run()
 8 SYSTEMPATH/Boot.php(67): CodeIgniter\Boot::runCodeIgniter(Object(CodeIgniter\CodeIgniter))
 9 FCPATH/index.php(56): CodeIgniter\Boot::bootWeb(Object(Config\Paths))
WARNING - 2025-11-25 14:02:07 --> [DEPRECATED] Passing lowercase HTTP method "post" is deprecated. Use uppercase HTTP method like "POST". in SYSTEMPATH/Router/RouteCollection.php on line 1027.
 1 SYSTEMPATH/Router/RouteCollection.php(1027): trigger_error('Passing lowercase HTTP method "post" is deprecated. Use uppercase HTTP method like "POST".', 16384)
 2 APPPATH/Config/Routes.php(52): CodeIgniter\Router\RouteCollection->match([...], 'compte/repondre/(:num)', 'Compte::repondre/$1')
 3 SYSTEMPATH/Router/RouteCollection.php(340): require('/home/2025DIFAL3/e22308557/public_html/V1/ci/app/Config/Routes.php')
 4 SYSTEMPATH/CodeIgniter.php(823): CodeIgniter\Router\RouteCollection->loadRoutes()
 5 SYSTEMPATH/CodeIgniter.php(457): CodeIgniter\CodeIgniter->tryToRouteIt(null)
 6 SYSTEMPATH/CodeIgniter.php(355): CodeIgniter\CodeIgniter->handleRequest(null, Object(Config\Cache), false)
 7 SYSTEMPATH/Boot.php(325): CodeIgniter\CodeIgniter->run()
 8 SYSTEMPATH/Boot.php(67): CodeIgniter\Boot::runCodeIgniter(Object(CodeIgniter\CodeIgniter))
 9 FCPATH/index.php(56): CodeIgniter\Boot::bootWeb(Object(Config\Paths))
WARNING - 2025-11-25 14:02:07 --> [DEPRECATED] Creation of dynamic property App\Controllers\Compte::$model is deprecated in APPPATH/Controllers/Compte.php on line 11.
 1 SYSTEMPATH/CodeIgniter.php(903): App\Controllers\Compte->__construct()
 2 SYSTEMPATH/CodeIgniter.php(500): CodeIgniter\CodeIgniter->createController()
 3 SYSTEMPATH/CodeIgniter.php(355): CodeIgniter\CodeIgniter->handleRequest(null, Object(Config\Cache), false)
 4 SYSTEMPATH/Boot.php(325): CodeIgniter\CodeIgniter->run()
 5 SYSTEMPATH/Boot.php(67): CodeIgniter\Boot::runCodeIgniter(Object(CodeIgniter\CodeIgniter))
 6 FCPATH/index.php(56): CodeIgniter\Boot::bootWeb(Object(Config\Paths))
INFO - 2025-11-25 14:02:07 --> Session: Class initialized using 'CodeIgniter\Session\Handlers\FileHandler' driver.
WARNING - 2025-11-25 14:02:07 --> [DEPRECATED] Passing lowercase HTTP method "get" is deprecated. Use uppercase HTTP method like "GET". in SYSTEMPATH/Router/RouteCollection.php on line 1027.
 1 SYSTEMPATH/Router/RouteCollection.php(1027): trigger_error('Passing lowercase HTTP method "get" is deprecated. Use uppercase HTTP method like "GET".', 16384)
 2 APPPATH/Config/Routes.php(52): CodeIgniter\Router\RouteCollection->match([...], 'compte/repondre/(:num)', 'Compte::repondre/$1')
 3 SYSTEMPATH/Router/RouteCollection.php(340): require('/home/2025DIFAL3/e22308557/public_html/V1/ci/app/Config/Routes.php')
 4 SYSTEMPATH/CodeIgniter.php(823): CodeIgniter\Router\RouteCollection->loadRoutes()
 5 SYSTEMPATH/CodeIgniter.php(457): CodeIgniter\CodeIgniter->tryToRouteIt(null)
 6 SYSTEMPATH/CodeIgniter.php(355): CodeIgniter\CodeIgniter->handleRequest(null, Object(Config\Cache), false)
 7 SYSTEMPATH/Boot.php(325): CodeIgniter\CodeIgniter->run()
 8 SYSTEMPATH/Boot.php(67): CodeIgniter\Boot::runCodeIgniter(Object(CodeIgniter\CodeIgniter))
 9 FCPATH/index.php(56): CodeIgniter\Boot::bootWeb(Object(Config\Paths))
WARNING - 2025-11-25 14:02:07 --> [DEPRECATED] Passing lowercase HTTP method "post" is deprecated. Use uppercase HTTP method like "POST". in SYSTEMPATH/Router/RouteCollection.php on line 1027.
 1 SYSTEMPATH/Router/RouteCollection.php(1027): trigger_error('Passing lowercase HTTP method "post" is deprecated. Use uppercase HTTP method like "POST".', 16384)
 2 APPPATH/Config/Routes.php(52): CodeIgniter\Router\RouteCollection->match([...], 'compte/repondre/(:num)', 'Compte::repondre/$1')
 3 SYSTEMPATH/Router/RouteCollection.php(340): require('/home/2025DIFAL3/e22308557/public_html/V1/ci/app/Config/Routes.php')
 4 SYSTEMPATH/CodeIgniter.php(823): CodeIgniter\Router\RouteCollection->loadRoutes()
 5 SYSTEMPATH/CodeIgniter.php(457): CodeIgniter\CodeIgniter->tryToRouteIt(null)
 6 SYSTEMPATH/CodeIgniter.php(355): CodeIgniter\CodeIgniter->handleRequest(null, Object(Config\Cache), false)
 7 SYSTEMPATH/Boot.php(325): CodeIgniter\CodeIgniter->run()
 8 SYSTEMPATH/Boot.php(67): CodeIgniter\Boot::runCodeIgniter(Object(CodeIgniter\CodeIgniter))
 9 FCPATH/index.php(56): CodeIgniter\Boot::bootWeb(Object(Config\Paths))
WARNING - 2025-11-25 14:02:07 --> [DEPRECATED] Creation of dynamic property App\Controllers\Compte::$model is deprecated in APPPATH/Controllers/Compte.php on line 11.
 1 SYSTEMPATH/CodeIgniter.php(903): App\Controllers\Compte->__construct()
 2 SYSTEMPATH/CodeIgniter.php(500): CodeIgniter\CodeIgniter->createController()
 3 SYSTEMPATH/CodeIgniter.php(355): CodeIgniter\CodeIgniter->handleRequest(null, Object(Config\Cache), false)
 4 SYSTEMPATH/Boot.php(325): CodeIgniter\CodeIgniter->run()
 5 SYSTEMPATH/Boot.php(67): CodeIgniter\Boot::runCodeIgniter(Object(CodeIgniter\CodeIgniter))
 6 FCPATH/index.php(56): CodeIgniter\Boot::bootWeb(Object(Config\Paths))
INFO - 2025-11-25 14:02:07 --> Session: Class initialized using 'CodeIgniter\Session\Handlers\FileHandler' driver.
WARNING - 2025-11-25 14:02:12 --> [DEPRECATED] Passing lowercase HTTP method "get" is deprecated. Use uppercase HTTP method like "GET". in SYSTEMPATH/Router/RouteCollection.php on line 1027.
 1 SYSTEMPATH/Router/RouteCollection.php(1027): trigger_error('Passing lowercase HTTP method "get" is deprecated. Use uppercase HTTP method like "GET".', 16384)
 2 APPPATH/Config/Routes.php(52): CodeIgniter\Router\RouteCollection->match([...], 'compte/repondre/(:num)', 'Compte::repondre/$1')
 3 SYSTEMPATH/Router/RouteCollection.php(340): require('/home/2025DIFAL3/e22308557/public_html/V1/ci/app/Config/Routes.php')
 4 SYSTEMPATH/CodeIgniter.php(823): CodeIgniter\Router\RouteCollection->loadRoutes()
 5 SYSTEMPATH/CodeIgniter.php(457): CodeIgniter\CodeIgniter->tryToRouteIt(null)
 6 SYSTEMPATH/CodeIgniter.php(355): CodeIgniter\CodeIgniter->handleRequest(null, Object(Config\Cache), false)
 7 SYSTEMPATH/Boot.php(325): CodeIgniter\CodeIgniter->run()
 8 SYSTEMPATH/Boot.php(67): CodeIgniter\Boot::runCodeIgniter(Object(CodeIgniter\CodeIgniter))
 9 FCPATH/index.php(56): CodeIgniter\Boot::bootWeb(Object(Config\Paths))
WARNING - 2025-11-25 14:02:12 --> [DEPRECATED] Passing lowercase HTTP method "post" is deprecated. Use uppercase HTTP method like "POST". in SYSTEMPATH/Router/RouteCollection.php on line 1027.
 1 SYSTEMPATH/Router/RouteCollection.php(1027): trigger_error('Passing lowercase HTTP method "post" is deprecated. Use uppercase HTTP method like "POST".', 16384)
 2 APPPATH/Config/Routes.php(52): CodeIgniter\Router\RouteCollection->match([...], 'compte/repondre/(:num)', 'Compte::repondre/$1')
 3 SYSTEMPATH/Router/RouteCollection.php(340): require('/home/2025DIFAL3/e22308557/public_html/V1/ci/app/Config/Routes.php')
 4 SYSTEMPATH/CodeIgniter.php(823): CodeIgniter\Router\RouteCollection->loadRoutes()
 5 SYSTEMPATH/CodeIgniter.php(457): CodeIgniter\CodeIgniter->tryToRouteIt(null)
 6 SYSTEMPATH/CodeIgniter.php(355): CodeIgniter\CodeIgniter->handleRequest(null, Object(Config\Cache), false)
 7 SYSTEMPATH/Boot.php(325): CodeIgniter\CodeIgniter->run()
 8 SYSTEMPATH/Boot.php(67): CodeIgniter\Boot::runCodeIgniter(Object(CodeIgniter\CodeIgniter))
 9 FCPATH/index.php(56): CodeIgniter\Boot::bootWeb(Object(Config\Paths))
WARNING - 2025-11-25 14:02:12 --> [DEPRECATED] Creation of dynamic property App\Controllers\Compte::$model is deprecated in APPPATH/Controllers/Compte.php on line 11.
 1 SYSTEMPATH/CodeIgniter.php(903): App\Controllers\Compte->__construct()
 2 SYSTEMPATH/CodeIgniter.php(500): CodeIgniter\CodeIgniter->createController()
 3 SYSTEMPATH/CodeIgniter.php(355): CodeIgniter\CodeIgniter->handleRequest(null, Object(Config\Cache), false)
 4 SYSTEMPATH/Boot.php(325): CodeIgniter\CodeIgniter->run()
 5 SYSTEMPATH/Boot.php(67): CodeIgniter\Boot::runCodeIgniter(Object(CodeIgniter\CodeIgniter))
 6 FCPATH/index.php(56): CodeIgniter\Boot::bootWeb(Object(Config\Paths))
INFO - 2025-11-25 14:02:12 --> Session: Class initialized using 'CodeIgniter\Session\Handlers\FileHandler' driver.
WARNING - 2025-11-25 14:02:20 --> [DEPRECATED] Passing lowercase HTTP method "get" is deprecated. Use uppercase HTTP method like "GET". in SYSTEMPATH/Router/RouteCollection.php on line 1027.
 1 SYSTEMPATH/Router/RouteCollection.php(1027): trigger_error('Passing lowercase HTTP method "get" is deprecated. Use uppercase HTTP method like "GET".', 16384)
 2 APPPATH/Config/Routes.php(52): CodeIgniter\Router\RouteCollection->match([...], 'compte/repondre/(:num)', 'Compte::repondre/$1')
 3 SYSTEMPATH/Router/RouteCollection.php(340): require('/home/2025DIFAL3/e22308557/public_html/V1/ci/app/Config/Routes.php')
 4 SYSTEMPATH/CodeIgniter.php(823): CodeIgniter\Router\RouteCollection->loadRoutes()
 5 SYSTEMPATH/CodeIgniter.php(457): CodeIgniter\CodeIgniter->tryToRouteIt(null)
 6 SYSTEMPATH/CodeIgniter.php(355): CodeIgniter\CodeIgniter->handleRequest(null, Object(Config\Cache), false)
 7 SYSTEMPATH/Boot.php(325): CodeIgniter\CodeIgniter->run()
 8 SYSTEMPATH/Boot.php(67): CodeIgniter\Boot::runCodeIgniter(Object(CodeIgniter\CodeIgniter))
 9 FCPATH/index.php(56): CodeIgniter\Boot::bootWeb(Object(Config\Paths))
WARNING - 2025-11-25 14:02:20 --> [DEPRECATED] Passing lowercase HTTP method "post" is deprecated. Use uppercase HTTP method like "POST". in SYSTEMPATH/Router/RouteCollection.php on line 1027.
 1 SYSTEMPATH/Router/RouteCollection.php(1027): trigger_error('Passing lowercase HTTP method "post" is deprecated. Use uppercase HTTP method like "POST".', 16384)
 2 APPPATH/Config/Routes.php(52): CodeIgniter\Router\RouteCollection->match([...], 'compte/repondre/(:num)', 'Compte::repondre/$1')
 3 SYSTEMPATH/Router/RouteCollection.php(340): require('/home/2025DIFAL3/e22308557/public_html/V1/ci/app/Config/Routes.php')
 4 SYSTEMPATH/CodeIgniter.php(823): CodeIgniter\Router\RouteCollection->loadRoutes()
 5 SYSTEMPATH/CodeIgniter.php(457): CodeIgniter\CodeIgniter->tryToRouteIt(null)
 6 SYSTEMPATH/CodeIgniter.php(355): CodeIgniter\CodeIgniter->handleRequest(null, Object(Config\Cache), false)
 7 SYSTEMPATH/Boot.php(325): CodeIgniter\CodeIgniter->run()
 8 SYSTEMPATH/Boot.php(67): CodeIgniter\Boot::runCodeIgniter(Object(CodeIgniter\CodeIgniter))
 9 FCPATH/index.php(56): CodeIgniter\Boot::bootWeb(Object(Config\Paths))
WARNING - 2025-11-25 14:02:20 --> [DEPRECATED] Creation of dynamic property App\Controllers\Compte::$model is deprecated in APPPATH/Controllers/Compte.php on line 11.
 1 SYSTEMPATH/CodeIgniter.php(903): App\Controllers\Compte->__construct()
 2 SYSTEMPATH/CodeIgniter.php(500): CodeIgniter\CodeIgniter->createController()
 3 SYSTEMPATH/CodeIgniter.php(355): CodeIgniter\CodeIgniter->handleRequest(null, Object(Config\Cache), false)
 4 SYSTEMPATH/Boot.php(325): CodeIgniter\CodeIgniter->run()
 5 SYSTEMPATH/Boot.php(67): CodeIgniter\Boot::runCodeIgniter(Object(CodeIgniter\CodeIgniter))
 6 FCPATH/index.php(56): CodeIgniter\Boot::bootWeb(Object(Config\Paths))
INFO - 2025-11-25 14:02:20 --> Session: Class initialized using 'CodeIgniter\Session\Handlers\FileHandler' driver.
WARNING - 2025-11-25 14:02:23 --> [DEPRECATED] Passing lowercase HTTP method "get" is deprecated. Use uppercase HTTP method like "GET". in SYSTEMPATH/Router/RouteCollection.php on line 1027.
 1 SYSTEMPATH/Router/RouteCollection.php(1027): trigger_error('Passing lowercase HTTP method "get" is deprecated. Use uppercase HTTP method like "GET".', 16384)
 2 APPPATH/Config/Routes.php(52): CodeIgniter\Router\RouteCollection->match([...], 'compte/repondre/(:num)', 'Compte::repondre/$1')
 3 SYSTEMPATH/Router/RouteCollection.php(340): require('/home/2025DIFAL3/e22308557/public_html/V1/ci/app/Config/Routes.php')
 4 SYSTEMPATH/CodeIgniter.php(823): CodeIgniter\Router\RouteCollection->loadRoutes()
 5 SYSTEMPATH/CodeIgniter.php(457): CodeIgniter\CodeIgniter->tryToRouteIt(null)
 6 SYSTEMPATH/CodeIgniter.php(355): CodeIgniter\CodeIgniter->handleRequest(null, Object(Config\Cache), false)
 7 SYSTEMPATH/Boot.php(325): CodeIgniter\CodeIgniter->run()
 8 SYSTEMPATH/Boot.php(67): CodeIgniter\Boot::runCodeIgniter(Object(CodeIgniter\CodeIgniter))
 9 FCPATH/index.php(56): CodeIgniter\Boot::bootWeb(Object(Config\Paths))
WARNING - 2025-11-25 14:02:23 --> [DEPRECATED] Passing lowercase HTTP method "post" is deprecated. Use uppercase HTTP method like "POST". in SYSTEMPATH/Router/RouteCollection.php on line 1027.
 1 SYSTEMPATH/Router/RouteCollection.php(1027): trigger_error('Passing lowercase HTTP method "post" is deprecated. Use uppercase HTTP method like "POST".', 16384)
 2 APPPATH/Config/Routes.php(52): CodeIgniter\Router\RouteCollection->match([...], 'compte/repondre/(:num)', 'Compte::repondre/$1')
 3 SYSTEMPATH/Router/RouteCollection.php(340): require('/home/2025DIFAL3/e22308557/public_html/V1/ci/app/Config/Routes.php')
 4 SYSTEMPATH/CodeIgniter.php(823): CodeIgniter\Router\RouteCollection->loadRoutes()
 5 SYSTEMPATH/CodeIgniter.php(457): CodeIgniter\CodeIgniter->tryToRouteIt(null)
 6 SYSTEMPATH/CodeIgniter.php(355): CodeIgniter\CodeIgniter->handleRequest(null, Object(Config\Cache), false)
 7 SYSTEMPATH/Boot.php(325): CodeIgniter\CodeIgniter->run()
 8 SYSTEMPATH/Boot.php(67): CodeIgniter\Boot::runCodeIgniter(Object(CodeIgniter\CodeIgniter))
 9 FCPATH/index.php(56): CodeIgniter\Boot::bootWeb(Object(Config\Paths))
WARNING - 2025-11-25 14:02:23 --> [DEPRECATED] Creation of dynamic property App\Controllers\Compte::$model is deprecated in APPPATH/Controllers/Compte.php on line 11.
 1 SYSTEMPATH/CodeIgniter.php(903): App\Controllers\Compte->__construct()
 2 SYSTEMPATH/CodeIgniter.php(500): CodeIgniter\CodeIgniter->createController()
 3 SYSTEMPATH/CodeIgniter.php(355): CodeIgniter\CodeIgniter->handleRequest(null, Object(Config\Cache), false)
 4 SYSTEMPATH/Boot.php(325): CodeIgniter\CodeIgniter->run()
 5 SYSTEMPATH/Boot.php(67): CodeIgniter\Boot::runCodeIgniter(Object(CodeIgniter\CodeIgniter))
 6 FCPATH/index.php(56): CodeIgniter\Boot::bootWeb(Object(Config\Paths))
INFO - 2025-11-25 14:02:23 --> Session: Class initialized using 'CodeIgniter\Session\Handlers\FileHandler' driver.
WARNING - 2025-11-25 14:02:49 --> [DEPRECATED] Passing lowercase HTTP method "get" is deprecated. Use uppercase HTTP method like "GET". in SYSTEMPATH/Router/RouteCollection.php on line 1027.
 1 SYSTEMPATH/Router/RouteCollection.php(1027): trigger_error('Passing lowercase HTTP method "get" is deprecated. Use uppercase HTTP method like "GET".', 16384)
 2 APPPATH/Config/Routes.php(52): CodeIgniter\Router\RouteCollection->match([...], 'compte/repondre/(:num)', 'Compte::repondre/$1')
 3 SYSTEMPATH/Router/RouteCollection.php(340): require('/home/2025DIFAL3/e22308557/public_html/V1/ci/app/Config/Routes.php')
 4 SYSTEMPATH/CodeIgniter.php(823): CodeIgniter\Router\RouteCollection->loadRoutes()
 5 SYSTEMPATH/CodeIgniter.php(457): CodeIgniter\CodeIgniter->tryToRouteIt(null)
 6 SYSTEMPATH/CodeIgniter.php(355): CodeIgniter\CodeIgniter->handleRequest(null, Object(Config\Cache), false)
 7 SYSTEMPATH/Boot.php(325): CodeIgniter\CodeIgniter->run()
 8 SYSTEMPATH/Boot.php(67): CodeIgniter\Boot::runCodeIgniter(Object(CodeIgniter\CodeIgniter))
 9 FCPATH/index.php(56): CodeIgniter\Boot::bootWeb(Object(Config\Paths))
WARNING - 2025-11-25 14:02:49 --> [DEPRECATED] Passing lowercase HTTP method "post" is deprecated. Use uppercase HTTP method like "POST". in SYSTEMPATH/Router/RouteCollection.php on line 1027.
 1 SYSTEMPATH/Router/RouteCollection.php(1027): trigger_error('Passing lowercase HTTP method "post" is deprecated. Use uppercase HTTP method like "POST".', 16384)
 2 APPPATH/Config/Routes.php(52): CodeIgniter\Router\RouteCollection->match([...], 'compte/repondre/(:num)', 'Compte::repondre/$1')
 3 SYSTEMPATH/Router/RouteCollection.php(340): require('/home/2025DIFAL3/e22308557/public_html/V1/ci/app/Config/Routes.php')
 4 SYSTEMPATH/CodeIgniter.php(823): CodeIgniter\Router\RouteCollection->loadRoutes()
 5 SYSTEMPATH/CodeIgniter.php(457): CodeIgniter\CodeIgniter->tryToRouteIt(null)
 6 SYSTEMPATH/CodeIgniter.php(355): CodeIgniter\CodeIgniter->handleRequest(null, Object(Config\Cache), false)
 7 SYSTEMPATH/Boot.php(325): CodeIgniter\CodeIgniter->run()
 8 SYSTEMPATH/Boot.php(67): CodeIgniter\Boot::runCodeIgniter(Object(CodeIgniter\CodeIgniter))
 9 FCPATH/index.php(56): CodeIgniter\Boot::bootWeb(Object(Config\Paths))
WARNING - 2025-11-25 14:02:49 --> [DEPRECATED] Creation of dynamic property App\Controllers\Compte::$model is deprecated in APPPATH/Controllers/Compte.php on line 11.
 1 SYSTEMPATH/CodeIgniter.php(903): App\Controllers\Compte->__construct()
 2 SYSTEMPATH/CodeIgniter.php(500): CodeIgniter\CodeIgniter->createController()
 3 SYSTEMPATH/CodeIgniter.php(355): CodeIgniter\CodeIgniter->handleRequest(null, Object(Config\Cache), false)
 4 SYSTEMPATH/Boot.php(325): CodeIgniter\CodeIgniter->run()
 5 SYSTEMPATH/Boot.php(67): CodeIgniter\Boot::runCodeIgniter(Object(CodeIgniter\CodeIgniter))
 6 FCPATH/index.php(56): CodeIgniter\Boot::bootWeb(Object(Config\Paths))
INFO - 2025-11-25 14:02:49 --> Session: Class initialized using 'CodeIgniter\Session\Handlers\FileHandler' driver.
WARNING - 2025-11-25 14:02:52 --> [DEPRECATED] Passing lowercase HTTP method "get" is deprecated. Use uppercase HTTP method like "GET". in SYSTEMPATH/Router/RouteCollection.php on line 1027.
 1 SYSTEMPATH/Router/RouteCollection.php(1027): trigger_error('Passing lowercase HTTP method "get" is deprecated. Use uppercase HTTP method like "GET".', 16384)
 2 APPPATH/Config/Routes.php(52): CodeIgniter\Router\RouteCollection->match([...], 'compte/repondre/(:num)', 'Compte::repondre/$1')
 3 SYSTEMPATH/Router/RouteCollection.php(340): require('/home/2025DIFAL3/e22308557/public_html/V1/ci/app/Config/Routes.php')
 4 SYSTEMPATH/CodeIgniter.php(823): CodeIgniter\Router\RouteCollection->loadRoutes()
 5 SYSTEMPATH/CodeIgniter.php(457): CodeIgniter\CodeIgniter->tryToRouteIt(null)
 6 SYSTEMPATH/CodeIgniter.php(355): CodeIgniter\CodeIgniter->handleRequest(null, Object(Config\Cache), false)
 7 SYSTEMPATH/Boot.php(325): CodeIgniter\CodeIgniter->run()
 8 SYSTEMPATH/Boot.php(67): CodeIgniter\Boot::runCodeIgniter(Object(CodeIgniter\CodeIgniter))
 9 FCPATH/index.php(56): CodeIgniter\Boot::bootWeb(Object(Config\Paths))
WARNING - 2025-11-25 14:02:52 --> [DEPRECATED] Passing lowercase HTTP method "post" is deprecated. Use uppercase HTTP method like "POST". in SYSTEMPATH/Router/RouteCollection.php on line 1027.
 1 SYSTEMPATH/Router/RouteCollection.php(1027): trigger_error('Passing lowercase HTTP method "post" is deprecated. Use uppercase HTTP method like "POST".', 16384)
 2 APPPATH/Config/Routes.php(52): CodeIgniter\Router\RouteCollection->match([...], 'compte/repondre/(:num)', 'Compte::repondre/$1')
 3 SYSTEMPATH/Router/RouteCollection.php(340): require('/home/2025DIFAL3/e22308557/public_html/V1/ci/app/Config/Routes.php')
 4 SYSTEMPATH/CodeIgniter.php(823): CodeIgniter\Router\RouteCollection->loadRoutes()
 5 SYSTEMPATH/CodeIgniter.php(457): CodeIgniter\CodeIgniter->tryToRouteIt(null)
 6 SYSTEMPATH/CodeIgniter.php(355): CodeIgniter\CodeIgniter->handleRequest(null, Object(Config\Cache), false)
 7 SYSTEMPATH/Boot.php(325): CodeIgniter\CodeIgniter->run()
 8 SYSTEMPATH/Boot.php(67): CodeIgniter\Boot::runCodeIgniter(Object(CodeIgniter\CodeIgniter))
 9 FCPATH/index.php(56): CodeIgniter\Boot::bootWeb(Object(Config\Paths))
WARNING - 2025-11-25 14:02:52 --> [DEPRECATED] Creation of dynamic property App\Controllers\Compte::$model is deprecated in APPPATH/Controllers/Compte.php on line 11.
 1 SYSTEMPATH/CodeIgniter.php(903): App\Controllers\Compte->__construct()
 2 SYSTEMPATH/CodeIgniter.php(500): CodeIgniter\CodeIgniter->createController()
 3 SYSTEMPATH/CodeIgniter.php(355): CodeIgniter\CodeIgniter->handleRequest(null, Object(Config\Cache), false)
 4 SYSTEMPATH/Boot.php(325): CodeIgniter\CodeIgniter->run()
 5 SYSTEMPATH/Boot.php(67): CodeIgniter\Boot::runCodeIgniter(Object(CodeIgniter\CodeIgniter))
 6 FCPATH/index.php(56): CodeIgniter\Boot::bootWeb(Object(Config\Paths))
INFO - 2025-11-25 14:02:52 --> Session: Class initialized using 'CodeIgniter\Session\Handlers\FileHandler' driver.
WARNING - 2025-11-25 14:02:55 --> [DEPRECATED] Passing lowercase HTTP method "get" is deprecated. Use uppercase HTTP method like "GET". in SYSTEMPATH/Router/RouteCollection.php on line 1027.
 1 SYSTEMPATH/Router/RouteCollection.php(1027): trigger_error('Passing lowercase HTTP method "get" is deprecated. Use uppercase HTTP method like "GET".', 16384)
 2 APPPATH/Config/Routes.php(52): CodeIgniter\Router\RouteCollection->match([...], 'compte/repondre/(:num)', 'Compte::repondre/$1')
 3 SYSTEMPATH/Router/RouteCollection.php(340): require('/home/2025DIFAL3/e22308557/public_html/V1/ci/app/Config/Routes.php')
 4 SYSTEMPATH/CodeIgniter.php(823): CodeIgniter\Router\RouteCollection->loadRoutes()
 5 SYSTEMPATH/CodeIgniter.php(457): CodeIgniter\CodeIgniter->tryToRouteIt(null)
 6 SYSTEMPATH/CodeIgniter.php(355): CodeIgniter\CodeIgniter->handleRequest(null, Object(Config\Cache), false)
 7 SYSTEMPATH/Boot.php(325): CodeIgniter\CodeIgniter->run()
 8 SYSTEMPATH/Boot.php(67): CodeIgniter\Boot::runCodeIgniter(Object(CodeIgniter\CodeIgniter))
 9 FCPATH/index.php(56): CodeIgniter\Boot::bootWeb(Object(Config\Paths))
WARNING - 2025-11-25 14:02:55 --> [DEPRECATED] Passing lowercase HTTP method "post" is deprecated. Use uppercase HTTP method like "POST". in SYSTEMPATH/Router/RouteCollection.php on line 1027.
 1 SYSTEMPATH/Router/RouteCollection.php(1027): trigger_error('Passing lowercase HTTP method "post" is deprecated. Use uppercase HTTP method like "POST".', 16384)
 2 APPPATH/Config/Routes.php(52): CodeIgniter\Router\RouteCollection->match([...], 'compte/repondre/(:num)', 'Compte::repondre/$1')
 3 SYSTEMPATH/Router/RouteCollection.php(340): require('/home/2025DIFAL3/e22308557/public_html/V1/ci/app/Config/Routes.php')
 4 SYSTEMPATH/CodeIgniter.php(823): CodeIgniter\Router\RouteCollection->loadRoutes()
 5 SYSTEMPATH/CodeIgniter.php(457): CodeIgniter\CodeIgniter->tryToRouteIt(null)
 6 SYSTEMPATH/CodeIgniter.php(355): CodeIgniter\CodeIgniter->handleRequest(null, Object(Config\Cache), false)
 7 SYSTEMPATH/Boot.php(325): CodeIgniter\CodeIgniter->run()
 8 SYSTEMPATH/Boot.php(67): CodeIgniter\Boot::runCodeIgniter(Object(CodeIgniter\CodeIgniter))
 9 FCPATH/index.php(56): CodeIgniter\Boot::bootWeb(Object(Config\Paths))
WARNING - 2025-11-25 14:02:55 --> [DEPRECATED] Creation of dynamic property App\Controllers\Compte::$model is deprecated in APPPATH/Controllers/Compte.php on line 11.
 1 SYSTEMPATH/CodeIgniter.php(903): App\Controllers\Compte->__construct()
 2 SYSTEMPATH/CodeIgniter.php(500): CodeIgniter\CodeIgniter->createController()
 3 SYSTEMPATH/CodeIgniter.php(355): CodeIgniter\CodeIgniter->handleRequest(null, Object(Config\Cache), false)
 4 SYSTEMPATH/Boot.php(325): CodeIgniter\CodeIgniter->run()
 5 SYSTEMPATH/Boot.php(67): CodeIgniter\Boot::runCodeIgniter(Object(CodeIgniter\CodeIgniter))
 6 FCPATH/index.php(56): CodeIgniter\Boot::bootWeb(Object(Config\Paths))
INFO - 2025-11-25 14:02:55 --> Session: Class initialized using 'CodeIgniter\Session\Handlers\FileHandler' driver.
WARNING - 2025-11-25 14:03:01 --> [DEPRECATED] Passing lowercase HTTP method "get" is deprecated. Use uppercase HTTP method like "GET". in SYSTEMPATH/Router/RouteCollection.php on line 1027.
 1 SYSTEMPATH/Router/RouteCollection.php(1027): trigger_error('Passing lowercase HTTP method "get" is deprecated. Use uppercase HTTP method like "GET".', 16384)
 2 APPPATH/Config/Routes.php(52): CodeIgniter\Router\RouteCollection->match([...], 'compte/repondre/(:num)', 'Compte::repondre/$1')
 3 SYSTEMPATH/Router/RouteCollection.php(340): require('/home/2025DIFAL3/e22308557/public_html/V1/ci/app/Config/Routes.php')
 4 SYSTEMPATH/CodeIgniter.php(823): CodeIgniter\Router\RouteCollection->loadRoutes()
 5 SYSTEMPATH/CodeIgniter.php(457): CodeIgniter\CodeIgniter->tryToRouteIt(null)
 6 SYSTEMPATH/CodeIgniter.php(355): CodeIgniter\CodeIgniter->handleRequest(null, Object(Config\Cache), false)
 7 SYSTEMPATH/Boot.php(325): CodeIgniter\CodeIgniter->run()
 8 SYSTEMPATH/Boot.php(67): CodeIgniter\Boot::runCodeIgniter(Object(CodeIgniter\CodeIgniter))
 9 FCPATH/index.php(56): CodeIgniter\Boot::bootWeb(Object(Config\Paths))
WARNING - 2025-11-25 14:03:01 --> [DEPRECATED] Passing lowercase HTTP method "post" is deprecated. Use uppercase HTTP method like "POST". in SYSTEMPATH/Router/RouteCollection.php on line 1027.
 1 SYSTEMPATH/Router/RouteCollection.php(1027): trigger_error('Passing lowercase HTTP method "post" is deprecated. Use uppercase HTTP method like "POST".', 16384)
 2 APPPATH/Config/Routes.php(52): CodeIgniter\Router\RouteCollection->match([...], 'compte/repondre/(:num)', 'Compte::repondre/$1')
 3 SYSTEMPATH/Router/RouteCollection.php(340): require('/home/2025DIFAL3/e22308557/public_html/V1/ci/app/Config/Routes.php')
 4 SYSTEMPATH/CodeIgniter.php(823): CodeIgniter\Router\RouteCollection->loadRoutes()
 5 SYSTEMPATH/CodeIgniter.php(457): CodeIgniter\CodeIgniter->tryToRouteIt(null)
 6 SYSTEMPATH/CodeIgniter.php(355): CodeIgniter\CodeIgniter->handleRequest(null, Object(Config\Cache), false)
 7 SYSTEMPATH/Boot.php(325): CodeIgniter\CodeIgniter->run()
 8 SYSTEMPATH/Boot.php(67): CodeIgniter\Boot::runCodeIgniter(Object(CodeIgniter\CodeIgniter))
 9 FCPATH/index.php(56): CodeIgniter\Boot::bootWeb(Object(Config\Paths))
WARNING - 2025-11-25 14:03:01 --> [DEPRECATED] Creation of dynamic property App\Controllers\Compte::$model is deprecated in APPPATH/Controllers/Compte.php on line 11.
 1 SYSTEMPATH/CodeIgniter.php(903): App\Controllers\Compte->__construct()
 2 SYSTEMPATH/CodeIgniter.php(500): CodeIgniter\CodeIgniter->createController()
 3 SYSTEMPATH/CodeIgniter.php(355): CodeIgniter\CodeIgniter->handleRequest(null, Object(Config\Cache), false)
 4 SYSTEMPATH/Boot.php(325): CodeIgniter\CodeIgniter->run()
 5 SYSTEMPATH/Boot.php(67): CodeIgniter\Boot::runCodeIgniter(Object(CodeIgniter\CodeIgniter))
 6 FCPATH/index.php(56): CodeIgniter\Boot::bootWeb(Object(Config\Paths))
INFO - 2025-11-25 14:03:01 --> Session: Class initialized using 'CodeIgniter\Session\Handlers\FileHandler' driver.
WARNING - 2025-11-25 14:03:04 --> [DEPRECATED] Passing lowercase HTTP method "get" is deprecated. Use uppercase HTTP method like "GET". in SYSTEMPATH/Router/RouteCollection.php on line 1027.
 1 SYSTEMPATH/Router/RouteCollection.php(1027): trigger_error('Passing lowercase HTTP method "get" is deprecated. Use uppercase HTTP method like "GET".', 16384)
 2 APPPATH/Config/Routes.php(52): CodeIgniter\Router\RouteCollection->match([...], 'compte/repondre/(:num)', 'Compte::repondre/$1')
 3 SYSTEMPATH/Router/RouteCollection.php(340): require('/home/2025DIFAL3/e22308557/public_html/V1/ci/app/Config/Routes.php')
 4 SYSTEMPATH/CodeIgniter.php(823): CodeIgniter\Router\RouteCollection->loadRoutes()
 5 SYSTEMPATH/CodeIgniter.php(457): CodeIgniter\CodeIgniter->tryToRouteIt(null)
 6 SYSTEMPATH/CodeIgniter.php(355): CodeIgniter\CodeIgniter->handleRequest(null, Object(Config\Cache), false)
 7 SYSTEMPATH/Boot.php(325): CodeIgniter\CodeIgniter->run()
 8 SYSTEMPATH/Boot.php(67): CodeIgniter\Boot::runCodeIgniter(Object(CodeIgniter\CodeIgniter))
 9 FCPATH/index.php(56): CodeIgniter\Boot::bootWeb(Object(Config\Paths))
WARNING - 2025-11-25 14:03:04 --> [DEPRECATED] Passing lowercase HTTP method "post" is deprecated. Use uppercase HTTP method like "POST". in SYSTEMPATH/Router/RouteCollection.php on line 1027.
 1 SYSTEMPATH/Router/RouteCollection.php(1027): trigger_error('Passing lowercase HTTP method "post" is deprecated. Use uppercase HTTP method like "POST".', 16384)
 2 APPPATH/Config/Routes.php(52): CodeIgniter\Router\RouteCollection->match([...], 'compte/repondre/(:num)', 'Compte::repondre/$1')
 3 SYSTEMPATH/Router/RouteCollection.php(340): require('/home/2025DIFAL3/e22308557/public_html/V1/ci/app/Config/Routes.php')
 4 SYSTEMPATH/CodeIgniter.php(823): CodeIgniter\Router\RouteCollection->loadRoutes()
 5 SYSTEMPATH/CodeIgniter.php(457): CodeIgniter\CodeIgniter->tryToRouteIt(null)
 6 SYSTEMPATH/CodeIgniter.php(355): CodeIgniter\CodeIgniter->handleRequest(null, Object(Config\Cache), false)
 7 SYSTEMPATH/Boot.php(325): CodeIgniter\CodeIgniter->run()
 8 SYSTEMPATH/Boot.php(67): CodeIgniter\Boot::runCodeIgniter(Object(CodeIgniter\CodeIgniter))
 9 FCPATH/index.php(56): CodeIgniter\Boot::bootWeb(Object(Config\Paths))
WARNING - 2025-11-25 14:03:04 --> [DEPRECATED] Creation of dynamic property App\Controllers\Compte::$model is deprecated in APPPATH/Controllers/Compte.php on line 11.
 1 SYSTEMPATH/CodeIgniter.php(903): App\Controllers\Compte->__construct()
 2 SYSTEMPATH/CodeIgniter.php(500): CodeIgniter\CodeIgniter->createController()
 3 SYSTEMPATH/CodeIgniter.php(355): CodeIgniter\CodeIgniter->handleRequest(null, Object(Config\Cache), false)
 4 SYSTEMPATH/Boot.php(325): CodeIgniter\CodeIgniter->run()
 5 SYSTEMPATH/Boot.php(67): CodeIgniter\Boot::runCodeIgniter(Object(CodeIgniter\CodeIgniter))
 6 FCPATH/index.php(56): CodeIgniter\Boot::bootWeb(Object(Config\Paths))
INFO - 2025-11-25 14:03:04 --> Session: Class initialized using 'CodeIgniter\Session\Handlers\FileHandler' driver.
WARNING - 2025-11-25 14:06:19 --> [DEPRECATED] Passing lowercase HTTP method "get" is deprecated. Use uppercase HTTP method like "GET". in SYSTEMPATH/Router/RouteCollection.php on line 1027.
 1 SYSTEMPATH/Router/RouteCollection.php(1027): trigger_error('Passing lowercase HTTP method "get" is deprecated. Use uppercase HTTP method like "GET".', 16384)
 2 APPPATH/Config/Routes.php(52): CodeIgniter\Router\RouteCollection->match([...], 'compte/repondre/(:num)', 'Compte::repondre/$1')
 3 SYSTEMPATH/Router/RouteCollection.php(340): require('/home/2025DIFAL3/e22308557/public_html/V1/ci/app/Config/Routes.php')
 4 SYSTEMPATH/CodeIgniter.php(823): CodeIgniter\Router\RouteCollection->loadRoutes()
 5 SYSTEMPATH/CodeIgniter.php(457): CodeIgniter\CodeIgniter->tryToRouteIt(null)
 6 SYSTEMPATH/CodeIgniter.php(355): CodeIgniter\CodeIgniter->handleRequest(null, Object(Config\Cache), false)
 7 SYSTEMPATH/Boot.php(325): CodeIgniter\CodeIgniter->run()
 8 SYSTEMPATH/Boot.php(67): CodeIgniter\Boot::runCodeIgniter(Object(CodeIgniter\CodeIgniter))
 9 FCPATH/index.php(56): CodeIgniter\Boot::bootWeb(Object(Config\Paths))
WARNING - 2025-11-25 14:06:19 --> [DEPRECATED] Passing lowercase HTTP method "post" is deprecated. Use uppercase HTTP method like "POST". in SYSTEMPATH/Router/RouteCollection.php on line 1027.
 1 SYSTEMPATH/Router/RouteCollection.php(1027): trigger_error('Passing lowercase HTTP method "post" is deprecated. Use uppercase HTTP method like "POST".', 16384)
 2 APPPATH/Config/Routes.php(52): CodeIgniter\Router\RouteCollection->match([...], 'compte/repondre/(:num)', 'Compte::repondre/$1')
 3 SYSTEMPATH/Router/RouteCollection.php(340): require('/home/2025DIFAL3/e22308557/public_html/V1/ci/app/Config/Routes.php')
 4 SYSTEMPATH/CodeIgniter.php(823): CodeIgniter\Router\RouteCollection->loadRoutes()
 5 SYSTEMPATH/CodeIgniter.php(457): CodeIgniter\CodeIgniter->tryToRouteIt(null)
 6 SYSTEMPATH/CodeIgniter.php(355): CodeIgniter\CodeIgniter->handleRequest(null, Object(Config\Cache), false)
 7 SYSTEMPATH/Boot.php(325): CodeIgniter\CodeIgniter->run()
 8 SYSTEMPATH/Boot.php(67): CodeIgniter\Boot::runCodeIgniter(Object(CodeIgniter\CodeIgniter))
 9 FCPATH/index.php(56): CodeIgniter\Boot::bootWeb(Object(Config\Paths))
WARNING - 2025-11-25 14:06:19 --> [DEPRECATED] Creation of dynamic property App\Controllers\Compte::$model is deprecated in APPPATH/Controllers/Compte.php on line 11.
 1 SYSTEMPATH/CodeIgniter.php(903): App\Controllers\Compte->__construct()
 2 SYSTEMPATH/CodeIgniter.php(500): CodeIgniter\CodeIgniter->createController()
 3 SYSTEMPATH/CodeIgniter.php(355): CodeIgniter\CodeIgniter->handleRequest(null, Object(Config\Cache), false)
 4 SYSTEMPATH/Boot.php(325): CodeIgniter\CodeIgniter->run()
 5 SYSTEMPATH/Boot.php(67): CodeIgniter\Boot::runCodeIgniter(Object(CodeIgniter\CodeIgniter))
 6 FCPATH/index.php(56): CodeIgniter\Boot::bootWeb(Object(Config\Paths))
INFO - 2025-11-25 14:06:19 --> Session: Class initialized using 'CodeIgniter\Session\Handlers\FileHandler' driver.
WARNING - 2025-11-25 14:10:31 --> [DEPRECATED] Passing lowercase HTTP method "get" is deprecated. Use uppercase HTTP method like "GET". in SYSTEMPATH/Router/RouteCollection.php on line 1027.
 1 SYSTEMPATH/Router/RouteCollection.php(1027): trigger_error('Passing lowercase HTTP method "get" is deprecated. Use uppercase HTTP method like "GET".', 16384)
 2 APPPATH/Config/Routes.php(52): CodeIgniter\Router\RouteCollection->match([...], 'compte/repondre/(:num)', 'Compte::repondre/$1')
 3 SYSTEMPATH/Router/RouteCollection.php(340): require('/home/2025DIFAL3/e22308557/public_html/V1/ci/app/Config/Routes.php')
 4 SYSTEMPATH/CodeIgniter.php(823): CodeIgniter\Router\RouteCollection->loadRoutes()
 5 SYSTEMPATH/CodeIgniter.php(457): CodeIgniter\CodeIgniter->tryToRouteIt(null)
 6 SYSTEMPATH/CodeIgniter.php(355): CodeIgniter\CodeIgniter->handleRequest(null, Object(Config\Cache), false)
 7 SYSTEMPATH/Boot.php(325): CodeIgniter\CodeIgniter->run()
 8 SYSTEMPATH/Boot.php(67): CodeIgniter\Boot::runCodeIgniter(Object(CodeIgniter\CodeIgniter))
 9 FCPATH/index.php(56): CodeIgniter\Boot::bootWeb(Object(Config\Paths))
WARNING - 2025-11-25 14:10:31 --> [DEPRECATED] Passing lowercase HTTP method "post" is deprecated. Use uppercase HTTP method like "POST". in SYSTEMPATH/Router/RouteCollection.php on line 1027.
 1 SYSTEMPATH/Router/RouteCollection.php(1027): trigger_error('Passing lowercase HTTP method "post" is deprecated. Use uppercase HTTP method like "POST".', 16384)
 2 APPPATH/Config/Routes.php(52): CodeIgniter\Router\RouteCollection->match([...], 'compte/repondre/(:num)', 'Compte::repondre/$1')
 3 SYSTEMPATH/Router/RouteCollection.php(340): require('/home/2025DIFAL3/e22308557/public_html/V1/ci/app/Config/Routes.php')
 4 SYSTEMPATH/CodeIgniter.php(823): CodeIgniter\Router\RouteCollection->loadRoutes()
 5 SYSTEMPATH/CodeIgniter.php(457): CodeIgniter\CodeIgniter->tryToRouteIt(null)
 6 SYSTEMPATH/CodeIgniter.php(355): CodeIgniter\CodeIgniter->handleRequest(null, Object(Config\Cache), false)
 7 SYSTEMPATH/Boot.php(325): CodeIgniter\CodeIgniter->run()
 8 SYSTEMPATH/Boot.php(67): CodeIgniter\Boot::runCodeIgniter(Object(CodeIgniter\CodeIgniter))
 9 FCPATH/index.php(56): CodeIgniter\Boot::bootWeb(Object(Config\Paths))
WARNING - 2025-11-25 14:10:31 --> [DEPRECATED] Creation of dynamic property App\Controllers\Compte::$model is deprecated in APPPATH/Controllers/Compte.php on line 11.
 1 SYSTEMPATH/CodeIgniter.php(903): App\Controllers\Compte->__construct()
 2 SYSTEMPATH/CodeIgniter.php(500): CodeIgniter\CodeIgniter->createController()
 3 SYSTEMPATH/CodeIgniter.php(355): CodeIgniter\CodeIgniter->handleRequest(null, Object(Config\Cache), false)
 4 SYSTEMPATH/Boot.php(325): CodeIgniter\CodeIgniter->run()
 5 SYSTEMPATH/Boot.php(67): CodeIgniter\Boot::runCodeIgniter(Object(CodeIgniter\CodeIgniter))
 6 FCPATH/index.php(56): CodeIgniter\Boot::bootWeb(Object(Config\Paths))
INFO - 2025-11-25 14:10:31 --> Session: Class initialized using 'CodeIgniter\Session\Handlers\FileHandler' driver.
WARNING - 2025-11-25 14:10:37 --> [DEPRECATED] Passing lowercase HTTP method "get" is deprecated. Use uppercase HTTP method like "GET". in SYSTEMPATH/Router/RouteCollection.php on line 1027.
 1 SYSTEMPATH/Router/RouteCollection.php(1027): trigger_error('Passing lowercase HTTP method "get" is deprecated. Use uppercase HTTP method like "GET".', 16384)
 2 APPPATH/Config/Routes.php(52): CodeIgniter\Router\RouteCollection->match([...], 'compte/repondre/(:num)', 'Compte::repondre/$1')
 3 SYSTEMPATH/Router/RouteCollection.php(340): require('/home/2025DIFAL3/e22308557/public_html/V1/ci/app/Config/Routes.php')
 4 SYSTEMPATH/CodeIgniter.php(823): CodeIgniter\Router\RouteCollection->loadRoutes()
 5 SYSTEMPATH/CodeIgniter.php(457): CodeIgniter\CodeIgniter->tryToRouteIt(null)
 6 SYSTEMPATH/CodeIgniter.php(355): CodeIgniter\CodeIgniter->handleRequest(null, Object(Config\Cache), false)
 7 SYSTEMPATH/Boot.php(325): CodeIgniter\CodeIgniter->run()
 8 SYSTEMPATH/Boot.php(67): CodeIgniter\Boot::runCodeIgniter(Object(CodeIgniter\CodeIgniter))
 9 FCPATH/index.php(56): CodeIgniter\Boot::bootWeb(Object(Config\Paths))
WARNING - 2025-11-25 14:10:37 --> [DEPRECATED] Passing lowercase HTTP method "post" is deprecated. Use uppercase HTTP method like "POST". in SYSTEMPATH/Router/RouteCollection.php on line 1027.
 1 SYSTEMPATH/Router/RouteCollection.php(1027): trigger_error('Passing lowercase HTTP method "post" is deprecated. Use uppercase HTTP method like "POST".', 16384)
 2 APPPATH/Config/Routes.php(52): CodeIgniter\Router\RouteCollection->match([...], 'compte/repondre/(:num)', 'Compte::repondre/$1')
 3 SYSTEMPATH/Router/RouteCollection.php(340): require('/home/2025DIFAL3/e22308557/public_html/V1/ci/app/Config/Routes.php')
 4 SYSTEMPATH/CodeIgniter.php(823): CodeIgniter\Router\RouteCollection->loadRoutes()
 5 SYSTEMPATH/CodeIgniter.php(457): CodeIgniter\CodeIgniter->tryToRouteIt(null)
 6 SYSTEMPATH/CodeIgniter.php(355): CodeIgniter\CodeIgniter->handleRequest(null, Object(Config\Cache), false)
 7 SYSTEMPATH/Boot.php(325): CodeIgniter\CodeIgniter->run()
 8 SYSTEMPATH/Boot.php(67): CodeIgniter\Boot::runCodeIgniter(Object(CodeIgniter\CodeIgniter))
 9 FCPATH/index.php(56): CodeIgniter\Boot::bootWeb(Object(Config\Paths))
WARNING - 2025-11-25 14:10:37 --> [DEPRECATED] Creation of dynamic property App\Controllers\Compte::$model is deprecated in APPPATH/Controllers/Compte.php on line 11.
 1 SYSTEMPATH/CodeIgniter.php(903): App\Controllers\Compte->__construct()
 2 SYSTEMPATH/CodeIgniter.php(500): CodeIgniter\CodeIgniter->createController()
 3 SYSTEMPATH/CodeIgniter.php(355): CodeIgniter\CodeIgniter->handleRequest(null, Object(Config\Cache), false)
 4 SYSTEMPATH/Boot.php(325): CodeIgniter\CodeIgniter->run()
 5 SYSTEMPATH/Boot.php(67): CodeIgniter\Boot::runCodeIgniter(Object(CodeIgniter\CodeIgniter))
 6 FCPATH/index.php(56): CodeIgniter\Boot::bootWeb(Object(Config\Paths))
INFO - 2025-11-25 14:10:37 --> Session: Class initialized using 'CodeIgniter\Session\Handlers\FileHandler' driver.
WARNING - 2025-11-25 14:11:00 --> [DEPRECATED] Passing lowercase HTTP method "get" is deprecated. Use uppercase HTTP method like "GET". in SYSTEMPATH/Router/RouteCollection.php on line 1027.
 1 SYSTEMPATH/Router/RouteCollection.php(1027): trigger_error('Passing lowercase HTTP method "get" is deprecated. Use uppercase HTTP method like "GET".', 16384)
 2 APPPATH/Config/Routes.php(52): CodeIgniter\Router\RouteCollection->match([...], 'compte/repondre/(:num)', 'Compte::repondre/$1')
 3 SYSTEMPATH/Router/RouteCollection.php(340): require('/home/2025DIFAL3/e22308557/public_html/V1/ci/app/Config/Routes.php')
 4 SYSTEMPATH/CodeIgniter.php(823): CodeIgniter\Router\RouteCollection->loadRoutes()
 5 SYSTEMPATH/CodeIgniter.php(457): CodeIgniter\CodeIgniter->tryToRouteIt(null)
 6 SYSTEMPATH/CodeIgniter.php(355): CodeIgniter\CodeIgniter->handleRequest(null, Object(Config\Cache), false)
 7 SYSTEMPATH/Boot.php(325): CodeIgniter\CodeIgniter->run()
 8 SYSTEMPATH/Boot.php(67): CodeIgniter\Boot::runCodeIgniter(Object(CodeIgniter\CodeIgniter))
 9 FCPATH/index.php(56): CodeIgniter\Boot::bootWeb(Object(Config\Paths))
WARNING - 2025-11-25 14:11:00 --> [DEPRECATED] Passing lowercase HTTP method "post" is deprecated. Use uppercase HTTP method like "POST". in SYSTEMPATH/Router/RouteCollection.php on line 1027.
 1 SYSTEMPATH/Router/RouteCollection.php(1027): trigger_error('Passing lowercase HTTP method "post" is deprecated. Use uppercase HTTP method like "POST".', 16384)
 2 APPPATH/Config/Routes.php(52): CodeIgniter\Router\RouteCollection->match([...], 'compte/repondre/(:num)', 'Compte::repondre/$1')
 3 SYSTEMPATH/Router/RouteCollection.php(340): require('/home/2025DIFAL3/e22308557/public_html/V1/ci/app/Config/Routes.php')
 4 SYSTEMPATH/CodeIgniter.php(823): CodeIgniter\Router\RouteCollection->loadRoutes()
 5 SYSTEMPATH/CodeIgniter.php(457): CodeIgniter\CodeIgniter->tryToRouteIt(null)
 6 SYSTEMPATH/CodeIgniter.php(355): CodeIgniter\CodeIgniter->handleRequest(null, Object(Config\Cache), false)
 7 SYSTEMPATH/Boot.php(325): CodeIgniter\CodeIgniter->run()
 8 SYSTEMPATH/Boot.php(67): CodeIgniter\Boot::runCodeIgniter(Object(CodeIgniter\CodeIgniter))
 9 FCPATH/index.php(56): CodeIgniter\Boot::bootWeb(Object(Config\Paths))
WARNING - 2025-11-25 14:11:00 --> [DEPRECATED] Creation of dynamic property App\Controllers\Compte::$model is deprecated in APPPATH/Controllers/Compte.php on line 11.
 1 SYSTEMPATH/CodeIgniter.php(903): App\Controllers\Compte->__construct()
 2 SYSTEMPATH/CodeIgniter.php(500): CodeIgniter\CodeIgniter->createController()
 3 SYSTEMPATH/CodeIgniter.php(355): CodeIgniter\CodeIgniter->handleRequest(null, Object(Config\Cache), false)
 4 SYSTEMPATH/Boot.php(325): CodeIgniter\CodeIgniter->run()
 5 SYSTEMPATH/Boot.php(67): CodeIgniter\Boot::runCodeIgniter(Object(CodeIgniter\CodeIgniter))
 6 FCPATH/index.php(56): CodeIgniter\Boot::bootWeb(Object(Config\Paths))
INFO - 2025-11-25 14:11:00 --> Session: Class initialized using 'CodeIgniter\Session\Handlers\FileHandler' driver.
WARNING - 2025-11-25 14:33:40 --> [DEPRECATED] Passing lowercase HTTP method "get" is deprecated. Use uppercase HTTP method like "GET". in SYSTEMPATH/Router/RouteCollection.php on line 1027.
 1 SYSTEMPATH/Router/RouteCollection.php(1027): trigger_error('Passing lowercase HTTP method "get" is deprecated. Use uppercase HTTP method like "GET".', 16384)
 2 APPPATH/Config/Routes.php(52): CodeIgniter\Router\RouteCollection->match([...], 'compte/repondre/(:num)', 'Compte::repondre/$1')
 3 SYSTEMPATH/Router/RouteCollection.php(340): require('/home/2025DIFAL3/e22308557/public_html/V1/ci/app/Config/Routes.php')
 4 SYSTEMPATH/CodeIgniter.php(823): CodeIgniter\Router\RouteCollection->loadRoutes()
 5 SYSTEMPATH/CodeIgniter.php(457): CodeIgniter\CodeIgniter->tryToRouteIt(null)
 6 SYSTEMPATH/CodeIgniter.php(355): CodeIgniter\CodeIgniter->handleRequest(null, Object(Config\Cache), false)
 7 SYSTEMPATH/Boot.php(325): CodeIgniter\CodeIgniter->run()
 8 SYSTEMPATH/Boot.php(67): CodeIgniter\Boot::runCodeIgniter(Object(CodeIgniter\CodeIgniter))
 9 FCPATH/index.php(56): CodeIgniter\Boot::bootWeb(Object(Config\Paths))
WARNING - 2025-11-25 14:33:40 --> [DEPRECATED] Passing lowercase HTTP method "post" is deprecated. Use uppercase HTTP method like "POST". in SYSTEMPATH/Router/RouteCollection.php on line 1027.
 1 SYSTEMPATH/Router/RouteCollection.php(1027): trigger_error('Passing lowercase HTTP method "post" is deprecated. Use uppercase HTTP method like "POST".', 16384)
 2 APPPATH/Config/Routes.php(52): CodeIgniter\Router\RouteCollection->match([...], 'compte/repondre/(:num)', 'Compte::repondre/$1')
 3 SYSTEMPATH/Router/RouteCollection.php(340): require('/home/2025DIFAL3/e22308557/public_html/V1/ci/app/Config/Routes.php')
 4 SYSTEMPATH/CodeIgniter.php(823): CodeIgniter\Router\RouteCollection->loadRoutes()
 5 SYSTEMPATH/CodeIgniter.php(457): CodeIgniter\CodeIgniter->tryToRouteIt(null)
 6 SYSTEMPATH/CodeIgniter.php(355): CodeIgniter\CodeIgniter->handleRequest(null, Object(Config\Cache), false)
 7 SYSTEMPATH/Boot.php(325): CodeIgniter\CodeIgniter->run()
 8 SYSTEMPATH/Boot.php(67): CodeIgniter\Boot::runCodeIgniter(Object(CodeIgniter\CodeIgniter))
 9 FCPATH/index.php(56): CodeIgniter\Boot::bootWeb(Object(Config\Paths))
WARNING - 2025-11-25 14:33:40 --> [DEPRECATED] Creation of dynamic property App\Controllers\Compte::$model is deprecated in APPPATH/Controllers/Compte.php on line 11.
 1 SYSTEMPATH/CodeIgniter.php(903): App\Controllers\Compte->__construct()
 2 SYSTEMPATH/CodeIgniter.php(500): CodeIgniter\CodeIgniter->createController()
 3 SYSTEMPATH/CodeIgniter.php(355): CodeIgniter\CodeIgniter->handleRequest(null, Object(Config\Cache), false)
 4 SYSTEMPATH/Boot.php(325): CodeIgniter\CodeIgniter->run()
 5 SYSTEMPATH/Boot.php(67): CodeIgniter\Boot::runCodeIgniter(Object(CodeIgniter\CodeIgniter))
 6 FCPATH/index.php(56): CodeIgniter\Boot::bootWeb(Object(Config\Paths))
INFO - 2025-11-25 14:33:40 --> Session: Class initialized using 'CodeIgniter\Session\Handlers\FileHandler' driver.
WARNING - 2025-11-25 14:34:34 --> [DEPRECATED] Passing lowercase HTTP method "get" is deprecated. Use uppercase HTTP method like "GET". in SYSTEMPATH/Router/RouteCollection.php on line 1027.
 1 SYSTEMPATH/Router/RouteCollection.php(1027): trigger_error('Passing lowercase HTTP method "get" is deprecated. Use uppercase HTTP method like "GET".', 16384)
 2 APPPATH/Config/Routes.php(52): CodeIgniter\Router\RouteCollection->match([...], 'compte/repondre/(:num)', 'Compte::repondre/$1')
 3 SYSTEMPATH/Router/RouteCollection.php(340): require('/home/2025DIFAL3/e22308557/public_html/V1/ci/app/Config/Routes.php')
 4 SYSTEMPATH/CodeIgniter.php(823): CodeIgniter\Router\RouteCollection->loadRoutes()
 5 SYSTEMPATH/CodeIgniter.php(457): CodeIgniter\CodeIgniter->tryToRouteIt(null)
 6 SYSTEMPATH/CodeIgniter.php(355): CodeIgniter\CodeIgniter->handleRequest(null, Object(Config\Cache), false)
 7 SYSTEMPATH/Boot.php(325): CodeIgniter\CodeIgniter->run()
 8 SYSTEMPATH/Boot.php(67): CodeIgniter\Boot::runCodeIgniter(Object(CodeIgniter\CodeIgniter))
 9 FCPATH/index.php(56): CodeIgniter\Boot::bootWeb(Object(Config\Paths))
WARNING - 2025-11-25 14:34:34 --> [DEPRECATED] Passing lowercase HTTP method "post" is deprecated. Use uppercase HTTP method like "POST". in SYSTEMPATH/Router/RouteCollection.php on line 1027.
 1 SYSTEMPATH/Router/RouteCollection.php(1027): trigger_error('Passing lowercase HTTP method "post" is deprecated. Use uppercase HTTP method like "POST".', 16384)
 2 APPPATH/Config/Routes.php(52): CodeIgniter\Router\RouteCollection->match([...], 'compte/repondre/(:num)', 'Compte::repondre/$1')
 3 SYSTEMPATH/Router/RouteCollection.php(340): require('/home/2025DIFAL3/e22308557/public_html/V1/ci/app/Config/Routes.php')
 4 SYSTEMPATH/CodeIgniter.php(823): CodeIgniter\Router\RouteCollection->loadRoutes()
 5 SYSTEMPATH/CodeIgniter.php(457): CodeIgniter\CodeIgniter->tryToRouteIt(null)
 6 SYSTEMPATH/CodeIgniter.php(355): CodeIgniter\CodeIgniter->handleRequest(null, Object(Config\Cache), false)
 7 SYSTEMPATH/Boot.php(325): CodeIgniter\CodeIgniter->run()
 8 SYSTEMPATH/Boot.php(67): CodeIgniter\Boot::runCodeIgniter(Object(CodeIgniter\CodeIgniter))
 9 FCPATH/index.php(56): CodeIgniter\Boot::bootWeb(Object(Config\Paths))
WARNING - 2025-11-25 14:34:34 --> [DEPRECATED] Creation of dynamic property App\Controllers\Compte::$model is deprecated in APPPATH/Controllers/Compte.php on line 11.
 1 SYSTEMPATH/CodeIgniter.php(903): App\Controllers\Compte->__construct()
 2 SYSTEMPATH/CodeIgniter.php(500): CodeIgniter\CodeIgniter->createController()
 3 SYSTEMPATH/CodeIgniter.php(355): CodeIgniter\CodeIgniter->handleRequest(null, Object(Config\Cache), false)
 4 SYSTEMPATH/Boot.php(325): CodeIgniter\CodeIgniter->run()
 5 SYSTEMPATH/Boot.php(67): CodeIgniter\Boot::runCodeIgniter(Object(CodeIgniter\CodeIgniter))
 6 FCPATH/index.php(56): CodeIgniter\Boot::bootWeb(Object(Config\Paths))
INFO - 2025-11-25 14:34:34 --> Session: Class initialized using 'CodeIgniter\Session\Handlers\FileHandler' driver.
WARNING - 2025-11-25 14:34:36 --> [DEPRECATED] Passing lowercase HTTP method "get" is deprecated. Use uppercase HTTP method like "GET". in SYSTEMPATH/Router/RouteCollection.php on line 1027.
 1 SYSTEMPATH/Router/RouteCollection.php(1027): trigger_error('Passing lowercase HTTP method "get" is deprecated. Use uppercase HTTP method like "GET".', 16384)
 2 APPPATH/Config/Routes.php(52): CodeIgniter\Router\RouteCollection->match([...], 'compte/repondre/(:num)', 'Compte::repondre/$1')
 3 SYSTEMPATH/Router/RouteCollection.php(340): require('/home/2025DIFAL3/e22308557/public_html/V1/ci/app/Config/Routes.php')
 4 SYSTEMPATH/CodeIgniter.php(823): CodeIgniter\Router\RouteCollection->loadRoutes()
 5 SYSTEMPATH/CodeIgniter.php(457): CodeIgniter\CodeIgniter->tryToRouteIt(null)
 6 SYSTEMPATH/CodeIgniter.php(355): CodeIgniter\CodeIgniter->handleRequest(null, Object(Config\Cache), false)
 7 SYSTEMPATH/Boot.php(325): CodeIgniter\CodeIgniter->run()
 8 SYSTEMPATH/Boot.php(67): CodeIgniter\Boot::runCodeIgniter(Object(CodeIgniter\CodeIgniter))
 9 FCPATH/index.php(56): CodeIgniter\Boot::bootWeb(Object(Config\Paths))
WARNING - 2025-11-25 14:34:36 --> [DEPRECATED] Passing lowercase HTTP method "post" is deprecated. Use uppercase HTTP method like "POST". in SYSTEMPATH/Router/RouteCollection.php on line 1027.
 1 SYSTEMPATH/Router/RouteCollection.php(1027): trigger_error('Passing lowercase HTTP method "post" is deprecated. Use uppercase HTTP method like "POST".', 16384)
 2 APPPATH/Config/Routes.php(52): CodeIgniter\Router\RouteCollection->match([...], 'compte/repondre/(:num)', 'Compte::repondre/$1')
 3 SYSTEMPATH/Router/RouteCollection.php(340): require('/home/2025DIFAL3/e22308557/public_html/V1/ci/app/Config/Routes.php')
 4 SYSTEMPATH/CodeIgniter.php(823): CodeIgniter\Router\RouteCollection->loadRoutes()
 5 SYSTEMPATH/CodeIgniter.php(457): CodeIgniter\CodeIgniter->tryToRouteIt(null)
 6 SYSTEMPATH/CodeIgniter.php(355): CodeIgniter\CodeIgniter->handleRequest(null, Object(Config\Cache), false)
 7 SYSTEMPATH/Boot.php(325): CodeIgniter\CodeIgniter->run()
 8 SYSTEMPATH/Boot.php(67): CodeIgniter\Boot::runCodeIgniter(Object(CodeIgniter\CodeIgniter))
 9 FCPATH/index.php(56): CodeIgniter\Boot::bootWeb(Object(Config\Paths))
WARNING - 2025-11-25 14:34:36 --> [DEPRECATED] Creation of dynamic property App\Controllers\Compte::$model is deprecated in APPPATH/Controllers/Compte.php on line 11.
 1 SYSTEMPATH/CodeIgniter.php(903): App\Controllers\Compte->__construct()
 2 SYSTEMPATH/CodeIgniter.php(500): CodeIgniter\CodeIgniter->createController()
 3 SYSTEMPATH/CodeIgniter.php(355): CodeIgniter\CodeIgniter->handleRequest(null, Object(Config\Cache), false)
 4 SYSTEMPATH/Boot.php(325): CodeIgniter\CodeIgniter->run()
 5 SYSTEMPATH/Boot.php(67): CodeIgniter\Boot::runCodeIgniter(Object(CodeIgniter\CodeIgniter))
 6 FCPATH/index.php(56): CodeIgniter\Boot::bootWeb(Object(Config\Paths))
INFO - 2025-11-25 14:34:36 --> Session: Class initialized using 'CodeIgniter\Session\Handlers\FileHandler' driver.
WARNING - 2025-11-25 14:34:45 --> [DEPRECATED] Passing lowercase HTTP method "get" is deprecated. Use uppercase HTTP method like "GET". in SYSTEMPATH/Router/RouteCollection.php on line 1027.
 1 SYSTEMPATH/Router/RouteCollection.php(1027): trigger_error('Passing lowercase HTTP method "get" is deprecated. Use uppercase HTTP method like "GET".', 16384)
 2 APPPATH/Config/Routes.php(52): CodeIgniter\Router\RouteCollection->match([...], 'compte/repondre/(:num)', 'Compte::repondre/$1')
 3 SYSTEMPATH/Router/RouteCollection.php(340): require('/home/2025DIFAL3/e22308557/public_html/V1/ci/app/Config/Routes.php')
 4 SYSTEMPATH/CodeIgniter.php(823): CodeIgniter\Router\RouteCollection->loadRoutes()
 5 SYSTEMPATH/CodeIgniter.php(457): CodeIgniter\CodeIgniter->tryToRouteIt(null)
 6 SYSTEMPATH/CodeIgniter.php(355): CodeIgniter\CodeIgniter->handleRequest(null, Object(Config\Cache), false)
 7 SYSTEMPATH/Boot.php(325): CodeIgniter\CodeIgniter->run()
 8 SYSTEMPATH/Boot.php(67): CodeIgniter\Boot::runCodeIgniter(Object(CodeIgniter\CodeIgniter))
 9 FCPATH/index.php(56): CodeIgniter\Boot::bootWeb(Object(Config\Paths))
WARNING - 2025-11-25 14:34:45 --> [DEPRECATED] Passing lowercase HTTP method "post" is deprecated. Use uppercase HTTP method like "POST". in SYSTEMPATH/Router/RouteCollection.php on line 1027.
 1 SYSTEMPATH/Router/RouteCollection.php(1027): trigger_error('Passing lowercase HTTP method "post" is deprecated. Use uppercase HTTP method like "POST".', 16384)
 2 APPPATH/Config/Routes.php(52): CodeIgniter\Router\RouteCollection->match([...], 'compte/repondre/(:num)', 'Compte::repondre/$1')
 3 SYSTEMPATH/Router/RouteCollection.php(340): require('/home/2025DIFAL3/e22308557/public_html/V1/ci/app/Config/Routes.php')
 4 SYSTEMPATH/CodeIgniter.php(823): CodeIgniter\Router\RouteCollection->loadRoutes()
 5 SYSTEMPATH/CodeIgniter.php(457): CodeIgniter\CodeIgniter->tryToRouteIt(null)
 6 SYSTEMPATH/CodeIgniter.php(355): CodeIgniter\CodeIgniter->handleRequest(null, Object(Config\Cache), false)
 7 SYSTEMPATH/Boot.php(325): CodeIgniter\CodeIgniter->run()
 8 SYSTEMPATH/Boot.php(67): CodeIgniter\Boot::runCodeIgniter(Object(CodeIgniter\CodeIgniter))
 9 FCPATH/index.php(56): CodeIgniter\Boot::bootWeb(Object(Config\Paths))
WARNING - 2025-11-25 14:34:45 --> [DEPRECATED] Creation of dynamic property App\Controllers\Compte::$model is deprecated in APPPATH/Controllers/Compte.php on line 11.
 1 SYSTEMPATH/CodeIgniter.php(903): App\Controllers\Compte->__construct()
 2 SYSTEMPATH/CodeIgniter.php(500): CodeIgniter\CodeIgniter->createController()
 3 SYSTEMPATH/CodeIgniter.php(355): CodeIgniter\CodeIgniter->handleRequest(null, Object(Config\Cache), false)
 4 SYSTEMPATH/Boot.php(325): CodeIgniter\CodeIgniter->run()
 5 SYSTEMPATH/Boot.php(67): CodeIgniter\Boot::runCodeIgniter(Object(CodeIgniter\CodeIgniter))
 6 FCPATH/index.php(56): CodeIgniter\Boot::bootWeb(Object(Config\Paths))
INFO - 2025-11-25 14:34:45 --> Session: Class initialized using 'CodeIgniter\Session\Handlers\FileHandler' driver.
WARNING - 2025-11-25 14:34:47 --> [DEPRECATED] Passing lowercase HTTP method "get" is deprecated. Use uppercase HTTP method like "GET". in SYSTEMPATH/Router/RouteCollection.php on line 1027.
 1 SYSTEMPATH/Router/RouteCollection.php(1027): trigger_error('Passing lowercase HTTP method "get" is deprecated. Use uppercase HTTP method like "GET".', 16384)
 2 APPPATH/Config/Routes.php(52): CodeIgniter\Router\RouteCollection->match([...], 'compte/repondre/(:num)', 'Compte::repondre/$1')
 3 SYSTEMPATH/Router/RouteCollection.php(340): require('/home/2025DIFAL3/e22308557/public_html/V1/ci/app/Config/Routes.php')
 4 SYSTEMPATH/CodeIgniter.php(823): CodeIgniter\Router\RouteCollection->loadRoutes()
 5 SYSTEMPATH/CodeIgniter.php(457): CodeIgniter\CodeIgniter->tryToRouteIt(null)
 6 SYSTEMPATH/CodeIgniter.php(355): CodeIgniter\CodeIgniter->handleRequest(null, Object(Config\Cache), false)
 7 SYSTEMPATH/Boot.php(325): CodeIgniter\CodeIgniter->run()
 8 SYSTEMPATH/Boot.php(67): CodeIgniter\Boot::runCodeIgniter(Object(CodeIgniter\CodeIgniter))
 9 FCPATH/index.php(56): CodeIgniter\Boot::bootWeb(Object(Config\Paths))
WARNING - 2025-11-25 14:34:47 --> [DEPRECATED] Passing lowercase HTTP method "post" is deprecated. Use uppercase HTTP method like "POST". in SYSTEMPATH/Router/RouteCollection.php on line 1027.
 1 SYSTEMPATH/Router/RouteCollection.php(1027): trigger_error('Passing lowercase HTTP method "post" is deprecated. Use uppercase HTTP method like "POST".', 16384)
 2 APPPATH/Config/Routes.php(52): CodeIgniter\Router\RouteCollection->match([...], 'compte/repondre/(:num)', 'Compte::repondre/$1')
 3 SYSTEMPATH/Router/RouteCollection.php(340): require('/home/2025DIFAL3/e22308557/public_html/V1/ci/app/Config/Routes.php')
 4 SYSTEMPATH/CodeIgniter.php(823): CodeIgniter\Router\RouteCollection->loadRoutes()
 5 SYSTEMPATH/CodeIgniter.php(457): CodeIgniter\CodeIgniter->tryToRouteIt(null)
 6 SYSTEMPATH/CodeIgniter.php(355): CodeIgniter\CodeIgniter->handleRequest(null, Object(Config\Cache), false)
 7 SYSTEMPATH/Boot.php(325): CodeIgniter\CodeIgniter->run()
 8 SYSTEMPATH/Boot.php(67): CodeIgniter\Boot::runCodeIgniter(Object(CodeIgniter\CodeIgniter))
 9 FCPATH/index.php(56): CodeIgniter\Boot::bootWeb(Object(Config\Paths))
WARNING - 2025-11-25 14:34:47 --> [DEPRECATED] Creation of dynamic property App\Controllers\Compte::$model is deprecated in APPPATH/Controllers/Compte.php on line 11.
 1 SYSTEMPATH/CodeIgniter.php(903): App\Controllers\Compte->__construct()
 2 SYSTEMPATH/CodeIgniter.php(500): CodeIgniter\CodeIgniter->createController()
 3 SYSTEMPATH/CodeIgniter.php(355): CodeIgniter\CodeIgniter->handleRequest(null, Object(Config\Cache), false)
 4 SYSTEMPATH/Boot.php(325): CodeIgniter\CodeIgniter->run()
 5 SYSTEMPATH/Boot.php(67): CodeIgniter\Boot::runCodeIgniter(Object(CodeIgniter\CodeIgniter))
 6 FCPATH/index.php(56): CodeIgniter\Boot::bootWeb(Object(Config\Paths))
INFO - 2025-11-25 14:34:47 --> Session: Class initialized using 'CodeIgniter\Session\Handlers\FileHandler' driver.
WARNING - 2025-11-25 14:34:51 --> [DEPRECATED] Passing lowercase HTTP method "get" is deprecated. Use uppercase HTTP method like "GET". in SYSTEMPATH/Router/RouteCollection.php on line 1027.
 1 SYSTEMPATH/Router/RouteCollection.php(1027): trigger_error('Passing lowercase HTTP method "get" is deprecated. Use uppercase HTTP method like "GET".', 16384)
 2 APPPATH/Config/Routes.php(52): CodeIgniter\Router\RouteCollection->match([...], 'compte/repondre/(:num)', 'Compte::repondre/$1')
 3 SYSTEMPATH/Router/RouteCollection.php(340): require('/home/2025DIFAL3/e22308557/public_html/V1/ci/app/Config/Routes.php')
 4 SYSTEMPATH/CodeIgniter.php(823): CodeIgniter\Router\RouteCollection->loadRoutes()
 5 SYSTEMPATH/CodeIgniter.php(457): CodeIgniter\CodeIgniter->tryToRouteIt(null)
 6 SYSTEMPATH/CodeIgniter.php(355): CodeIgniter\CodeIgniter->handleRequest(null, Object(Config\Cache), false)
 7 SYSTEMPATH/Boot.php(325): CodeIgniter\CodeIgniter->run()
 8 SYSTEMPATH/Boot.php(67): CodeIgniter\Boot::runCodeIgniter(Object(CodeIgniter\CodeIgniter))
 9 FCPATH/index.php(56): CodeIgniter\Boot::bootWeb(Object(Config\Paths))
WARNING - 2025-11-25 14:34:51 --> [DEPRECATED] Passing lowercase HTTP method "post" is deprecated. Use uppercase HTTP method like "POST". in SYSTEMPATH/Router/RouteCollection.php on line 1027.
 1 SYSTEMPATH/Router/RouteCollection.php(1027): trigger_error('Passing lowercase HTTP method "post" is deprecated. Use uppercase HTTP method like "POST".', 16384)
 2 APPPATH/Config/Routes.php(52): CodeIgniter\Router\RouteCollection->match([...], 'compte/repondre/(:num)', 'Compte::repondre/$1')
 3 SYSTEMPATH/Router/RouteCollection.php(340): require('/home/2025DIFAL3/e22308557/public_html/V1/ci/app/Config/Routes.php')
 4 SYSTEMPATH/CodeIgniter.php(823): CodeIgniter\Router\RouteCollection->loadRoutes()
 5 SYSTEMPATH/CodeIgniter.php(457): CodeIgniter\CodeIgniter->tryToRouteIt(null)
 6 SYSTEMPATH/CodeIgniter.php(355): CodeIgniter\CodeIgniter->handleRequest(null, Object(Config\Cache), false)
 7 SYSTEMPATH/Boot.php(325): CodeIgniter\CodeIgniter->run()
 8 SYSTEMPATH/Boot.php(67): CodeIgniter\Boot::runCodeIgniter(Object(CodeIgniter\CodeIgniter))
 9 FCPATH/index.php(56): CodeIgniter\Boot::bootWeb(Object(Config\Paths))
WARNING - 2025-11-25 14:34:54 --> [DEPRECATED] Passing lowercase HTTP method "get" is deprecated. Use uppercase HTTP method like "GET". in SYSTEMPATH/Router/RouteCollection.php on line 1027.
 1 SYSTEMPATH/Router/RouteCollection.php(1027): trigger_error('Passing lowercase HTTP method "get" is deprecated. Use uppercase HTTP method like "GET".', 16384)
 2 APPPATH/Config/Routes.php(52): CodeIgniter\Router\RouteCollection->match([...], 'compte/repondre/(:num)', 'Compte::repondre/$1')
 3 SYSTEMPATH/Router/RouteCollection.php(340): require('/home/2025DIFAL3/e22308557/public_html/V1/ci/app/Config/Routes.php')
 4 SYSTEMPATH/CodeIgniter.php(823): CodeIgniter\Router\RouteCollection->loadRoutes()
 5 SYSTEMPATH/CodeIgniter.php(457): CodeIgniter\CodeIgniter->tryToRouteIt(null)
 6 SYSTEMPATH/CodeIgniter.php(355): CodeIgniter\CodeIgniter->handleRequest(null, Object(Config\Cache), false)
 7 SYSTEMPATH/Boot.php(325): CodeIgniter\CodeIgniter->run()
 8 SYSTEMPATH/Boot.php(67): CodeIgniter\Boot::runCodeIgniter(Object(CodeIgniter\CodeIgniter))
 9 FCPATH/index.php(56): CodeIgniter\Boot::bootWeb(Object(Config\Paths))
WARNING - 2025-11-25 14:34:54 --> [DEPRECATED] Passing lowercase HTTP method "post" is deprecated. Use uppercase HTTP method like "POST". in SYSTEMPATH/Router/RouteCollection.php on line 1027.
 1 SYSTEMPATH/Router/RouteCollection.php(1027): trigger_error('Passing lowercase HTTP method "post" is deprecated. Use uppercase HTTP method like "POST".', 16384)
 2 APPPATH/Config/Routes.php(52): CodeIgniter\Router\RouteCollection->match([...], 'compte/repondre/(:num)', 'Compte::repondre/$1')
 3 SYSTEMPATH/Router/RouteCollection.php(340): require('/home/2025DIFAL3/e22308557/public_html/V1/ci/app/Config/Routes.php')
 4 SYSTEMPATH/CodeIgniter.php(823): CodeIgniter\Router\RouteCollection->loadRoutes()
 5 SYSTEMPATH/CodeIgniter.php(457): CodeIgniter\CodeIgniter->tryToRouteIt(null)
 6 SYSTEMPATH/CodeIgniter.php(355): CodeIgniter\CodeIgniter->handleRequest(null, Object(Config\Cache), false)
 7 SYSTEMPATH/Boot.php(325): CodeIgniter\CodeIgniter->run()
 8 SYSTEMPATH/Boot.php(67): CodeIgniter\Boot::runCodeIgniter(Object(CodeIgniter\CodeIgniter))
 9 FCPATH/index.php(56): CodeIgniter\Boot::bootWeb(Object(Config\Paths))
INFO - 2025-11-25 14:34:54 --> Session: Class initialized using 'CodeIgniter\Session\Handlers\FileHandler' driver.
WARNING - 2025-11-25 14:36:20 --> [DEPRECATED] Passing lowercase HTTP method "get" is deprecated. Use uppercase HTTP method like "GET". in SYSTEMPATH/Router/RouteCollection.php on line 1027.
 1 SYSTEMPATH/Router/RouteCollection.php(1027): trigger_error('Passing lowercase HTTP method "get" is deprecated. Use uppercase HTTP method like "GET".', 16384)
 2 APPPATH/Config/Routes.php(52): CodeIgniter\Router\RouteCollection->match([...], 'compte/repondre/(:num)', 'Compte::repondre/$1')
 3 SYSTEMPATH/Router/RouteCollection.php(340): require('/home/2025DIFAL3/e22308557/public_html/V1/ci/app/Config/Routes.php')
 4 SYSTEMPATH/CodeIgniter.php(823): CodeIgniter\Router\RouteCollection->loadRoutes()
 5 SYSTEMPATH/CodeIgniter.php(457): CodeIgniter\CodeIgniter->tryToRouteIt(null)
 6 SYSTEMPATH/CodeIgniter.php(355): CodeIgniter\CodeIgniter->handleRequest(null, Object(Config\Cache), false)
 7 SYSTEMPATH/Boot.php(325): CodeIgniter\CodeIgniter->run()
 8 SYSTEMPATH/Boot.php(67): CodeIgniter\Boot::runCodeIgniter(Object(CodeIgniter\CodeIgniter))
 9 FCPATH/index.php(56): CodeIgniter\Boot::bootWeb(Object(Config\Paths))
WARNING - 2025-11-25 14:36:20 --> [DEPRECATED] Passing lowercase HTTP method "post" is deprecated. Use uppercase HTTP method like "POST". in SYSTEMPATH/Router/RouteCollection.php on line 1027.
 1 SYSTEMPATH/Router/RouteCollection.php(1027): trigger_error('Passing lowercase HTTP method "post" is deprecated. Use uppercase HTTP method like "POST".', 16384)
 2 APPPATH/Config/Routes.php(52): CodeIgniter\Router\RouteCollection->match([...], 'compte/repondre/(:num)', 'Compte::repondre/$1')
 3 SYSTEMPATH/Router/RouteCollection.php(340): require('/home/2025DIFAL3/e22308557/public_html/V1/ci/app/Config/Routes.php')
 4 SYSTEMPATH/CodeIgniter.php(823): CodeIgniter\Router\RouteCollection->loadRoutes()
 5 SYSTEMPATH/CodeIgniter.php(457): CodeIgniter\CodeIgniter->tryToRouteIt(null)
 6 SYSTEMPATH/CodeIgniter.php(355): CodeIgniter\CodeIgniter->handleRequest(null, Object(Config\Cache), false)
 7 SYSTEMPATH/Boot.php(325): CodeIgniter\CodeIgniter->run()
 8 SYSTEMPATH/Boot.php(67): CodeIgniter\Boot::runCodeIgniter(Object(CodeIgniter\CodeIgniter))
 9 FCPATH/index.php(56): CodeIgniter\Boot::bootWeb(Object(Config\Paths))
INFO - 2025-11-25 14:36:20 --> Session: Class initialized using 'CodeIgniter\Session\Handlers\FileHandler' driver.
WARNING - 2025-11-25 14:36:24 --> [DEPRECATED] Passing lowercase HTTP method "get" is deprecated. Use uppercase HTTP method like "GET". in SYSTEMPATH/Router/RouteCollection.php on line 1027.
 1 SYSTEMPATH/Router/RouteCollection.php(1027): trigger_error('Passing lowercase HTTP method "get" is deprecated. Use uppercase HTTP method like "GET".', 16384)
 2 APPPATH/Config/Routes.php(52): CodeIgniter\Router\RouteCollection->match([...], 'compte/repondre/(:num)', 'Compte::repondre/$1')
 3 SYSTEMPATH/Router/RouteCollection.php(340): require('/home/2025DIFAL3/e22308557/public_html/V1/ci/app/Config/Routes.php')
 4 SYSTEMPATH/CodeIgniter.php(823): CodeIgniter\Router\RouteCollection->loadRoutes()
 5 SYSTEMPATH/CodeIgniter.php(457): CodeIgniter\CodeIgniter->tryToRouteIt(null)
 6 SYSTEMPATH/CodeIgniter.php(355): CodeIgniter\CodeIgniter->handleRequest(null, Object(Config\Cache), false)
 7 SYSTEMPATH/Boot.php(325): CodeIgniter\CodeIgniter->run()
 8 SYSTEMPATH/Boot.php(67): CodeIgniter\Boot::runCodeIgniter(Object(CodeIgniter\CodeIgniter))
 9 FCPATH/index.php(56): CodeIgniter\Boot::bootWeb(Object(Config\Paths))
WARNING - 2025-11-25 14:36:24 --> [DEPRECATED] Passing lowercase HTTP method "post" is deprecated. Use uppercase HTTP method like "POST". in SYSTEMPATH/Router/RouteCollection.php on line 1027.
 1 SYSTEMPATH/Router/RouteCollection.php(1027): trigger_error('Passing lowercase HTTP method "post" is deprecated. Use uppercase HTTP method like "POST".', 16384)
 2 APPPATH/Config/Routes.php(52): CodeIgniter\Router\RouteCollection->match([...], 'compte/repondre/(:num)', 'Compte::repondre/$1')
 3 SYSTEMPATH/Router/RouteCollection.php(340): require('/home/2025DIFAL3/e22308557/public_html/V1/ci/app/Config/Routes.php')
 4 SYSTEMPATH/CodeIgniter.php(823): CodeIgniter\Router\RouteCollection->loadRoutes()
 5 SYSTEMPATH/CodeIgniter.php(457): CodeIgniter\CodeIgniter->tryToRouteIt(null)
 6 SYSTEMPATH/CodeIgniter.php(355): CodeIgniter\CodeIgniter->handleRequest(null, Object(Config\Cache), false)
 7 SYSTEMPATH/Boot.php(325): CodeIgniter\CodeIgniter->run()
 8 SYSTEMPATH/Boot.php(67): CodeIgniter\Boot::runCodeIgniter(Object(CodeIgniter\CodeIgniter))
 9 FCPATH/index.php(56): CodeIgniter\Boot::bootWeb(Object(Config\Paths))
WARNING - 2025-11-25 14:36:28 --> [DEPRECATED] Passing lowercase HTTP method "get" is deprecated. Use uppercase HTTP method like "GET". in SYSTEMPATH/Router/RouteCollection.php on line 1027.
 1 SYSTEMPATH/Router/RouteCollection.php(1027): trigger_error('Passing lowercase HTTP method "get" is deprecated. Use uppercase HTTP method like "GET".', 16384)
 2 APPPATH/Config/Routes.php(52): CodeIgniter\Router\RouteCollection->match([...], 'compte/repondre/(:num)', 'Compte::repondre/$1')
 3 SYSTEMPATH/Router/RouteCollection.php(340): require('/home/2025DIFAL3/e22308557/public_html/V1/ci/app/Config/Routes.php')
 4 SYSTEMPATH/CodeIgniter.php(823): CodeIgniter\Router\RouteCollection->loadRoutes()
 5 SYSTEMPATH/CodeIgniter.php(457): CodeIgniter\CodeIgniter->tryToRouteIt(null)
 6 SYSTEMPATH/CodeIgniter.php(355): CodeIgniter\CodeIgniter->handleRequest(null, Object(Config\Cache), false)
 7 SYSTEMPATH/Boot.php(325): CodeIgniter\CodeIgniter->run()
 8 SYSTEMPATH/Boot.php(67): CodeIgniter\Boot::runCodeIgniter(Object(CodeIgniter\CodeIgniter))
 9 FCPATH/index.php(56): CodeIgniter\Boot::bootWeb(Object(Config\Paths))
WARNING - 2025-11-25 14:36:28 --> [DEPRECATED] Passing lowercase HTTP method "post" is deprecated. Use uppercase HTTP method like "POST". in SYSTEMPATH/Router/RouteCollection.php on line 1027.
 1 SYSTEMPATH/Router/RouteCollection.php(1027): trigger_error('Passing lowercase HTTP method "post" is deprecated. Use uppercase HTTP method like "POST".', 16384)
 2 APPPATH/Config/Routes.php(52): CodeIgniter\Router\RouteCollection->match([...], 'compte/repondre/(:num)', 'Compte::repondre/$1')
 3 SYSTEMPATH/Router/RouteCollection.php(340): require('/home/2025DIFAL3/e22308557/public_html/V1/ci/app/Config/Routes.php')
 4 SYSTEMPATH/CodeIgniter.php(823): CodeIgniter\Router\RouteCollection->loadRoutes()
 5 SYSTEMPATH/CodeIgniter.php(457): CodeIgniter\CodeIgniter->tryToRouteIt(null)
 6 SYSTEMPATH/CodeIgniter.php(355): CodeIgniter\CodeIgniter->handleRequest(null, Object(Config\Cache), false)
 7 SYSTEMPATH/Boot.php(325): CodeIgniter\CodeIgniter->run()
 8 SYSTEMPATH/Boot.php(67): CodeIgniter\Boot::runCodeIgniter(Object(CodeIgniter\CodeIgniter))
 9 FCPATH/index.php(56): CodeIgniter\Boot::bootWeb(Object(Config\Paths))
INFO - 2025-11-25 14:36:28 --> Session: Class initialized using 'CodeIgniter\Session\Handlers\FileHandler' driver.
WARNING - 2025-11-25 14:36:35 --> [DEPRECATED] Passing lowercase HTTP method "get" is deprecated. Use uppercase HTTP method like "GET". in SYSTEMPATH/Router/RouteCollection.php on line 1027.
 1 SYSTEMPATH/Router/RouteCollection.php(1027): trigger_error('Passing lowercase HTTP method "get" is deprecated. Use uppercase HTTP method like "GET".', 16384)
 2 APPPATH/Config/Routes.php(52): CodeIgniter\Router\RouteCollection->match([...], 'compte/repondre/(:num)', 'Compte::repondre/$1')
 3 SYSTEMPATH/Router/RouteCollection.php(340): require('/home/2025DIFAL3/e22308557/public_html/V1/ci/app/Config/Routes.php')
 4 SYSTEMPATH/CodeIgniter.php(823): CodeIgniter\Router\RouteCollection->loadRoutes()
 5 SYSTEMPATH/CodeIgniter.php(457): CodeIgniter\CodeIgniter->tryToRouteIt(null)
 6 SYSTEMPATH/CodeIgniter.php(355): CodeIgniter\CodeIgniter->handleRequest(null, Object(Config\Cache), false)
 7 SYSTEMPATH/Boot.php(325): CodeIgniter\CodeIgniter->run()
 8 SYSTEMPATH/Boot.php(67): CodeIgniter\Boot::runCodeIgniter(Object(CodeIgniter\CodeIgniter))
 9 FCPATH/index.php(56): CodeIgniter\Boot::bootWeb(Object(Config\Paths))
WARNING - 2025-11-25 14:36:35 --> [DEPRECATED] Passing lowercase HTTP method "post" is deprecated. Use uppercase HTTP method like "POST". in SYSTEMPATH/Router/RouteCollection.php on line 1027.
 1 SYSTEMPATH/Router/RouteCollection.php(1027): trigger_error('Passing lowercase HTTP method "post" is deprecated. Use uppercase HTTP method like "POST".', 16384)
 2 APPPATH/Config/Routes.php(52): CodeIgniter\Router\RouteCollection->match([...], 'compte/repondre/(:num)', 'Compte::repondre/$1')
 3 SYSTEMPATH/Router/RouteCollection.php(340): require('/home/2025DIFAL3/e22308557/public_html/V1/ci/app/Config/Routes.php')
 4 SYSTEMPATH/CodeIgniter.php(823): CodeIgniter\Router\RouteCollection->loadRoutes()
 5 SYSTEMPATH/CodeIgniter.php(457): CodeIgniter\CodeIgniter->tryToRouteIt(null)
 6 SYSTEMPATH/CodeIgniter.php(355): CodeIgniter\CodeIgniter->handleRequest(null, Object(Config\Cache), false)
 7 SYSTEMPATH/Boot.php(325): CodeIgniter\CodeIgniter->run()
 8 SYSTEMPATH/Boot.php(67): CodeIgniter\Boot::runCodeIgniter(Object(CodeIgniter\CodeIgniter))
 9 FCPATH/index.php(56): CodeIgniter\Boot::bootWeb(Object(Config\Paths))
INFO - 2025-11-25 14:36:35 --> Session: Class initialized using 'CodeIgniter\Session\Handlers\FileHandler' driver.
WARNING - 2025-11-25 14:37:28 --> [DEPRECATED] Passing lowercase HTTP method "get" is deprecated. Use uppercase HTTP method like "GET". in SYSTEMPATH/Router/RouteCollection.php on line 1027.
 1 SYSTEMPATH/Router/RouteCollection.php(1027): trigger_error('Passing lowercase HTTP method "get" is deprecated. Use uppercase HTTP method like "GET".', 16384)
 2 APPPATH/Config/Routes.php(52): CodeIgniter\Router\RouteCollection->match([...], 'compte/repondre/(:num)', 'Compte::repondre/$1')
 3 SYSTEMPATH/Router/RouteCollection.php(340): require('/home/2025DIFAL3/e22308557/public_html/V1/ci/app/Config/Routes.php')
 4 SYSTEMPATH/CodeIgniter.php(823): CodeIgniter\Router\RouteCollection->loadRoutes()
 5 SYSTEMPATH/CodeIgniter.php(457): CodeIgniter\CodeIgniter->tryToRouteIt(null)
 6 SYSTEMPATH/CodeIgniter.php(355): CodeIgniter\CodeIgniter->handleRequest(null, Object(Config\Cache), false)
 7 SYSTEMPATH/Boot.php(325): CodeIgniter\CodeIgniter->run()
 8 SYSTEMPATH/Boot.php(67): CodeIgniter\Boot::runCodeIgniter(Object(CodeIgniter\CodeIgniter))
 9 FCPATH/index.php(56): CodeIgniter\Boot::bootWeb(Object(Config\Paths))
WARNING - 2025-11-25 14:37:28 --> [DEPRECATED] Passing lowercase HTTP method "post" is deprecated. Use uppercase HTTP method like "POST". in SYSTEMPATH/Router/RouteCollection.php on line 1027.
 1 SYSTEMPATH/Router/RouteCollection.php(1027): trigger_error('Passing lowercase HTTP method "post" is deprecated. Use uppercase HTTP method like "POST".', 16384)
 2 APPPATH/Config/Routes.php(52): CodeIgniter\Router\RouteCollection->match([...], 'compte/repondre/(:num)', 'Compte::repondre/$1')
 3 SYSTEMPATH/Router/RouteCollection.php(340): require('/home/2025DIFAL3/e22308557/public_html/V1/ci/app/Config/Routes.php')
 4 SYSTEMPATH/CodeIgniter.php(823): CodeIgniter\Router\RouteCollection->loadRoutes()
 5 SYSTEMPATH/CodeIgniter.php(457): CodeIgniter\CodeIgniter->tryToRouteIt(null)
 6 SYSTEMPATH/CodeIgniter.php(355): CodeIgniter\CodeIgniter->handleRequest(null, Object(Config\Cache), false)
 7 SYSTEMPATH/Boot.php(325): CodeIgniter\CodeIgniter->run()
 8 SYSTEMPATH/Boot.php(67): CodeIgniter\Boot::runCodeIgniter(Object(CodeIgniter\CodeIgniter))
 9 FCPATH/index.php(56): CodeIgniter\Boot::bootWeb(Object(Config\Paths))
WARNING - 2025-11-25 14:38:20 --> [DEPRECATED] Passing lowercase HTTP method "get" is deprecated. Use uppercase HTTP method like "GET". in SYSTEMPATH/Router/RouteCollection.php on line 1027.
 1 SYSTEMPATH/Router/RouteCollection.php(1027): trigger_error('Passing lowercase HTTP method "get" is deprecated. Use uppercase HTTP method like "GET".', 16384)
 2 APPPATH/Config/Routes.php(52): CodeIgniter\Router\RouteCollection->match([...], 'compte/repondre/(:num)', 'Compte::repondre/$1')
 3 SYSTEMPATH/Router/RouteCollection.php(340): require('/home/2025DIFAL3/e22308557/public_html/V1/ci/app/Config/Routes.php')
 4 SYSTEMPATH/CodeIgniter.php(823): CodeIgniter\Router\RouteCollection->loadRoutes()
 5 SYSTEMPATH/CodeIgniter.php(457): CodeIgniter\CodeIgniter->tryToRouteIt(null)
 6 SYSTEMPATH/CodeIgniter.php(355): CodeIgniter\CodeIgniter->handleRequest(null, Object(Config\Cache), false)
 7 SYSTEMPATH/Boot.php(325): CodeIgniter\CodeIgniter->run()
 8 SYSTEMPATH/Boot.php(67): CodeIgniter\Boot::runCodeIgniter(Object(CodeIgniter\CodeIgniter))
 9 FCPATH/index.php(56): CodeIgniter\Boot::bootWeb(Object(Config\Paths))
WARNING - 2025-11-25 14:38:20 --> [DEPRECATED] Passing lowercase HTTP method "post" is deprecated. Use uppercase HTTP method like "POST". in SYSTEMPATH/Router/RouteCollection.php on line 1027.
 1 SYSTEMPATH/Router/RouteCollection.php(1027): trigger_error('Passing lowercase HTTP method "post" is deprecated. Use uppercase HTTP method like "POST".', 16384)
 2 APPPATH/Config/Routes.php(52): CodeIgniter\Router\RouteCollection->match([...], 'compte/repondre/(:num)', 'Compte::repondre/$1')
 3 SYSTEMPATH/Router/RouteCollection.php(340): require('/home/2025DIFAL3/e22308557/public_html/V1/ci/app/Config/Routes.php')
 4 SYSTEMPATH/CodeIgniter.php(823): CodeIgniter\Router\RouteCollection->loadRoutes()
 5 SYSTEMPATH/CodeIgniter.php(457): CodeIgniter\CodeIgniter->tryToRouteIt(null)
 6 SYSTEMPATH/CodeIgniter.php(355): CodeIgniter\CodeIgniter->handleRequest(null, Object(Config\Cache), false)
 7 SYSTEMPATH/Boot.php(325): CodeIgniter\CodeIgniter->run()
 8 SYSTEMPATH/Boot.php(67): CodeIgniter\Boot::runCodeIgniter(Object(CodeIgniter\CodeIgniter))
 9 FCPATH/index.php(56): CodeIgniter\Boot::bootWeb(Object(Config\Paths))
WARNING - 2025-11-25 14:38:34 --> [DEPRECATED] Passing lowercase HTTP method "get" is deprecated. Use uppercase HTTP method like "GET". in SYSTEMPATH/Router/RouteCollection.php on line 1027.
 1 SYSTEMPATH/Router/RouteCollection.php(1027): trigger_error('Passing lowercase HTTP method "get" is deprecated. Use uppercase HTTP method like "GET".', 16384)
 2 APPPATH/Config/Routes.php(52): CodeIgniter\Router\RouteCollection->match([...], 'compte/repondre/(:num)', 'Compte::repondre/$1')
 3 SYSTEMPATH/Router/RouteCollection.php(340): require('/home/2025DIFAL3/e22308557/public_html/V1/ci/app/Config/Routes.php')
 4 SYSTEMPATH/CodeIgniter.php(823): CodeIgniter\Router\RouteCollection->loadRoutes()
 5 SYSTEMPATH/CodeIgniter.php(457): CodeIgniter\CodeIgniter->tryToRouteIt(null)
 6 SYSTEMPATH/CodeIgniter.php(355): CodeIgniter\CodeIgniter->handleRequest(null, Object(Config\Cache), false)
 7 SYSTEMPATH/Boot.php(325): CodeIgniter\CodeIgniter->run()
 8 SYSTEMPATH/Boot.php(67): CodeIgniter\Boot::runCodeIgniter(Object(CodeIgniter\CodeIgniter))
 9 FCPATH/index.php(56): CodeIgniter\Boot::bootWeb(Object(Config\Paths))
WARNING - 2025-11-25 14:38:34 --> [DEPRECATED] Passing lowercase HTTP method "post" is deprecated. Use uppercase HTTP method like "POST". in SYSTEMPATH/Router/RouteCollection.php on line 1027.
 1 SYSTEMPATH/Router/RouteCollection.php(1027): trigger_error('Passing lowercase HTTP method "post" is deprecated. Use uppercase HTTP method like "POST".', 16384)
 2 APPPATH/Config/Routes.php(52): CodeIgniter\Router\RouteCollection->match([...], 'compte/repondre/(:num)', 'Compte::repondre/$1')
 3 SYSTEMPATH/Router/RouteCollection.php(340): require('/home/2025DIFAL3/e22308557/public_html/V1/ci/app/Config/Routes.php')
 4 SYSTEMPATH/CodeIgniter.php(823): CodeIgniter\Router\RouteCollection->loadRoutes()
 5 SYSTEMPATH/CodeIgniter.php(457): CodeIgniter\CodeIgniter->tryToRouteIt(null)
 6 SYSTEMPATH/CodeIgniter.php(355): CodeIgniter\CodeIgniter->handleRequest(null, Object(Config\Cache), false)
 7 SYSTEMPATH/Boot.php(325): CodeIgniter\CodeIgniter->run()
 8 SYSTEMPATH/Boot.php(67): CodeIgniter\Boot::runCodeIgniter(Object(CodeIgniter\CodeIgniter))
 9 FCPATH/index.php(56): CodeIgniter\Boot::bootWeb(Object(Config\Paths))
INFO - 2025-11-25 14:38:34 --> Session: Class initialized using 'CodeIgniter\Session\Handlers\FileHandler' driver.
WARNING - 2025-11-25 14:38:46 --> [DEPRECATED] Passing lowercase HTTP method "get" is deprecated. Use uppercase HTTP method like "GET". in SYSTEMPATH/Router/RouteCollection.php on line 1027.
 1 SYSTEMPATH/Router/RouteCollection.php(1027): trigger_error('Passing lowercase HTTP method "get" is deprecated. Use uppercase HTTP method like "GET".', 16384)
 2 APPPATH/Config/Routes.php(52): CodeIgniter\Router\RouteCollection->match([...], 'compte/repondre/(:num)', 'Compte::repondre/$1')
 3 SYSTEMPATH/Router/RouteCollection.php(340): require('/home/2025DIFAL3/e22308557/public_html/V1/ci/app/Config/Routes.php')
 4 SYSTEMPATH/CodeIgniter.php(823): CodeIgniter\Router\RouteCollection->loadRoutes()
 5 SYSTEMPATH/CodeIgniter.php(457): CodeIgniter\CodeIgniter->tryToRouteIt(null)
 6 SYSTEMPATH/CodeIgniter.php(355): CodeIgniter\CodeIgniter->handleRequest(null, Object(Config\Cache), false)
 7 SYSTEMPATH/Boot.php(325): CodeIgniter\CodeIgniter->run()
 8 SYSTEMPATH/Boot.php(67): CodeIgniter\Boot::runCodeIgniter(Object(CodeIgniter\CodeIgniter))
 9 FCPATH/index.php(56): CodeIgniter\Boot::bootWeb(Object(Config\Paths))
WARNING - 2025-11-25 14:38:46 --> [DEPRECATED] Passing lowercase HTTP method "post" is deprecated. Use uppercase HTTP method like "POST". in SYSTEMPATH/Router/RouteCollection.php on line 1027.
 1 SYSTEMPATH/Router/RouteCollection.php(1027): trigger_error('Passing lowercase HTTP method "post" is deprecated. Use uppercase HTTP method like "POST".', 16384)
 2 APPPATH/Config/Routes.php(52): CodeIgniter\Router\RouteCollection->match([...], 'compte/repondre/(:num)', 'Compte::repondre/$1')
 3 SYSTEMPATH/Router/RouteCollection.php(340): require('/home/2025DIFAL3/e22308557/public_html/V1/ci/app/Config/Routes.php')
 4 SYSTEMPATH/CodeIgniter.php(823): CodeIgniter\Router\RouteCollection->loadRoutes()
 5 SYSTEMPATH/CodeIgniter.php(457): CodeIgniter\CodeIgniter->tryToRouteIt(null)
 6 SYSTEMPATH/CodeIgniter.php(355): CodeIgniter\CodeIgniter->handleRequest(null, Object(Config\Cache), false)
 7 SYSTEMPATH/Boot.php(325): CodeIgniter\CodeIgniter->run()
 8 SYSTEMPATH/Boot.php(67): CodeIgniter\Boot::runCodeIgniter(Object(CodeIgniter\CodeIgniter))
 9 FCPATH/index.php(56): CodeIgniter\Boot::bootWeb(Object(Config\Paths))
WARNING - 2025-11-25 14:38:51 --> [DEPRECATED] Passing lowercase HTTP method "get" is deprecated. Use uppercase HTTP method like "GET". in SYSTEMPATH/Router/RouteCollection.php on line 1027.
 1 SYSTEMPATH/Router/RouteCollection.php(1027): trigger_error('Passing lowercase HTTP method "get" is deprecated. Use uppercase HTTP method like "GET".', 16384)
 2 APPPATH/Config/Routes.php(52): CodeIgniter\Router\RouteCollection->match([...], 'compte/repondre/(:num)', 'Compte::repondre/$1')
 3 SYSTEMPATH/Router/RouteCollection.php(340): require('/home/2025DIFAL3/e22308557/public_html/V1/ci/app/Config/Routes.php')
 4 SYSTEMPATH/CodeIgniter.php(823): CodeIgniter\Router\RouteCollection->loadRoutes()
 5 SYSTEMPATH/CodeIgniter.php(457): CodeIgniter\CodeIgniter->tryToRouteIt(null)
 6 SYSTEMPATH/CodeIgniter.php(355): CodeIgniter\CodeIgniter->handleRequest(null, Object(Config\Cache), false)
 7 SYSTEMPATH/Boot.php(325): CodeIgniter\CodeIgniter->run()
 8 SYSTEMPATH/Boot.php(67): CodeIgniter\Boot::runCodeIgniter(Object(CodeIgniter\CodeIgniter))
 9 FCPATH/index.php(56): CodeIgniter\Boot::bootWeb(Object(Config\Paths))
WARNING - 2025-11-25 14:38:51 --> [DEPRECATED] Passing lowercase HTTP method "post" is deprecated. Use uppercase HTTP method like "POST". in SYSTEMPATH/Router/RouteCollection.php on line 1027.
 1 SYSTEMPATH/Router/RouteCollection.php(1027): trigger_error('Passing lowercase HTTP method "post" is deprecated. Use uppercase HTTP method like "POST".', 16384)
 2 APPPATH/Config/Routes.php(52): CodeIgniter\Router\RouteCollection->match([...], 'compte/repondre/(:num)', 'Compte::repondre/$1')
 3 SYSTEMPATH/Router/RouteCollection.php(340): require('/home/2025DIFAL3/e22308557/public_html/V1/ci/app/Config/Routes.php')
 4 SYSTEMPATH/CodeIgniter.php(823): CodeIgniter\Router\RouteCollection->loadRoutes()
 5 SYSTEMPATH/CodeIgniter.php(457): CodeIgniter\CodeIgniter->tryToRouteIt(null)
 6 SYSTEMPATH/CodeIgniter.php(355): CodeIgniter\CodeIgniter->handleRequest(null, Object(Config\Cache), false)
 7 SYSTEMPATH/Boot.php(325): CodeIgniter\CodeIgniter->run()
 8 SYSTEMPATH/Boot.php(67): CodeIgniter\Boot::runCodeIgniter(Object(CodeIgniter\CodeIgniter))
 9 FCPATH/index.php(56): CodeIgniter\Boot::bootWeb(Object(Config\Paths))
INFO - 2025-11-25 14:38:51 --> Session: Class initialized using 'CodeIgniter\Session\Handlers\FileHandler' driver.
WARNING - 2025-11-25 14:38:57 --> [DEPRECATED] Passing lowercase HTTP method "get" is deprecated. Use uppercase HTTP method like "GET". in SYSTEMPATH/Router/RouteCollection.php on line 1027.
 1 SYSTEMPATH/Router/RouteCollection.php(1027): trigger_error('Passing lowercase HTTP method "get" is deprecated. Use uppercase HTTP method like "GET".', 16384)
 2 APPPATH/Config/Routes.php(52): CodeIgniter\Router\RouteCollection->match([...], 'compte/repondre/(:num)', 'Compte::repondre/$1')
 3 SYSTEMPATH/Router/RouteCollection.php(340): require('/home/2025DIFAL3/e22308557/public_html/V1/ci/app/Config/Routes.php')
 4 SYSTEMPATH/CodeIgniter.php(823): CodeIgniter\Router\RouteCollection->loadRoutes()
 5 SYSTEMPATH/CodeIgniter.php(457): CodeIgniter\CodeIgniter->tryToRouteIt(null)
 6 SYSTEMPATH/CodeIgniter.php(355): CodeIgniter\CodeIgniter->handleRequest(null, Object(Config\Cache), false)
 7 SYSTEMPATH/Boot.php(325): CodeIgniter\CodeIgniter->run()
 8 SYSTEMPATH/Boot.php(67): CodeIgniter\Boot::runCodeIgniter(Object(CodeIgniter\CodeIgniter))
 9 FCPATH/index.php(56): CodeIgniter\Boot::bootWeb(Object(Config\Paths))
WARNING - 2025-11-25 14:38:57 --> [DEPRECATED] Passing lowercase HTTP method "post" is deprecated. Use uppercase HTTP method like "POST". in SYSTEMPATH/Router/RouteCollection.php on line 1027.
 1 SYSTEMPATH/Router/RouteCollection.php(1027): trigger_error('Passing lowercase HTTP method "post" is deprecated. Use uppercase HTTP method like "POST".', 16384)
 2 APPPATH/Config/Routes.php(52): CodeIgniter\Router\RouteCollection->match([...], 'compte/repondre/(:num)', 'Compte::repondre/$1')
 3 SYSTEMPATH/Router/RouteCollection.php(340): require('/home/2025DIFAL3/e22308557/public_html/V1/ci/app/Config/Routes.php')
 4 SYSTEMPATH/CodeIgniter.php(823): CodeIgniter\Router\RouteCollection->loadRoutes()
 5 SYSTEMPATH/CodeIgniter.php(457): CodeIgniter\CodeIgniter->tryToRouteIt(null)
 6 SYSTEMPATH/CodeIgniter.php(355): CodeIgniter\CodeIgniter->handleRequest(null, Object(Config\Cache), false)
 7 SYSTEMPATH/Boot.php(325): CodeIgniter\CodeIgniter->run()
 8 SYSTEMPATH/Boot.php(67): CodeIgniter\Boot::runCodeIgniter(Object(CodeIgniter\CodeIgniter))
 9 FCPATH/index.php(56): CodeIgniter\Boot::bootWeb(Object(Config\Paths))
INFO - 2025-11-25 14:38:57 --> Session: Class initialized using 'CodeIgniter\Session\Handlers\FileHandler' driver.
WARNING - 2025-11-25 14:39:00 --> [DEPRECATED] Passing lowercase HTTP method "get" is deprecated. Use uppercase HTTP method like "GET". in SYSTEMPATH/Router/RouteCollection.php on line 1027.
 1 SYSTEMPATH/Router/RouteCollection.php(1027): trigger_error('Passing lowercase HTTP method "get" is deprecated. Use uppercase HTTP method like "GET".', 16384)
 2 APPPATH/Config/Routes.php(52): CodeIgniter\Router\RouteCollection->match([...], 'compte/repondre/(:num)', 'Compte::repondre/$1')
 3 SYSTEMPATH/Router/RouteCollection.php(340): require('/home/2025DIFAL3/e22308557/public_html/V1/ci/app/Config/Routes.php')
 4 SYSTEMPATH/CodeIgniter.php(823): CodeIgniter\Router\RouteCollection->loadRoutes()
 5 SYSTEMPATH/CodeIgniter.php(457): CodeIgniter\CodeIgniter->tryToRouteIt(null)
 6 SYSTEMPATH/CodeIgniter.php(355): CodeIgniter\CodeIgniter->handleRequest(null, Object(Config\Cache), false)
 7 SYSTEMPATH/Boot.php(325): CodeIgniter\CodeIgniter->run()
 8 SYSTEMPATH/Boot.php(67): CodeIgniter\Boot::runCodeIgniter(Object(CodeIgniter\CodeIgniter))
 9 FCPATH/index.php(56): CodeIgniter\Boot::bootWeb(Object(Config\Paths))
WARNING - 2025-11-25 14:39:00 --> [DEPRECATED] Passing lowercase HTTP method "post" is deprecated. Use uppercase HTTP method like "POST". in SYSTEMPATH/Router/RouteCollection.php on line 1027.
 1 SYSTEMPATH/Router/RouteCollection.php(1027): trigger_error('Passing lowercase HTTP method "post" is deprecated. Use uppercase HTTP method like "POST".', 16384)
 2 APPPATH/Config/Routes.php(52): CodeIgniter\Router\RouteCollection->match([...], 'compte/repondre/(:num)', 'Compte::repondre/$1')
 3 SYSTEMPATH/Router/RouteCollection.php(340): require('/home/2025DIFAL3/e22308557/public_html/V1/ci/app/Config/Routes.php')
 4 SYSTEMPATH/CodeIgniter.php(823): CodeIgniter\Router\RouteCollection->loadRoutes()
 5 SYSTEMPATH/CodeIgniter.php(457): CodeIgniter\CodeIgniter->tryToRouteIt(null)
 6 SYSTEMPATH/CodeIgniter.php(355): CodeIgniter\CodeIgniter->handleRequest(null, Object(Config\Cache), false)
 7 SYSTEMPATH/Boot.php(325): CodeIgniter\CodeIgniter->run()
 8 SYSTEMPATH/Boot.php(67): CodeIgniter\Boot::runCodeIgniter(Object(CodeIgniter\CodeIgniter))
 9 FCPATH/index.php(56): CodeIgniter\Boot::bootWeb(Object(Config\Paths))
WARNING - 2025-11-25 14:39:00 --> [DEPRECATED] Creation of dynamic property App\Controllers\Compte::$model is deprecated in APPPATH/Controllers/Compte.php on line 11.
 1 SYSTEMPATH/CodeIgniter.php(903): App\Controllers\Compte->__construct()
 2 SYSTEMPATH/CodeIgniter.php(500): CodeIgniter\CodeIgniter->createController()
 3 SYSTEMPATH/CodeIgniter.php(355): CodeIgniter\CodeIgniter->handleRequest(null, Object(Config\Cache), false)
 4 SYSTEMPATH/Boot.php(325): CodeIgniter\CodeIgniter->run()
 5 SYSTEMPATH/Boot.php(67): CodeIgniter\Boot::runCodeIgniter(Object(CodeIgniter\CodeIgniter))
 6 FCPATH/index.php(56): CodeIgniter\Boot::bootWeb(Object(Config\Paths))
INFO - 2025-11-25 14:39:00 --> Session: Class initialized using 'CodeIgniter\Session\Handlers\FileHandler' driver.
WARNING - 2025-11-25 14:39:14 --> [DEPRECATED] Passing lowercase HTTP method "get" is deprecated. Use uppercase HTTP method like "GET". in SYSTEMPATH/Router/RouteCollection.php on line 1027.
 1 SYSTEMPATH/Router/RouteCollection.php(1027): trigger_error('Passing lowercase HTTP method "get" is deprecated. Use uppercase HTTP method like "GET".', 16384)
 2 APPPATH/Config/Routes.php(52): CodeIgniter\Router\RouteCollection->match([...], 'compte/repondre/(:num)', 'Compte::repondre/$1')
 3 SYSTEMPATH/Router/RouteCollection.php(340): require('/home/2025DIFAL3/e22308557/public_html/V1/ci/app/Config/Routes.php')
 4 SYSTEMPATH/CodeIgniter.php(823): CodeIgniter\Router\RouteCollection->loadRoutes()
 5 SYSTEMPATH/CodeIgniter.php(457): CodeIgniter\CodeIgniter->tryToRouteIt(null)
 6 SYSTEMPATH/CodeIgniter.php(355): CodeIgniter\CodeIgniter->handleRequest(null, Object(Config\Cache), false)
 7 SYSTEMPATH/Boot.php(325): CodeIgniter\CodeIgniter->run()
 8 SYSTEMPATH/Boot.php(67): CodeIgniter\Boot::runCodeIgniter(Object(CodeIgniter\CodeIgniter))
 9 FCPATH/index.php(56): CodeIgniter\Boot::bootWeb(Object(Config\Paths))
WARNING - 2025-11-25 14:39:14 --> [DEPRECATED] Passing lowercase HTTP method "post" is deprecated. Use uppercase HTTP method like "POST". in SYSTEMPATH/Router/RouteCollection.php on line 1027.
 1 SYSTEMPATH/Router/RouteCollection.php(1027): trigger_error('Passing lowercase HTTP method "post" is deprecated. Use uppercase HTTP method like "POST".', 16384)
 2 APPPATH/Config/Routes.php(52): CodeIgniter\Router\RouteCollection->match([...], 'compte/repondre/(:num)', 'Compte::repondre/$1')
 3 SYSTEMPATH/Router/RouteCollection.php(340): require('/home/2025DIFAL3/e22308557/public_html/V1/ci/app/Config/Routes.php')
 4 SYSTEMPATH/CodeIgniter.php(823): CodeIgniter\Router\RouteCollection->loadRoutes()
 5 SYSTEMPATH/CodeIgniter.php(457): CodeIgniter\CodeIgniter->tryToRouteIt(null)
 6 SYSTEMPATH/CodeIgniter.php(355): CodeIgniter\CodeIgniter->handleRequest(null, Object(Config\Cache), false)
 7 SYSTEMPATH/Boot.php(325): CodeIgniter\CodeIgniter->run()
 8 SYSTEMPATH/Boot.php(67): CodeIgniter\Boot::runCodeIgniter(Object(CodeIgniter\CodeIgniter))
 9 FCPATH/index.php(56): CodeIgniter\Boot::bootWeb(Object(Config\Paths))
WARNING - 2025-11-25 14:39:14 --> [DEPRECATED] Creation of dynamic property App\Controllers\Compte::$model is deprecated in APPPATH/Controllers/Compte.php on line 11.
 1 SYSTEMPATH/CodeIgniter.php(903): App\Controllers\Compte->__construct()
 2 SYSTEMPATH/CodeIgniter.php(500): CodeIgniter\CodeIgniter->createController()
 3 SYSTEMPATH/CodeIgniter.php(355): CodeIgniter\CodeIgniter->handleRequest(null, Object(Config\Cache), false)
 4 SYSTEMPATH/Boot.php(325): CodeIgniter\CodeIgniter->run()
 5 SYSTEMPATH/Boot.php(67): CodeIgniter\Boot::runCodeIgniter(Object(CodeIgniter\CodeIgniter))
 6 FCPATH/index.php(56): CodeIgniter\Boot::bootWeb(Object(Config\Paths))
INFO - 2025-11-25 14:39:14 --> Session: Class initialized using 'CodeIgniter\Session\Handlers\FileHandler' driver.
WARNING - 2025-11-25 14:39:14 --> [DEPRECATED] Passing lowercase HTTP method "get" is deprecated. Use uppercase HTTP method like "GET". in SYSTEMPATH/Router/RouteCollection.php on line 1027.
 1 SYSTEMPATH/Router/RouteCollection.php(1027): trigger_error('Passing lowercase HTTP method "get" is deprecated. Use uppercase HTTP method like "GET".', 16384)
 2 APPPATH/Config/Routes.php(52): CodeIgniter\Router\RouteCollection->match([...], 'compte/repondre/(:num)', 'Compte::repondre/$1')
 3 SYSTEMPATH/Router/RouteCollection.php(340): require('/home/2025DIFAL3/e22308557/public_html/V1/ci/app/Config/Routes.php')
 4 SYSTEMPATH/CodeIgniter.php(823): CodeIgniter\Router\RouteCollection->loadRoutes()
 5 SYSTEMPATH/CodeIgniter.php(457): CodeIgniter\CodeIgniter->tryToRouteIt(null)
 6 SYSTEMPATH/CodeIgniter.php(355): CodeIgniter\CodeIgniter->handleRequest(null, Object(Config\Cache), false)
 7 SYSTEMPATH/Boot.php(325): CodeIgniter\CodeIgniter->run()
 8 SYSTEMPATH/Boot.php(67): CodeIgniter\Boot::runCodeIgniter(Object(CodeIgniter\CodeIgniter))
 9 FCPATH/index.php(56): CodeIgniter\Boot::bootWeb(Object(Config\Paths))
WARNING - 2025-11-25 14:39:14 --> [DEPRECATED] Passing lowercase HTTP method "post" is deprecated. Use uppercase HTTP method like "POST". in SYSTEMPATH/Router/RouteCollection.php on line 1027.
 1 SYSTEMPATH/Router/RouteCollection.php(1027): trigger_error('Passing lowercase HTTP method "post" is deprecated. Use uppercase HTTP method like "POST".', 16384)
 2 APPPATH/Config/Routes.php(52): CodeIgniter\Router\RouteCollection->match([...], 'compte/repondre/(:num)', 'Compte::repondre/$1')
 3 SYSTEMPATH/Router/RouteCollection.php(340): require('/home/2025DIFAL3/e22308557/public_html/V1/ci/app/Config/Routes.php')
 4 SYSTEMPATH/CodeIgniter.php(823): CodeIgniter\Router\RouteCollection->loadRoutes()
 5 SYSTEMPATH/CodeIgniter.php(457): CodeIgniter\CodeIgniter->tryToRouteIt(null)
 6 SYSTEMPATH/CodeIgniter.php(355): CodeIgniter\CodeIgniter->handleRequest(null, Object(Config\Cache), false)
 7 SYSTEMPATH/Boot.php(325): CodeIgniter\CodeIgniter->run()
 8 SYSTEMPATH/Boot.php(67): CodeIgniter\Boot::runCodeIgniter(Object(CodeIgniter\CodeIgniter))
 9 FCPATH/index.php(56): CodeIgniter\Boot::bootWeb(Object(Config\Paths))
WARNING - 2025-11-25 14:39:14 --> [DEPRECATED] Creation of dynamic property App\Controllers\Compte::$model is deprecated in APPPATH/Controllers/Compte.php on line 11.
 1 SYSTEMPATH/CodeIgniter.php(903): App\Controllers\Compte->__construct()
 2 SYSTEMPATH/CodeIgniter.php(500): CodeIgniter\CodeIgniter->createController()
 3 SYSTEMPATH/CodeIgniter.php(355): CodeIgniter\CodeIgniter->handleRequest(null, Object(Config\Cache), false)
 4 SYSTEMPATH/Boot.php(325): CodeIgniter\CodeIgniter->run()
 5 SYSTEMPATH/Boot.php(67): CodeIgniter\Boot::runCodeIgniter(Object(CodeIgniter\CodeIgniter))
 6 FCPATH/index.php(56): CodeIgniter\Boot::bootWeb(Object(Config\Paths))
INFO - 2025-11-25 14:39:14 --> Session: Class initialized using 'CodeIgniter\Session\Handlers\FileHandler' driver.
WARNING - 2025-11-25 14:39:19 --> [DEPRECATED] Passing lowercase HTTP method "get" is deprecated. Use uppercase HTTP method like "GET". in SYSTEMPATH/Router/RouteCollection.php on line 1027.
 1 SYSTEMPATH/Router/RouteCollection.php(1027): trigger_error('Passing lowercase HTTP method "get" is deprecated. Use uppercase HTTP method like "GET".', 16384)
 2 APPPATH/Config/Routes.php(52): CodeIgniter\Router\RouteCollection->match([...], 'compte/repondre/(:num)', 'Compte::repondre/$1')
 3 SYSTEMPATH/Router/RouteCollection.php(340): require('/home/2025DIFAL3/e22308557/public_html/V1/ci/app/Config/Routes.php')
 4 SYSTEMPATH/CodeIgniter.php(823): CodeIgniter\Router\RouteCollection->loadRoutes()
 5 SYSTEMPATH/CodeIgniter.php(457): CodeIgniter\CodeIgniter->tryToRouteIt(null)
 6 SYSTEMPATH/CodeIgniter.php(355): CodeIgniter\CodeIgniter->handleRequest(null, Object(Config\Cache), false)
 7 SYSTEMPATH/Boot.php(325): CodeIgniter\CodeIgniter->run()
 8 SYSTEMPATH/Boot.php(67): CodeIgniter\Boot::runCodeIgniter(Object(CodeIgniter\CodeIgniter))
 9 FCPATH/index.php(56): CodeIgniter\Boot::bootWeb(Object(Config\Paths))
WARNING - 2025-11-25 14:39:19 --> [DEPRECATED] Passing lowercase HTTP method "post" is deprecated. Use uppercase HTTP method like "POST". in SYSTEMPATH/Router/RouteCollection.php on line 1027.
 1 SYSTEMPATH/Router/RouteCollection.php(1027): trigger_error('Passing lowercase HTTP method "post" is deprecated. Use uppercase HTTP method like "POST".', 16384)
 2 APPPATH/Config/Routes.php(52): CodeIgniter\Router\RouteCollection->match([...], 'compte/repondre/(:num)', 'Compte::repondre/$1')
 3 SYSTEMPATH/Router/RouteCollection.php(340): require('/home/2025DIFAL3/e22308557/public_html/V1/ci/app/Config/Routes.php')
 4 SYSTEMPATH/CodeIgniter.php(823): CodeIgniter\Router\RouteCollection->loadRoutes()
 5 SYSTEMPATH/CodeIgniter.php(457): CodeIgniter\CodeIgniter->tryToRouteIt(null)
 6 SYSTEMPATH/CodeIgniter.php(355): CodeIgniter\CodeIgniter->handleRequest(null, Object(Config\Cache), false)
 7 SYSTEMPATH/Boot.php(325): CodeIgniter\CodeIgniter->run()
 8 SYSTEMPATH/Boot.php(67): CodeIgniter\Boot::runCodeIgniter(Object(CodeIgniter\CodeIgniter))
 9 FCPATH/index.php(56): CodeIgniter\Boot::bootWeb(Object(Config\Paths))
WARNING - 2025-11-25 14:39:19 --> [DEPRECATED] Creation of dynamic property App\Controllers\Compte::$model is deprecated in APPPATH/Controllers/Compte.php on line 11.
 1 SYSTEMPATH/CodeIgniter.php(903): App\Controllers\Compte->__construct()
 2 SYSTEMPATH/CodeIgniter.php(500): CodeIgniter\CodeIgniter->createController()
 3 SYSTEMPATH/CodeIgniter.php(355): CodeIgniter\CodeIgniter->handleRequest(null, Object(Config\Cache), false)
 4 SYSTEMPATH/Boot.php(325): CodeIgniter\CodeIgniter->run()
 5 SYSTEMPATH/Boot.php(67): CodeIgniter\Boot::runCodeIgniter(Object(CodeIgniter\CodeIgniter))
 6 FCPATH/index.php(56): CodeIgniter\Boot::bootWeb(Object(Config\Paths))
INFO - 2025-11-25 14:39:19 --> Session: Class initialized using 'CodeIgniter\Session\Handlers\FileHandler' driver.
WARNING - 2025-11-25 14:39:29 --> [DEPRECATED] Passing lowercase HTTP method "get" is deprecated. Use uppercase HTTP method like "GET". in SYSTEMPATH/Router/RouteCollection.php on line 1027.
 1 SYSTEMPATH/Router/RouteCollection.php(1027): trigger_error('Passing lowercase HTTP method "get" is deprecated. Use uppercase HTTP method like "GET".', 16384)
 2 APPPATH/Config/Routes.php(52): CodeIgniter\Router\RouteCollection->match([...], 'compte/repondre/(:num)', 'Compte::repondre/$1')
 3 SYSTEMPATH/Router/RouteCollection.php(340): require('/home/2025DIFAL3/e22308557/public_html/V1/ci/app/Config/Routes.php')
 4 SYSTEMPATH/CodeIgniter.php(823): CodeIgniter\Router\RouteCollection->loadRoutes()
 5 SYSTEMPATH/CodeIgniter.php(457): CodeIgniter\CodeIgniter->tryToRouteIt(null)
 6 SYSTEMPATH/CodeIgniter.php(355): CodeIgniter\CodeIgniter->handleRequest(null, Object(Config\Cache), false)
 7 SYSTEMPATH/Boot.php(325): CodeIgniter\CodeIgniter->run()
 8 SYSTEMPATH/Boot.php(67): CodeIgniter\Boot::runCodeIgniter(Object(CodeIgniter\CodeIgniter))
 9 FCPATH/index.php(56): CodeIgniter\Boot::bootWeb(Object(Config\Paths))
WARNING - 2025-11-25 14:39:29 --> [DEPRECATED] Passing lowercase HTTP method "post" is deprecated. Use uppercase HTTP method like "POST". in SYSTEMPATH/Router/RouteCollection.php on line 1027.
 1 SYSTEMPATH/Router/RouteCollection.php(1027): trigger_error('Passing lowercase HTTP method "post" is deprecated. Use uppercase HTTP method like "POST".', 16384)
 2 APPPATH/Config/Routes.php(52): CodeIgniter\Router\RouteCollection->match([...], 'compte/repondre/(:num)', 'Compte::repondre/$1')
 3 SYSTEMPATH/Router/RouteCollection.php(340): require('/home/2025DIFAL3/e22308557/public_html/V1/ci/app/Config/Routes.php')
 4 SYSTEMPATH/CodeIgniter.php(823): CodeIgniter\Router\RouteCollection->loadRoutes()
 5 SYSTEMPATH/CodeIgniter.php(457): CodeIgniter\CodeIgniter->tryToRouteIt(null)
 6 SYSTEMPATH/CodeIgniter.php(355): CodeIgniter\CodeIgniter->handleRequest(null, Object(Config\Cache), false)
 7 SYSTEMPATH/Boot.php(325): CodeIgniter\CodeIgniter->run()
 8 SYSTEMPATH/Boot.php(67): CodeIgniter\Boot::runCodeIgniter(Object(CodeIgniter\CodeIgniter))
 9 FCPATH/index.php(56): CodeIgniter\Boot::bootWeb(Object(Config\Paths))
WARNING - 2025-11-25 14:39:29 --> [DEPRECATED] Creation of dynamic property App\Controllers\Compte::$model is deprecated in APPPATH/Controllers/Compte.php on line 11.
 1 SYSTEMPATH/CodeIgniter.php(903): App\Controllers\Compte->__construct()
 2 SYSTEMPATH/CodeIgniter.php(500): CodeIgniter\CodeIgniter->createController()
 3 SYSTEMPATH/CodeIgniter.php(355): CodeIgniter\CodeIgniter->handleRequest(null, Object(Config\Cache), false)
 4 SYSTEMPATH/Boot.php(325): CodeIgniter\CodeIgniter->run()
 5 SYSTEMPATH/Boot.php(67): CodeIgniter\Boot::runCodeIgniter(Object(CodeIgniter\CodeIgniter))
 6 FCPATH/index.php(56): CodeIgniter\Boot::bootWeb(Object(Config\Paths))
INFO - 2025-11-25 14:39:29 --> Session: Class initialized using 'CodeIgniter\Session\Handlers\FileHandler' driver.
WARNING - 2025-11-25 14:39:42 --> [DEPRECATED] Passing lowercase HTTP method "get" is deprecated. Use uppercase HTTP method like "GET". in SYSTEMPATH/Router/RouteCollection.php on line 1027.
 1 SYSTEMPATH/Router/RouteCollection.php(1027): trigger_error('Passing lowercase HTTP method "get" is deprecated. Use uppercase HTTP method like "GET".', 16384)
 2 APPPATH/Config/Routes.php(52): CodeIgniter\Router\RouteCollection->match([...], 'compte/repondre/(:num)', 'Compte::repondre/$1')
 3 SYSTEMPATH/Router/RouteCollection.php(340): require('/home/2025DIFAL3/e22308557/public_html/V1/ci/app/Config/Routes.php')
 4 SYSTEMPATH/CodeIgniter.php(823): CodeIgniter\Router\RouteCollection->loadRoutes()
 5 SYSTEMPATH/CodeIgniter.php(457): CodeIgniter\CodeIgniter->tryToRouteIt(null)
 6 SYSTEMPATH/CodeIgniter.php(355): CodeIgniter\CodeIgniter->handleRequest(null, Object(Config\Cache), false)
 7 SYSTEMPATH/Boot.php(325): CodeIgniter\CodeIgniter->run()
 8 SYSTEMPATH/Boot.php(67): CodeIgniter\Boot::runCodeIgniter(Object(CodeIgniter\CodeIgniter))
 9 FCPATH/index.php(56): CodeIgniter\Boot::bootWeb(Object(Config\Paths))
WARNING - 2025-11-25 14:39:42 --> [DEPRECATED] Passing lowercase HTTP method "post" is deprecated. Use uppercase HTTP method like "POST". in SYSTEMPATH/Router/RouteCollection.php on line 1027.
 1 SYSTEMPATH/Router/RouteCollection.php(1027): trigger_error('Passing lowercase HTTP method "post" is deprecated. Use uppercase HTTP method like "POST".', 16384)
 2 APPPATH/Config/Routes.php(52): CodeIgniter\Router\RouteCollection->match([...], 'compte/repondre/(:num)', 'Compte::repondre/$1')
 3 SYSTEMPATH/Router/RouteCollection.php(340): require('/home/2025DIFAL3/e22308557/public_html/V1/ci/app/Config/Routes.php')
 4 SYSTEMPATH/CodeIgniter.php(823): CodeIgniter\Router\RouteCollection->loadRoutes()
 5 SYSTEMPATH/CodeIgniter.php(457): CodeIgniter\CodeIgniter->tryToRouteIt(null)
 6 SYSTEMPATH/CodeIgniter.php(355): CodeIgniter\CodeIgniter->handleRequest(null, Object(Config\Cache), false)
 7 SYSTEMPATH/Boot.php(325): CodeIgniter\CodeIgniter->run()
 8 SYSTEMPATH/Boot.php(67): CodeIgniter\Boot::runCodeIgniter(Object(CodeIgniter\CodeIgniter))
 9 FCPATH/index.php(56): CodeIgniter\Boot::bootWeb(Object(Config\Paths))
WARNING - 2025-11-25 14:39:42 --> [DEPRECATED] Creation of dynamic property App\Controllers\Compte::$model is deprecated in APPPATH/Controllers/Compte.php on line 11.
 1 SYSTEMPATH/CodeIgniter.php(903): App\Controllers\Compte->__construct()
 2 SYSTEMPATH/CodeIgniter.php(500): CodeIgniter\CodeIgniter->createController()
 3 SYSTEMPATH/CodeIgniter.php(355): CodeIgniter\CodeIgniter->handleRequest(null, Object(Config\Cache), false)
 4 SYSTEMPATH/Boot.php(325): CodeIgniter\CodeIgniter->run()
 5 SYSTEMPATH/Boot.php(67): CodeIgniter\Boot::runCodeIgniter(Object(CodeIgniter\CodeIgniter))
 6 FCPATH/index.php(56): CodeIgniter\Boot::bootWeb(Object(Config\Paths))
INFO - 2025-11-25 14:39:42 --> Session: Class initialized using 'CodeIgniter\Session\Handlers\FileHandler' driver.
WARNING - 2025-11-25 14:40:00 --> [DEPRECATED] Passing lowercase HTTP method "get" is deprecated. Use uppercase HTTP method like "GET". in SYSTEMPATH/Router/RouteCollection.php on line 1027.
 1 SYSTEMPATH/Router/RouteCollection.php(1027): trigger_error('Passing lowercase HTTP method "get" is deprecated. Use uppercase HTTP method like "GET".', 16384)
 2 APPPATH/Config/Routes.php(52): CodeIgniter\Router\RouteCollection->match([...], 'compte/repondre/(:num)', 'Compte::repondre/$1')
 3 SYSTEMPATH/Router/RouteCollection.php(340): require('/home/2025DIFAL3/e22308557/public_html/V1/ci/app/Config/Routes.php')
 4 SYSTEMPATH/CodeIgniter.php(823): CodeIgniter\Router\RouteCollection->loadRoutes()
 5 SYSTEMPATH/CodeIgniter.php(457): CodeIgniter\CodeIgniter->tryToRouteIt(null)
 6 SYSTEMPATH/CodeIgniter.php(355): CodeIgniter\CodeIgniter->handleRequest(null, Object(Config\Cache), false)
 7 SYSTEMPATH/Boot.php(325): CodeIgniter\CodeIgniter->run()
 8 SYSTEMPATH/Boot.php(67): CodeIgniter\Boot::runCodeIgniter(Object(CodeIgniter\CodeIgniter))
 9 FCPATH/index.php(56): CodeIgniter\Boot::bootWeb(Object(Config\Paths))
WARNING - 2025-11-25 14:40:00 --> [DEPRECATED] Passing lowercase HTTP method "post" is deprecated. Use uppercase HTTP method like "POST". in SYSTEMPATH/Router/RouteCollection.php on line 1027.
 1 SYSTEMPATH/Router/RouteCollection.php(1027): trigger_error('Passing lowercase HTTP method "post" is deprecated. Use uppercase HTTP method like "POST".', 16384)
 2 APPPATH/Config/Routes.php(52): CodeIgniter\Router\RouteCollection->match([...], 'compte/repondre/(:num)', 'Compte::repondre/$1')
 3 SYSTEMPATH/Router/RouteCollection.php(340): require('/home/2025DIFAL3/e22308557/public_html/V1/ci/app/Config/Routes.php')
 4 SYSTEMPATH/CodeIgniter.php(823): CodeIgniter\Router\RouteCollection->loadRoutes()
 5 SYSTEMPATH/CodeIgniter.php(457): CodeIgniter\CodeIgniter->tryToRouteIt(null)
 6 SYSTEMPATH/CodeIgniter.php(355): CodeIgniter\CodeIgniter->handleRequest(null, Object(Config\Cache), false)
 7 SYSTEMPATH/Boot.php(325): CodeIgniter\CodeIgniter->run()
 8 SYSTEMPATH/Boot.php(67): CodeIgniter\Boot::runCodeIgniter(Object(CodeIgniter\CodeIgniter))
 9 FCPATH/index.php(56): CodeIgniter\Boot::bootWeb(Object(Config\Paths))
WARNING - 2025-11-25 14:40:43 --> [DEPRECATED] Passing lowercase HTTP method "get" is deprecated. Use uppercase HTTP method like "GET". in SYSTEMPATH/Router/RouteCollection.php on line 1027.
 1 SYSTEMPATH/Router/RouteCollection.php(1027): trigger_error('Passing lowercase HTTP method "get" is deprecated. Use uppercase HTTP method like "GET".', 16384)
 2 APPPATH/Config/Routes.php(52): CodeIgniter\Router\RouteCollection->match([...], 'compte/repondre/(:num)', 'Compte::repondre/$1')
 3 SYSTEMPATH/Router/RouteCollection.php(340): require('/home/2025DIFAL3/e22308557/public_html/V1/ci/app/Config/Routes.php')
 4 SYSTEMPATH/CodeIgniter.php(823): CodeIgniter\Router\RouteCollection->loadRoutes()
 5 SYSTEMPATH/CodeIgniter.php(457): CodeIgniter\CodeIgniter->tryToRouteIt(null)
 6 SYSTEMPATH/CodeIgniter.php(355): CodeIgniter\CodeIgniter->handleRequest(null, Object(Config\Cache), false)
 7 SYSTEMPATH/Boot.php(325): CodeIgniter\CodeIgniter->run()
 8 SYSTEMPATH/Boot.php(67): CodeIgniter\Boot::runCodeIgniter(Object(CodeIgniter\CodeIgniter))
 9 FCPATH/index.php(56): CodeIgniter\Boot::bootWeb(Object(Config\Paths))
WARNING - 2025-11-25 14:40:43 --> [DEPRECATED] Passing lowercase HTTP method "post" is deprecated. Use uppercase HTTP method like "POST". in SYSTEMPATH/Router/RouteCollection.php on line 1027.
 1 SYSTEMPATH/Router/RouteCollection.php(1027): trigger_error('Passing lowercase HTTP method "post" is deprecated. Use uppercase HTTP method like "POST".', 16384)
 2 APPPATH/Config/Routes.php(52): CodeIgniter\Router\RouteCollection->match([...], 'compte/repondre/(:num)', 'Compte::repondre/$1')
 3 SYSTEMPATH/Router/RouteCollection.php(340): require('/home/2025DIFAL3/e22308557/public_html/V1/ci/app/Config/Routes.php')
 4 SYSTEMPATH/CodeIgniter.php(823): CodeIgniter\Router\RouteCollection->loadRoutes()
 5 SYSTEMPATH/CodeIgniter.php(457): CodeIgniter\CodeIgniter->tryToRouteIt(null)
 6 SYSTEMPATH/CodeIgniter.php(355): CodeIgniter\CodeIgniter->handleRequest(null, Object(Config\Cache), false)
 7 SYSTEMPATH/Boot.php(325): CodeIgniter\CodeIgniter->run()
 8 SYSTEMPATH/Boot.php(67): CodeIgniter\Boot::runCodeIgniter(Object(CodeIgniter\CodeIgniter))
 9 FCPATH/index.php(56): CodeIgniter\Boot::bootWeb(Object(Config\Paths))
WARNING - 2025-11-25 14:40:47 --> [DEPRECATED] Passing lowercase HTTP method "get" is deprecated. Use uppercase HTTP method like "GET". in SYSTEMPATH/Router/RouteCollection.php on line 1027.
 1 SYSTEMPATH/Router/RouteCollection.php(1027): trigger_error('Passing lowercase HTTP method "get" is deprecated. Use uppercase HTTP method like "GET".', 16384)
 2 APPPATH/Config/Routes.php(52): CodeIgniter\Router\RouteCollection->match([...], 'compte/repondre/(:num)', 'Compte::repondre/$1')
 3 SYSTEMPATH/Router/RouteCollection.php(340): require('/home/2025DIFAL3/e22308557/public_html/V1/ci/app/Config/Routes.php')
 4 SYSTEMPATH/CodeIgniter.php(823): CodeIgniter\Router\RouteCollection->loadRoutes()
 5 SYSTEMPATH/CodeIgniter.php(457): CodeIgniter\CodeIgniter->tryToRouteIt(null)
 6 SYSTEMPATH/CodeIgniter.php(355): CodeIgniter\CodeIgniter->handleRequest(null, Object(Config\Cache), false)
 7 SYSTEMPATH/Boot.php(325): CodeIgniter\CodeIgniter->run()
 8 SYSTEMPATH/Boot.php(67): CodeIgniter\Boot::runCodeIgniter(Object(CodeIgniter\CodeIgniter))
 9 FCPATH/index.php(56): CodeIgniter\Boot::bootWeb(Object(Config\Paths))
WARNING - 2025-11-25 14:40:47 --> [DEPRECATED] Passing lowercase HTTP method "post" is deprecated. Use uppercase HTTP method like "POST". in SYSTEMPATH/Router/RouteCollection.php on line 1027.
 1 SYSTEMPATH/Router/RouteCollection.php(1027): trigger_error('Passing lowercase HTTP method "post" is deprecated. Use uppercase HTTP method like "POST".', 16384)
 2 APPPATH/Config/Routes.php(52): CodeIgniter\Router\RouteCollection->match([...], 'compte/repondre/(:num)', 'Compte::repondre/$1')
 3 SYSTEMPATH/Router/RouteCollection.php(340): require('/home/2025DIFAL3/e22308557/public_html/V1/ci/app/Config/Routes.php')
 4 SYSTEMPATH/CodeIgniter.php(823): CodeIgniter\Router\RouteCollection->loadRoutes()
 5 SYSTEMPATH/CodeIgniter.php(457): CodeIgniter\CodeIgniter->tryToRouteIt(null)
 6 SYSTEMPATH/CodeIgniter.php(355): CodeIgniter\CodeIgniter->handleRequest(null, Object(Config\Cache), false)
 7 SYSTEMPATH/Boot.php(325): CodeIgniter\CodeIgniter->run()
 8 SYSTEMPATH/Boot.php(67): CodeIgniter\Boot::runCodeIgniter(Object(CodeIgniter\CodeIgniter))
 9 FCPATH/index.php(56): CodeIgniter\Boot::bootWeb(Object(Config\Paths))
WARNING - 2025-11-25 14:40:47 --> [DEPRECATED] Creation of dynamic property App\Controllers\Compte::$model is deprecated in APPPATH/Controllers/Compte.php on line 11.
 1 SYSTEMPATH/CodeIgniter.php(903): App\Controllers\Compte->__construct()
 2 SYSTEMPATH/CodeIgniter.php(500): CodeIgniter\CodeIgniter->createController()
 3 SYSTEMPATH/CodeIgniter.php(355): CodeIgniter\CodeIgniter->handleRequest(null, Object(Config\Cache), false)
 4 SYSTEMPATH/Boot.php(325): CodeIgniter\CodeIgniter->run()
 5 SYSTEMPATH/Boot.php(67): CodeIgniter\Boot::runCodeIgniter(Object(CodeIgniter\CodeIgniter))
 6 FCPATH/index.php(56): CodeIgniter\Boot::bootWeb(Object(Config\Paths))
INFO - 2025-11-25 14:40:47 --> Session: Class initialized using 'CodeIgniter\Session\Handlers\FileHandler' driver.
WARNING - 2025-11-25 14:40:50 --> [DEPRECATED] Passing lowercase HTTP method "get" is deprecated. Use uppercase HTTP method like "GET". in SYSTEMPATH/Router/RouteCollection.php on line 1027.
 1 SYSTEMPATH/Router/RouteCollection.php(1027): trigger_error('Passing lowercase HTTP method "get" is deprecated. Use uppercase HTTP method like "GET".', 16384)
 2 APPPATH/Config/Routes.php(52): CodeIgniter\Router\RouteCollection->match([...], 'compte/repondre/(:num)', 'Compte::repondre/$1')
 3 SYSTEMPATH/Router/RouteCollection.php(340): require('/home/2025DIFAL3/e22308557/public_html/V1/ci/app/Config/Routes.php')
 4 SYSTEMPATH/CodeIgniter.php(823): CodeIgniter\Router\RouteCollection->loadRoutes()
 5 SYSTEMPATH/CodeIgniter.php(457): CodeIgniter\CodeIgniter->tryToRouteIt(null)
 6 SYSTEMPATH/CodeIgniter.php(355): CodeIgniter\CodeIgniter->handleRequest(null, Object(Config\Cache), false)
 7 SYSTEMPATH/Boot.php(325): CodeIgniter\CodeIgniter->run()
 8 SYSTEMPATH/Boot.php(67): CodeIgniter\Boot::runCodeIgniter(Object(CodeIgniter\CodeIgniter))
 9 FCPATH/index.php(56): CodeIgniter\Boot::bootWeb(Object(Config\Paths))
WARNING - 2025-11-25 14:40:50 --> [DEPRECATED] Passing lowercase HTTP method "post" is deprecated. Use uppercase HTTP method like "POST". in SYSTEMPATH/Router/RouteCollection.php on line 1027.
 1 SYSTEMPATH/Router/RouteCollection.php(1027): trigger_error('Passing lowercase HTTP method "post" is deprecated. Use uppercase HTTP method like "POST".', 16384)
 2 APPPATH/Config/Routes.php(52): CodeIgniter\Router\RouteCollection->match([...], 'compte/repondre/(:num)', 'Compte::repondre/$1')
 3 SYSTEMPATH/Router/RouteCollection.php(340): require('/home/2025DIFAL3/e22308557/public_html/V1/ci/app/Config/Routes.php')
 4 SYSTEMPATH/CodeIgniter.php(823): CodeIgniter\Router\RouteCollection->loadRoutes()
 5 SYSTEMPATH/CodeIgniter.php(457): CodeIgniter\CodeIgniter->tryToRouteIt(null)
 6 SYSTEMPATH/CodeIgniter.php(355): CodeIgniter\CodeIgniter->handleRequest(null, Object(Config\Cache), false)
 7 SYSTEMPATH/Boot.php(325): CodeIgniter\CodeIgniter->run()
 8 SYSTEMPATH/Boot.php(67): CodeIgniter\Boot::runCodeIgniter(Object(CodeIgniter\CodeIgniter))
 9 FCPATH/index.php(56): CodeIgniter\Boot::bootWeb(Object(Config\Paths))
WARNING - 2025-11-25 14:41:39 --> [DEPRECATED] Passing lowercase HTTP method "get" is deprecated. Use uppercase HTTP method like "GET". in SYSTEMPATH/Router/RouteCollection.php on line 1027.
 1 SYSTEMPATH/Router/RouteCollection.php(1027): trigger_error('Passing lowercase HTTP method "get" is deprecated. Use uppercase HTTP method like "GET".', 16384)
 2 APPPATH/Config/Routes.php(52): CodeIgniter\Router\RouteCollection->match([...], 'compte/repondre/(:num)', 'Compte::repondre/$1')
 3 SYSTEMPATH/Router/RouteCollection.php(340): require('/home/2025DIFAL3/e22308557/public_html/V1/ci/app/Config/Routes.php')
 4 SYSTEMPATH/CodeIgniter.php(823): CodeIgniter\Router\RouteCollection->loadRoutes()
 5 SYSTEMPATH/CodeIgniter.php(457): CodeIgniter\CodeIgniter->tryToRouteIt(null)
 6 SYSTEMPATH/CodeIgniter.php(355): CodeIgniter\CodeIgniter->handleRequest(null, Object(Config\Cache), false)
 7 SYSTEMPATH/Boot.php(325): CodeIgniter\CodeIgniter->run()
 8 SYSTEMPATH/Boot.php(67): CodeIgniter\Boot::runCodeIgniter(Object(CodeIgniter\CodeIgniter))
 9 FCPATH/index.php(56): CodeIgniter\Boot::bootWeb(Object(Config\Paths))
WARNING - 2025-11-25 14:41:39 --> [DEPRECATED] Passing lowercase HTTP method "post" is deprecated. Use uppercase HTTP method like "POST". in SYSTEMPATH/Router/RouteCollection.php on line 1027.
 1 SYSTEMPATH/Router/RouteCollection.php(1027): trigger_error('Passing lowercase HTTP method "post" is deprecated. Use uppercase HTTP method like "POST".', 16384)
 2 APPPATH/Config/Routes.php(52): CodeIgniter\Router\RouteCollection->match([...], 'compte/repondre/(:num)', 'Compte::repondre/$1')
 3 SYSTEMPATH/Router/RouteCollection.php(340): require('/home/2025DIFAL3/e22308557/public_html/V1/ci/app/Config/Routes.php')
 4 SYSTEMPATH/CodeIgniter.php(823): CodeIgniter\Router\RouteCollection->loadRoutes()
 5 SYSTEMPATH/CodeIgniter.php(457): CodeIgniter\CodeIgniter->tryToRouteIt(null)
 6 SYSTEMPATH/CodeIgniter.php(355): CodeIgniter\CodeIgniter->handleRequest(null, Object(Config\Cache), false)
 7 SYSTEMPATH/Boot.php(325): CodeIgniter\CodeIgniter->run()
 8 SYSTEMPATH/Boot.php(67): CodeIgniter\Boot::runCodeIgniter(Object(CodeIgniter\CodeIgniter))
 9 FCPATH/index.php(56): CodeIgniter\Boot::bootWeb(Object(Config\Paths))
WARNING - 2025-11-25 14:41:39 --> [DEPRECATED] Creation of dynamic property App\Controllers\Compte::$model is deprecated in APPPATH/Controllers/Compte.php on line 11.
 1 SYSTEMPATH/CodeIgniter.php(903): App\Controllers\Compte->__construct()
 2 SYSTEMPATH/CodeIgniter.php(500): CodeIgniter\CodeIgniter->createController()
 3 SYSTEMPATH/CodeIgniter.php(355): CodeIgniter\CodeIgniter->handleRequest(null, Object(Config\Cache), false)
 4 SYSTEMPATH/Boot.php(325): CodeIgniter\CodeIgniter->run()
 5 SYSTEMPATH/Boot.php(67): CodeIgniter\Boot::runCodeIgniter(Object(CodeIgniter\CodeIgniter))
 6 FCPATH/index.php(56): CodeIgniter\Boot::bootWeb(Object(Config\Paths))
INFO - 2025-11-25 14:41:39 --> Session: Class initialized using 'CodeIgniter\Session\Handlers\FileHandler' driver.
WARNING - 2025-11-25 14:41:52 --> [DEPRECATED] Passing lowercase HTTP method "get" is deprecated. Use uppercase HTTP method like "GET". in SYSTEMPATH/Router/RouteCollection.php on line 1027.
 1 SYSTEMPATH/Router/RouteCollection.php(1027): trigger_error('Passing lowercase HTTP method "get" is deprecated. Use uppercase HTTP method like "GET".', 16384)
 2 APPPATH/Config/Routes.php(52): CodeIgniter\Router\RouteCollection->match([...], 'compte/repondre/(:num)', 'Compte::repondre/$1')
 3 SYSTEMPATH/Router/RouteCollection.php(340): require('/home/2025DIFAL3/e22308557/public_html/V1/ci/app/Config/Routes.php')
 4 SYSTEMPATH/CodeIgniter.php(823): CodeIgniter\Router\RouteCollection->loadRoutes()
 5 SYSTEMPATH/CodeIgniter.php(457): CodeIgniter\CodeIgniter->tryToRouteIt(null)
 6 SYSTEMPATH/CodeIgniter.php(355): CodeIgniter\CodeIgniter->handleRequest(null, Object(Config\Cache), false)
 7 SYSTEMPATH/Boot.php(325): CodeIgniter\CodeIgniter->run()
 8 SYSTEMPATH/Boot.php(67): CodeIgniter\Boot::runCodeIgniter(Object(CodeIgniter\CodeIgniter))
 9 FCPATH/index.php(56): CodeIgniter\Boot::bootWeb(Object(Config\Paths))
WARNING - 2025-11-25 14:41:52 --> [DEPRECATED] Passing lowercase HTTP method "post" is deprecated. Use uppercase HTTP method like "POST". in SYSTEMPATH/Router/RouteCollection.php on line 1027.
 1 SYSTEMPATH/Router/RouteCollection.php(1027): trigger_error('Passing lowercase HTTP method "post" is deprecated. Use uppercase HTTP method like "POST".', 16384)
 2 APPPATH/Config/Routes.php(52): CodeIgniter\Router\RouteCollection->match([...], 'compte/repondre/(:num)', 'Compte::repondre/$1')
 3 SYSTEMPATH/Router/RouteCollection.php(340): require('/home/2025DIFAL3/e22308557/public_html/V1/ci/app/Config/Routes.php')
 4 SYSTEMPATH/CodeIgniter.php(823): CodeIgniter\Router\RouteCollection->loadRoutes()
 5 SYSTEMPATH/CodeIgniter.php(457): CodeIgniter\CodeIgniter->tryToRouteIt(null)
 6 SYSTEMPATH/CodeIgniter.php(355): CodeIgniter\CodeIgniter->handleRequest(null, Object(Config\Cache), false)
 7 SYSTEMPATH/Boot.php(325): CodeIgniter\CodeIgniter->run()
 8 SYSTEMPATH/Boot.php(67): CodeIgniter\Boot::runCodeIgniter(Object(CodeIgniter\CodeIgniter))
 9 FCPATH/index.php(56): CodeIgniter\Boot::bootWeb(Object(Config\Paths))
WARNING - 2025-11-25 14:42:08 --> [DEPRECATED] Passing lowercase HTTP method "get" is deprecated. Use uppercase HTTP method like "GET". in SYSTEMPATH/Router/RouteCollection.php on line 1027.
 1 SYSTEMPATH/Router/RouteCollection.php(1027): trigger_error('Passing lowercase HTTP method "get" is deprecated. Use uppercase HTTP method like "GET".', 16384)
 2 APPPATH/Config/Routes.php(52): CodeIgniter\Router\RouteCollection->match([...], 'compte/repondre/(:num)', 'Compte::repondre/$1')
 3 SYSTEMPATH/Router/RouteCollection.php(340): require('/home/2025DIFAL3/e22308557/public_html/V1/ci/app/Config/Routes.php')
 4 SYSTEMPATH/CodeIgniter.php(823): CodeIgniter\Router\RouteCollection->loadRoutes()
 5 SYSTEMPATH/CodeIgniter.php(457): CodeIgniter\CodeIgniter->tryToRouteIt(null)
 6 SYSTEMPATH/CodeIgniter.php(355): CodeIgniter\CodeIgniter->handleRequest(null, Object(Config\Cache), false)
 7 SYSTEMPATH/Boot.php(325): CodeIgniter\CodeIgniter->run()
 8 SYSTEMPATH/Boot.php(67): CodeIgniter\Boot::runCodeIgniter(Object(CodeIgniter\CodeIgniter))
 9 FCPATH/index.php(56): CodeIgniter\Boot::bootWeb(Object(Config\Paths))
WARNING - 2025-11-25 14:42:08 --> [DEPRECATED] Passing lowercase HTTP method "post" is deprecated. Use uppercase HTTP method like "POST". in SYSTEMPATH/Router/RouteCollection.php on line 1027.
 1 SYSTEMPATH/Router/RouteCollection.php(1027): trigger_error('Passing lowercase HTTP method "post" is deprecated. Use uppercase HTTP method like "POST".', 16384)
 2 APPPATH/Config/Routes.php(52): CodeIgniter\Router\RouteCollection->match([...], 'compte/repondre/(:num)', 'Compte::repondre/$1')
 3 SYSTEMPATH/Router/RouteCollection.php(340): require('/home/2025DIFAL3/e22308557/public_html/V1/ci/app/Config/Routes.php')
 4 SYSTEMPATH/CodeIgniter.php(823): CodeIgniter\Router\RouteCollection->loadRoutes()
 5 SYSTEMPATH/CodeIgniter.php(457): CodeIgniter\CodeIgniter->tryToRouteIt(null)
 6 SYSTEMPATH/CodeIgniter.php(355): CodeIgniter\CodeIgniter->handleRequest(null, Object(Config\Cache), false)
 7 SYSTEMPATH/Boot.php(325): CodeIgniter\CodeIgniter->run()
 8 SYSTEMPATH/Boot.php(67): CodeIgniter\Boot::runCodeIgniter(Object(CodeIgniter\CodeIgniter))
 9 FCPATH/index.php(56): CodeIgniter\Boot::bootWeb(Object(Config\Paths))
WARNING - 2025-11-25 14:42:08 --> [DEPRECATED] Creation of dynamic property App\Controllers\Compte::$model is deprecated in APPPATH/Controllers/Compte.php on line 11.
 1 SYSTEMPATH/CodeIgniter.php(903): App\Controllers\Compte->__construct()
 2 SYSTEMPATH/CodeIgniter.php(500): CodeIgniter\CodeIgniter->createController()
 3 SYSTEMPATH/CodeIgniter.php(355): CodeIgniter\CodeIgniter->handleRequest(null, Object(Config\Cache), false)
 4 SYSTEMPATH/Boot.php(325): CodeIgniter\CodeIgniter->run()
 5 SYSTEMPATH/Boot.php(67): CodeIgniter\Boot::runCodeIgniter(Object(CodeIgniter\CodeIgniter))
 6 FCPATH/index.php(56): CodeIgniter\Boot::bootWeb(Object(Config\Paths))
INFO - 2025-11-25 14:42:08 --> Session: Class initialized using 'CodeIgniter\Session\Handlers\FileHandler' driver.
WARNING - 2025-11-25 14:42:14 --> [DEPRECATED] Passing lowercase HTTP method "get" is deprecated. Use uppercase HTTP method like "GET". in SYSTEMPATH/Router/RouteCollection.php on line 1027.
 1 SYSTEMPATH/Router/RouteCollection.php(1027): trigger_error('Passing lowercase HTTP method "get" is deprecated. Use uppercase HTTP method like "GET".', 16384)
 2 APPPATH/Config/Routes.php(52): CodeIgniter\Router\RouteCollection->match([...], 'compte/repondre/(:num)', 'Compte::repondre/$1')
 3 SYSTEMPATH/Router/RouteCollection.php(340): require('/home/2025DIFAL3/e22308557/public_html/V1/ci/app/Config/Routes.php')
 4 SYSTEMPATH/CodeIgniter.php(823): CodeIgniter\Router\RouteCollection->loadRoutes()
 5 SYSTEMPATH/CodeIgniter.php(457): CodeIgniter\CodeIgniter->tryToRouteIt(null)
 6 SYSTEMPATH/CodeIgniter.php(355): CodeIgniter\CodeIgniter->handleRequest(null, Object(Config\Cache), false)
 7 SYSTEMPATH/Boot.php(325): CodeIgniter\CodeIgniter->run()
 8 SYSTEMPATH/Boot.php(67): CodeIgniter\Boot::runCodeIgniter(Object(CodeIgniter\CodeIgniter))
 9 FCPATH/index.php(56): CodeIgniter\Boot::bootWeb(Object(Config\Paths))
WARNING - 2025-11-25 14:42:14 --> [DEPRECATED] Passing lowercase HTTP method "post" is deprecated. Use uppercase HTTP method like "POST". in SYSTEMPATH/Router/RouteCollection.php on line 1027.
 1 SYSTEMPATH/Router/RouteCollection.php(1027): trigger_error('Passing lowercase HTTP method "post" is deprecated. Use uppercase HTTP method like "POST".', 16384)
 2 APPPATH/Config/Routes.php(52): CodeIgniter\Router\RouteCollection->match([...], 'compte/repondre/(:num)', 'Compte::repondre/$1')
 3 SYSTEMPATH/Router/RouteCollection.php(340): require('/home/2025DIFAL3/e22308557/public_html/V1/ci/app/Config/Routes.php')
 4 SYSTEMPATH/CodeIgniter.php(823): CodeIgniter\Router\RouteCollection->loadRoutes()
 5 SYSTEMPATH/CodeIgniter.php(457): CodeIgniter\CodeIgniter->tryToRouteIt(null)
 6 SYSTEMPATH/CodeIgniter.php(355): CodeIgniter\CodeIgniter->handleRequest(null, Object(Config\Cache), false)
 7 SYSTEMPATH/Boot.php(325): CodeIgniter\CodeIgniter->run()
 8 SYSTEMPATH/Boot.php(67): CodeIgniter\Boot::runCodeIgniter(Object(CodeIgniter\CodeIgniter))
 9 FCPATH/index.php(56): CodeIgniter\Boot::bootWeb(Object(Config\Paths))
WARNING - 2025-11-25 14:42:14 --> [DEPRECATED] Creation of dynamic property App\Controllers\Compte::$model is deprecated in APPPATH/Controllers/Compte.php on line 11.
 1 SYSTEMPATH/CodeIgniter.php(903): App\Controllers\Compte->__construct()
 2 SYSTEMPATH/CodeIgniter.php(500): CodeIgniter\CodeIgniter->createController()
 3 SYSTEMPATH/CodeIgniter.php(355): CodeIgniter\CodeIgniter->handleRequest(null, Object(Config\Cache), false)
 4 SYSTEMPATH/Boot.php(325): CodeIgniter\CodeIgniter->run()
 5 SYSTEMPATH/Boot.php(67): CodeIgniter\Boot::runCodeIgniter(Object(CodeIgniter\CodeIgniter))
 6 FCPATH/index.php(56): CodeIgniter\Boot::bootWeb(Object(Config\Paths))
INFO - 2025-11-25 14:42:14 --> Session: Class initialized using 'CodeIgniter\Session\Handlers\FileHandler' driver.
