WARNING - 2025-11-27 11:53:06 --> [DEPRECATED] Passing lowercase HTTP method "get" is deprecated. Use uppercase HTTP method like "GET". in SYSTEMPATH/Router/RouteCollection.php on line 1027.
 1 SYSTEMPATH/Router/RouteCollection.php(1027): trigger_error('Passing lowercase HTTP method "get" is deprecated. Use uppercase HTTP method like "GET".', 16384)
 2 APPPATH/Config/Routes.php(52): CodeIgniter\Router\RouteCollection->match([...], 'compte/repondre/(:num)', 'Compte::repondre/$1')
 3 SYSTEMPATH/Router/RouteCollection.php(340): require('/home/2025DIFAL3/e22308557/public_html/V1/ci/app/Config/Routes.php')
 4 SYSTEMPATH/CodeIgniter.php(823): CodeIgniter\Router\RouteCollection->loadRoutes()
 5 SYSTEMPATH/CodeIgniter.php(457): CodeIgniter\CodeIgniter->tryToRouteIt(null)
 6 SYSTEMPATH/CodeIgniter.php(355): CodeIgniter\CodeIgniter->handleRequest(null, Object(Config\Cache), false)
 7 SYSTEMPATH/Boot.php(325): CodeIgniter\CodeIgniter->run()
 8 SYSTEMPATH/Boot.php(67): CodeIgniter\Boot::runCodeIgniter(Object(CodeIgniter\CodeIgniter))
 9 FCPATH/index.php(56): CodeIgniter\Boot::bootWeb(Object(Config\Paths))
WARNING - 2025-11-27 11:53:06 --> [DEPRECATED] Passing lowercase HTTP method "post" is deprecated. Use uppercase HTTP method like "POST". in SYSTEMPATH/Router/RouteCollection.php on line 1027.
 1 SYSTEMPATH/Router/RouteCollection.php(1027): trigger_error('Passing lowercase HTTP method "post" is deprecated. Use uppercase HTTP method like "POST".', 16384)
 2 APPPATH/Config/Routes.php(52): CodeIgniter\Router\RouteCollection->match([...], 'compte/repondre/(:num)', 'Compte::repondre/$1')
 3 SYSTEMPATH/Router/RouteCollection.php(340): require('/home/2025DIFAL3/e22308557/public_html/V1/ci/app/Config/Routes.php')
 4 SYSTEMPATH/CodeIgniter.php(823): CodeIgniter\Router\RouteCollection->loadRoutes()
 5 SYSTEMPATH/CodeIgniter.php(457): CodeIgniter\CodeIgniter->tryToRouteIt(null)
 6 SYSTEMPATH/CodeIgniter.php(355): CodeIgniter\CodeIgniter->handleRequest(null, Object(Config\Cache), false)
 7 SYSTEMPATH/Boot.php(325): CodeIgniter\CodeIgniter->run()
 8 SYSTEMPATH/Boot.php(67): CodeIgniter\Boot::runCodeIgniter(Object(CodeIgniter\CodeIgniter))
 9 FCPATH/index.php(56): CodeIgniter\Boot::bootWeb(Object(Config\Paths))
WARNING - 2025-11-27 11:53:13 --> [DEPRECATED] Passing lowercase HTTP method "get" is deprecated. Use uppercase HTTP method like "GET". in SYSTEMPATH/Router/RouteCollection.php on line 1027.
 1 SYSTEMPATH/Router/RouteCollection.php(1027): trigger_error('Passing lowercase HTTP method "get" is deprecated. Use uppercase HTTP method like "GET".', 16384)
 2 APPPATH/Config/Routes.php(52): CodeIgniter\Router\RouteCollection->match([...], 'compte/repondre/(:num)', 'Compte::repondre/$1')
 3 SYSTEMPATH/Router/RouteCollection.php(340): require('/home/2025DIFAL3/e22308557/public_html/V1/ci/app/Config/Routes.php')
 4 SYSTEMPATH/CodeIgniter.php(823): CodeIgniter\Router\RouteCollection->loadRoutes()
 5 SYSTEMPATH/CodeIgniter.php(457): CodeIgniter\CodeIgniter->tryToRouteIt(null)
 6 SYSTEMPATH/CodeIgniter.php(355): CodeIgniter\CodeIgniter->handleRequest(null, Object(Config\Cache), false)
 7 SYSTEMPATH/Boot.php(325): CodeIgniter\CodeIgniter->run()
 8 SYSTEMPATH/Boot.php(67): CodeIgniter\Boot::runCodeIgniter(Object(CodeIgniter\CodeIgniter))
 9 FCPATH/index.php(56): CodeIgniter\Boot::bootWeb(Object(Config\Paths))
WARNING - 2025-11-27 11:53:13 --> [DEPRECATED] Passing lowercase HTTP method "post" is deprecated. Use uppercase HTTP method like "POST". in SYSTEMPATH/Router/RouteCollection.php on line 1027.
 1 SYSTEMPATH/Router/RouteCollection.php(1027): trigger_error('Passing lowercase HTTP method "post" is deprecated. Use uppercase HTTP method like "POST".', 16384)
 2 APPPATH/Config/Routes.php(52): CodeIgniter\Router\RouteCollection->match([...], 'compte/repondre/(:num)', 'Compte::repondre/$1')
 3 SYSTEMPATH/Router/RouteCollection.php(340): require('/home/2025DIFAL3/e22308557/public_html/V1/ci/app/Config/Routes.php')
 4 SYSTEMPATH/CodeIgniter.php(823): CodeIgniter\Router\RouteCollection->loadRoutes()
 5 SYSTEMPATH/CodeIgniter.php(457): CodeIgniter\CodeIgniter->tryToRouteIt(null)
 6 SYSTEMPATH/CodeIgniter.php(355): CodeIgniter\CodeIgniter->handleRequest(null, Object(Config\Cache), false)
 7 SYSTEMPATH/Boot.php(325): CodeIgniter\CodeIgniter->run()
 8 SYSTEMPATH/Boot.php(67): CodeIgniter\Boot::runCodeIgniter(Object(CodeIgniter\CodeIgniter))
 9 FCPATH/index.php(56): CodeIgniter\Boot::bootWeb(Object(Config\Paths))
WARNING - 2025-11-27 11:53:13 --> [DEPRECATED] Creation of dynamic property App\Controllers\Compte::$model is deprecated in APPPATH/Controllers/Compte.php on line 11.
 1 SYSTEMPATH/CodeIgniter.php(903): App\Controllers\Compte->__construct()
 2 SYSTEMPATH/CodeIgniter.php(500): CodeIgniter\CodeIgniter->createController()
 3 SYSTEMPATH/CodeIgniter.php(355): CodeIgniter\CodeIgniter->handleRequest(null, Object(Config\Cache), false)
 4 SYSTEMPATH/Boot.php(325): CodeIgniter\CodeIgniter->run()
 5 SYSTEMPATH/Boot.php(67): CodeIgniter\Boot::runCodeIgniter(Object(CodeIgniter\CodeIgniter))
 6 FCPATH/index.php(56): CodeIgniter\Boot::bootWeb(Object(Config\Paths))
INFO - 2025-11-27 11:53:13 --> Session: Class initialized using 'CodeIgniter\Session\Handlers\FileHandler' driver.
WARNING - 2025-11-27 11:53:38 --> [DEPRECATED] Passing lowercase HTTP method "get" is deprecated. Use uppercase HTTP method like "GET". in SYSTEMPATH/Router/RouteCollection.php on line 1027.
 1 SYSTEMPATH/Router/RouteCollection.php(1027): trigger_error('Passing lowercase HTTP method "get" is deprecated. Use uppercase HTTP method like "GET".', 16384)
 2 APPPATH/Config/Routes.php(52): CodeIgniter\Router\RouteCollection->match([...], 'compte/repondre/(:num)', 'Compte::repondre/$1')
 3 SYSTEMPATH/Router/RouteCollection.php(340): require('/home/2025DIFAL3/e22308557/public_html/V1/ci/app/Config/Routes.php')
 4 SYSTEMPATH/CodeIgniter.php(823): CodeIgniter\Router\RouteCollection->loadRoutes()
 5 SYSTEMPATH/CodeIgniter.php(457): CodeIgniter\CodeIgniter->tryToRouteIt(null)
 6 SYSTEMPATH/CodeIgniter.php(355): CodeIgniter\CodeIgniter->handleRequest(null, Object(Config\Cache), false)
 7 SYSTEMPATH/Boot.php(325): CodeIgniter\CodeIgniter->run()
 8 SYSTEMPATH/Boot.php(67): CodeIgniter\Boot::runCodeIgniter(Object(CodeIgniter\CodeIgniter))
 9 FCPATH/index.php(56): CodeIgniter\Boot::bootWeb(Object(Config\Paths))
WARNING - 2025-11-27 11:53:38 --> [DEPRECATED] Passing lowercase HTTP method "post" is deprecated. Use uppercase HTTP method like "POST". in SYSTEMPATH/Router/RouteCollection.php on line 1027.
 1 SYSTEMPATH/Router/RouteCollection.php(1027): trigger_error('Passing lowercase HTTP method "post" is deprecated. Use uppercase HTTP method like "POST".', 16384)
 2 APPPATH/Config/Routes.php(52): CodeIgniter\Router\RouteCollection->match([...], 'compte/repondre/(:num)', 'Compte::repondre/$1')
 3 SYSTEMPATH/Router/RouteCollection.php(340): require('/home/2025DIFAL3/e22308557/public_html/V1/ci/app/Config/Routes.php')
 4 SYSTEMPATH/CodeIgniter.php(823): CodeIgniter\Router\RouteCollection->loadRoutes()
 5 SYSTEMPATH/CodeIgniter.php(457): CodeIgniter\CodeIgniter->tryToRouteIt(null)
 6 SYSTEMPATH/CodeIgniter.php(355): CodeIgniter\CodeIgniter->handleRequest(null, Object(Config\Cache), false)
 7 SYSTEMPATH/Boot.php(325): CodeIgniter\CodeIgniter->run()
 8 SYSTEMPATH/Boot.php(67): CodeIgniter\Boot::runCodeIgniter(Object(CodeIgniter\CodeIgniter))
 9 FCPATH/index.php(56): CodeIgniter\Boot::bootWeb(Object(Config\Paths))
WARNING - 2025-11-27 11:53:38 --> [DEPRECATED] Creation of dynamic property App\Controllers\Compte::$model is deprecated in APPPATH/Controllers/Compte.php on line 11.
 1 SYSTEMPATH/CodeIgniter.php(903): App\Controllers\Compte->__construct()
 2 SYSTEMPATH/CodeIgniter.php(500): CodeIgniter\CodeIgniter->createController()
 3 SYSTEMPATH/CodeIgniter.php(355): CodeIgniter\CodeIgniter->handleRequest(null, Object(Config\Cache), false)
 4 SYSTEMPATH/Boot.php(325): CodeIgniter\CodeIgniter->run()
 5 SYSTEMPATH/Boot.php(67): CodeIgniter\Boot::runCodeIgniter(Object(CodeIgniter\CodeIgniter))
 6 FCPATH/index.php(56): CodeIgniter\Boot::bootWeb(Object(Config\Paths))
INFO - 2025-11-27 11:53:38 --> Session: Class initialized using 'CodeIgniter\Session\Handlers\FileHandler' driver.
WARNING - 2025-11-27 11:53:38 --> [DEPRECATED] Passing lowercase HTTP method "get" is deprecated. Use uppercase HTTP method like "GET". in SYSTEMPATH/Router/RouteCollection.php on line 1027.
 1 SYSTEMPATH/Router/RouteCollection.php(1027): trigger_error('Passing lowercase HTTP method "get" is deprecated. Use uppercase HTTP method like "GET".', 16384)
 2 APPPATH/Config/Routes.php(52): CodeIgniter\Router\RouteCollection->match([...], 'compte/repondre/(:num)', 'Compte::repondre/$1')
 3 SYSTEMPATH/Router/RouteCollection.php(340): require('/home/2025DIFAL3/e22308557/public_html/V1/ci/app/Config/Routes.php')
 4 SYSTEMPATH/CodeIgniter.php(823): CodeIgniter\Router\RouteCollection->loadRoutes()
 5 SYSTEMPATH/CodeIgniter.php(457): CodeIgniter\CodeIgniter->tryToRouteIt(null)
 6 SYSTEMPATH/CodeIgniter.php(355): CodeIgniter\CodeIgniter->handleRequest(null, Object(Config\Cache), false)
 7 SYSTEMPATH/Boot.php(325): CodeIgniter\CodeIgniter->run()
 8 SYSTEMPATH/Boot.php(67): CodeIgniter\Boot::runCodeIgniter(Object(CodeIgniter\CodeIgniter))
 9 FCPATH/index.php(56): CodeIgniter\Boot::bootWeb(Object(Config\Paths))
WARNING - 2025-11-27 11:53:38 --> [DEPRECATED] Passing lowercase HTTP method "post" is deprecated. Use uppercase HTTP method like "POST". in SYSTEMPATH/Router/RouteCollection.php on line 1027.
 1 SYSTEMPATH/Router/RouteCollection.php(1027): trigger_error('Passing lowercase HTTP method "post" is deprecated. Use uppercase HTTP method like "POST".', 16384)
 2 APPPATH/Config/Routes.php(52): CodeIgniter\Router\RouteCollection->match([...], 'compte/repondre/(:num)', 'Compte::repondre/$1')
 3 SYSTEMPATH/Router/RouteCollection.php(340): require('/home/2025DIFAL3/e22308557/public_html/V1/ci/app/Config/Routes.php')
 4 SYSTEMPATH/CodeIgniter.php(823): CodeIgniter\Router\RouteCollection->loadRoutes()
 5 SYSTEMPATH/CodeIgniter.php(457): CodeIgniter\CodeIgniter->tryToRouteIt(null)
 6 SYSTEMPATH/CodeIgniter.php(355): CodeIgniter\CodeIgniter->handleRequest(null, Object(Config\Cache), false)
 7 SYSTEMPATH/Boot.php(325): CodeIgniter\CodeIgniter->run()
 8 SYSTEMPATH/Boot.php(67): CodeIgniter\Boot::runCodeIgniter(Object(CodeIgniter\CodeIgniter))
 9 FCPATH/index.php(56): CodeIgniter\Boot::bootWeb(Object(Config\Paths))
WARNING - 2025-11-27 11:53:38 --> [DEPRECATED] Creation of dynamic property App\Controllers\Compte::$model is deprecated in APPPATH/Controllers/Compte.php on line 11.
 1 SYSTEMPATH/CodeIgniter.php(903): App\Controllers\Compte->__construct()
 2 SYSTEMPATH/CodeIgniter.php(500): CodeIgniter\CodeIgniter->createController()
 3 SYSTEMPATH/CodeIgniter.php(355): CodeIgniter\CodeIgniter->handleRequest(null, Object(Config\Cache), false)
 4 SYSTEMPATH/Boot.php(325): CodeIgniter\CodeIgniter->run()
 5 SYSTEMPATH/Boot.php(67): CodeIgniter\Boot::runCodeIgniter(Object(CodeIgniter\CodeIgniter))
 6 FCPATH/index.php(56): CodeIgniter\Boot::bootWeb(Object(Config\Paths))
INFO - 2025-11-27 11:53:38 --> Session: Class initialized using 'CodeIgniter\Session\Handlers\FileHandler' driver.
WARNING - 2025-11-27 11:54:19 --> [DEPRECATED] Passing lowercase HTTP method "get" is deprecated. Use uppercase HTTP method like "GET". in SYSTEMPATH/Router/RouteCollection.php on line 1027.
 1 SYSTEMPATH/Router/RouteCollection.php(1027): trigger_error('Passing lowercase HTTP method "get" is deprecated. Use uppercase HTTP method like "GET".', 16384)
 2 APPPATH/Config/Routes.php(52): CodeIgniter\Router\RouteCollection->match([...], 'compte/repondre/(:num)', 'Compte::repondre/$1')
 3 SYSTEMPATH/Router/RouteCollection.php(340): require('/home/2025DIFAL3/e22308557/public_html/V1/ci/app/Config/Routes.php')
 4 SYSTEMPATH/CodeIgniter.php(823): CodeIgniter\Router\RouteCollection->loadRoutes()
 5 SYSTEMPATH/CodeIgniter.php(457): CodeIgniter\CodeIgniter->tryToRouteIt(null)
 6 SYSTEMPATH/CodeIgniter.php(355): CodeIgniter\CodeIgniter->handleRequest(null, Object(Config\Cache), false)
 7 SYSTEMPATH/Boot.php(325): CodeIgniter\CodeIgniter->run()
 8 SYSTEMPATH/Boot.php(67): CodeIgniter\Boot::runCodeIgniter(Object(CodeIgniter\CodeIgniter))
 9 FCPATH/index.php(56): CodeIgniter\Boot::bootWeb(Object(Config\Paths))
WARNING - 2025-11-27 11:54:19 --> [DEPRECATED] Passing lowercase HTTP method "post" is deprecated. Use uppercase HTTP method like "POST". in SYSTEMPATH/Router/RouteCollection.php on line 1027.
 1 SYSTEMPATH/Router/RouteCollection.php(1027): trigger_error('Passing lowercase HTTP method "post" is deprecated. Use uppercase HTTP method like "POST".', 16384)
 2 APPPATH/Config/Routes.php(52): CodeIgniter\Router\RouteCollection->match([...], 'compte/repondre/(:num)', 'Compte::repondre/$1')
 3 SYSTEMPATH/Router/RouteCollection.php(340): require('/home/2025DIFAL3/e22308557/public_html/V1/ci/app/Config/Routes.php')
 4 SYSTEMPATH/CodeIgniter.php(823): CodeIgniter\Router\RouteCollection->loadRoutes()
 5 SYSTEMPATH/CodeIgniter.php(457): CodeIgniter\CodeIgniter->tryToRouteIt(null)
 6 SYSTEMPATH/CodeIgniter.php(355): CodeIgniter\CodeIgniter->handleRequest(null, Object(Config\Cache), false)
 7 SYSTEMPATH/Boot.php(325): CodeIgniter\CodeIgniter->run()
 8 SYSTEMPATH/Boot.php(67): CodeIgniter\Boot::runCodeIgniter(Object(CodeIgniter\CodeIgniter))
 9 FCPATH/index.php(56): CodeIgniter\Boot::bootWeb(Object(Config\Paths))
WARNING - 2025-11-27 11:54:19 --> [DEPRECATED] Creation of dynamic property App\Controllers\Compte::$model is deprecated in APPPATH/Controllers/Compte.php on line 11.
 1 SYSTEMPATH/CodeIgniter.php(903): App\Controllers\Compte->__construct()
 2 SYSTEMPATH/CodeIgniter.php(500): CodeIgniter\CodeIgniter->createController()
 3 SYSTEMPATH/CodeIgniter.php(355): CodeIgniter\CodeIgniter->handleRequest(null, Object(Config\Cache), false)
 4 SYSTEMPATH/Boot.php(325): CodeIgniter\CodeIgniter->run()
 5 SYSTEMPATH/Boot.php(67): CodeIgniter\Boot::runCodeIgniter(Object(CodeIgniter\CodeIgniter))
 6 FCPATH/index.php(56): CodeIgniter\Boot::bootWeb(Object(Config\Paths))
INFO - 2025-11-27 11:54:19 --> Session: Class initialized using 'CodeIgniter\Session\Handlers\FileHandler' driver.
WARNING - 2025-11-27 11:55:30 --> [DEPRECATED] Passing lowercase HTTP method "get" is deprecated. Use uppercase HTTP method like "GET". in SYSTEMPATH/Router/RouteCollection.php on line 1027.
 1 SYSTEMPATH/Router/RouteCollection.php(1027): trigger_error('Passing lowercase HTTP method "get" is deprecated. Use uppercase HTTP method like "GET".', 16384)
 2 APPPATH/Config/Routes.php(52): CodeIgniter\Router\RouteCollection->match([...], 'compte/repondre/(:num)', 'Compte::repondre/$1')
 3 SYSTEMPATH/Router/RouteCollection.php(340): require('/home/2025DIFAL3/e22308557/public_html/V1/ci/app/Config/Routes.php')
 4 SYSTEMPATH/CodeIgniter.php(823): CodeIgniter\Router\RouteCollection->loadRoutes()
 5 SYSTEMPATH/CodeIgniter.php(457): CodeIgniter\CodeIgniter->tryToRouteIt(null)
 6 SYSTEMPATH/CodeIgniter.php(355): CodeIgniter\CodeIgniter->handleRequest(null, Object(Config\Cache), false)
 7 SYSTEMPATH/Boot.php(325): CodeIgniter\CodeIgniter->run()
 8 SYSTEMPATH/Boot.php(67): CodeIgniter\Boot::runCodeIgniter(Object(CodeIgniter\CodeIgniter))
 9 FCPATH/index.php(56): CodeIgniter\Boot::bootWeb(Object(Config\Paths))
WARNING - 2025-11-27 11:55:30 --> [DEPRECATED] Passing lowercase HTTP method "post" is deprecated. Use uppercase HTTP method like "POST". in SYSTEMPATH/Router/RouteCollection.php on line 1027.
 1 SYSTEMPATH/Router/RouteCollection.php(1027): trigger_error('Passing lowercase HTTP method "post" is deprecated. Use uppercase HTTP method like "POST".', 16384)
 2 APPPATH/Config/Routes.php(52): CodeIgniter\Router\RouteCollection->match([...], 'compte/repondre/(:num)', 'Compte::repondre/$1')
 3 SYSTEMPATH/Router/RouteCollection.php(340): require('/home/2025DIFAL3/e22308557/public_html/V1/ci/app/Config/Routes.php')
 4 SYSTEMPATH/CodeIgniter.php(823): CodeIgniter\Router\RouteCollection->loadRoutes()
 5 SYSTEMPATH/CodeIgniter.php(457): CodeIgniter\CodeIgniter->tryToRouteIt(null)
 6 SYSTEMPATH/CodeIgniter.php(355): CodeIgniter\CodeIgniter->handleRequest(null, Object(Config\Cache), false)
 7 SYSTEMPATH/Boot.php(325): CodeIgniter\CodeIgniter->run()
 8 SYSTEMPATH/Boot.php(67): CodeIgniter\Boot::runCodeIgniter(Object(CodeIgniter\CodeIgniter))
 9 FCPATH/index.php(56): CodeIgniter\Boot::bootWeb(Object(Config\Paths))
WARNING - 2025-11-27 11:56:43 --> [DEPRECATED] Passing lowercase HTTP method "get" is deprecated. Use uppercase HTTP method like "GET". in SYSTEMPATH/Router/RouteCollection.php on line 1027.
 1 SYSTEMPATH/Router/RouteCollection.php(1027): trigger_error('Passing lowercase HTTP method "get" is deprecated. Use uppercase HTTP method like "GET".', 16384)
 2 APPPATH/Config/Routes.php(52): CodeIgniter\Router\RouteCollection->match([...], 'compte/repondre/(:num)', 'Compte::repondre/$1')
 3 SYSTEMPATH/Router/RouteCollection.php(340): require('/home/2025DIFAL3/e22308557/public_html/V1/ci/app/Config/Routes.php')
 4 SYSTEMPATH/CodeIgniter.php(823): CodeIgniter\Router\RouteCollection->loadRoutes()
 5 SYSTEMPATH/CodeIgniter.php(457): CodeIgniter\CodeIgniter->tryToRouteIt(null)
 6 SYSTEMPATH/CodeIgniter.php(355): CodeIgniter\CodeIgniter->handleRequest(null, Object(Config\Cache), false)
 7 SYSTEMPATH/Boot.php(325): CodeIgniter\CodeIgniter->run()
 8 SYSTEMPATH/Boot.php(67): CodeIgniter\Boot::runCodeIgniter(Object(CodeIgniter\CodeIgniter))
 9 FCPATH/index.php(56): CodeIgniter\Boot::bootWeb(Object(Config\Paths))
WARNING - 2025-11-27 11:56:43 --> [DEPRECATED] Passing lowercase HTTP method "post" is deprecated. Use uppercase HTTP method like "POST". in SYSTEMPATH/Router/RouteCollection.php on line 1027.
 1 SYSTEMPATH/Router/RouteCollection.php(1027): trigger_error('Passing lowercase HTTP method "post" is deprecated. Use uppercase HTTP method like "POST".', 16384)
 2 APPPATH/Config/Routes.php(52): CodeIgniter\Router\RouteCollection->match([...], 'compte/repondre/(:num)', 'Compte::repondre/$1')
 3 SYSTEMPATH/Router/RouteCollection.php(340): require('/home/2025DIFAL3/e22308557/public_html/V1/ci/app/Config/Routes.php')
 4 SYSTEMPATH/CodeIgniter.php(823): CodeIgniter\Router\RouteCollection->loadRoutes()
 5 SYSTEMPATH/CodeIgniter.php(457): CodeIgniter\CodeIgniter->tryToRouteIt(null)
 6 SYSTEMPATH/CodeIgniter.php(355): CodeIgniter\CodeIgniter->handleRequest(null, Object(Config\Cache), false)
 7 SYSTEMPATH/Boot.php(325): CodeIgniter\CodeIgniter->run()
 8 SYSTEMPATH/Boot.php(67): CodeIgniter\Boot::runCodeIgniter(Object(CodeIgniter\CodeIgniter))
 9 FCPATH/index.php(56): CodeIgniter\Boot::bootWeb(Object(Config\Paths))
WARNING - 2025-11-27 11:56:43 --> [DEPRECATED] Creation of dynamic property App\Controllers\Compte::$model is deprecated in APPPATH/Controllers/Compte.php on line 11.
 1 SYSTEMPATH/CodeIgniter.php(903): App\Controllers\Compte->__construct()
 2 SYSTEMPATH/CodeIgniter.php(500): CodeIgniter\CodeIgniter->createController()
 3 SYSTEMPATH/CodeIgniter.php(355): CodeIgniter\CodeIgniter->handleRequest(null, Object(Config\Cache), false)
 4 SYSTEMPATH/Boot.php(325): CodeIgniter\CodeIgniter->run()
 5 SYSTEMPATH/Boot.php(67): CodeIgniter\Boot::runCodeIgniter(Object(CodeIgniter\CodeIgniter))
 6 FCPATH/index.php(56): CodeIgniter\Boot::bootWeb(Object(Config\Paths))
INFO - 2025-11-27 11:56:43 --> Session: Class initialized using 'CodeIgniter\Session\Handlers\FileHandler' driver.
WARNING - 2025-11-27 11:56:51 --> [DEPRECATED] Passing lowercase HTTP method "get" is deprecated. Use uppercase HTTP method like "GET". in SYSTEMPATH/Router/RouteCollection.php on line 1027.
 1 SYSTEMPATH/Router/RouteCollection.php(1027): trigger_error('Passing lowercase HTTP method "get" is deprecated. Use uppercase HTTP method like "GET".', 16384)
 2 APPPATH/Config/Routes.php(52): CodeIgniter\Router\RouteCollection->match([...], 'compte/repondre/(:num)', 'Compte::repondre/$1')
 3 SYSTEMPATH/Router/RouteCollection.php(340): require('/home/2025DIFAL3/e22308557/public_html/V1/ci/app/Config/Routes.php')
 4 SYSTEMPATH/CodeIgniter.php(823): CodeIgniter\Router\RouteCollection->loadRoutes()
 5 SYSTEMPATH/CodeIgniter.php(457): CodeIgniter\CodeIgniter->tryToRouteIt(null)
 6 SYSTEMPATH/CodeIgniter.php(355): CodeIgniter\CodeIgniter->handleRequest(null, Object(Config\Cache), false)
 7 SYSTEMPATH/Boot.php(325): CodeIgniter\CodeIgniter->run()
 8 SYSTEMPATH/Boot.php(67): CodeIgniter\Boot::runCodeIgniter(Object(CodeIgniter\CodeIgniter))
 9 FCPATH/index.php(56): CodeIgniter\Boot::bootWeb(Object(Config\Paths))
WARNING - 2025-11-27 11:56:51 --> [DEPRECATED] Passing lowercase HTTP method "post" is deprecated. Use uppercase HTTP method like "POST". in SYSTEMPATH/Router/RouteCollection.php on line 1027.
 1 SYSTEMPATH/Router/RouteCollection.php(1027): trigger_error('Passing lowercase HTTP method "post" is deprecated. Use uppercase HTTP method like "POST".', 16384)
 2 APPPATH/Config/Routes.php(52): CodeIgniter\Router\RouteCollection->match([...], 'compte/repondre/(:num)', 'Compte::repondre/$1')
 3 SYSTEMPATH/Router/RouteCollection.php(340): require('/home/2025DIFAL3/e22308557/public_html/V1/ci/app/Config/Routes.php')
 4 SYSTEMPATH/CodeIgniter.php(823): CodeIgniter\Router\RouteCollection->loadRoutes()
 5 SYSTEMPATH/CodeIgniter.php(457): CodeIgniter\CodeIgniter->tryToRouteIt(null)
 6 SYSTEMPATH/CodeIgniter.php(355): CodeIgniter\CodeIgniter->handleRequest(null, Object(Config\Cache), false)
 7 SYSTEMPATH/Boot.php(325): CodeIgniter\CodeIgniter->run()
 8 SYSTEMPATH/Boot.php(67): CodeIgniter\Boot::runCodeIgniter(Object(CodeIgniter\CodeIgniter))
 9 FCPATH/index.php(56): CodeIgniter\Boot::bootWeb(Object(Config\Paths))
WARNING - 2025-11-27 11:56:51 --> [DEPRECATED] Creation of dynamic property App\Controllers\Compte::$model is deprecated in APPPATH/Controllers/Compte.php on line 11.
 1 SYSTEMPATH/CodeIgniter.php(903): App\Controllers\Compte->__construct()
 2 SYSTEMPATH/CodeIgniter.php(500): CodeIgniter\CodeIgniter->createController()
 3 SYSTEMPATH/CodeIgniter.php(355): CodeIgniter\CodeIgniter->handleRequest(null, Object(Config\Cache), false)
 4 SYSTEMPATH/Boot.php(325): CodeIgniter\CodeIgniter->run()
 5 SYSTEMPATH/Boot.php(67): CodeIgniter\Boot::runCodeIgniter(Object(CodeIgniter\CodeIgniter))
 6 FCPATH/index.php(56): CodeIgniter\Boot::bootWeb(Object(Config\Paths))
INFO - 2025-11-27 11:56:51 --> Session: Class initialized using 'CodeIgniter\Session\Handlers\FileHandler' driver.
CRITICAL - 2025-11-27 11:56:51 --> ErrorException: Undefined variable $titre
[Method: POST, Route: compte/voir_reservation]
in APPPATH/Views/ressources/reservation.php on line 2.
 1 APPPATH/Views/ressources/reservation.php(2): CodeIgniter\Debug\Exceptions->errorHandler()
 2 SYSTEMPATH/View/View.php(234): include('/home/2025DIFAL3/e22308557/public_html/V1/ci/app/Views/ressources/reservation.php')
 3 SYSTEMPATH/View/View.php(237): CodeIgniter\View\View->CodeIgniter\View\{closure}()
 4 SYSTEMPATH/Common.php(1171): CodeIgniter\View\View->render()
 5 APPPATH/Controllers/Compte.php(612): view()
 6 SYSTEMPATH/CodeIgniter.php(933): App\Controllers\Compte->voir_reservation()
 7 SYSTEMPATH/CodeIgniter.php(509): CodeIgniter\CodeIgniter->runController()
 8 SYSTEMPATH/CodeIgniter.php(355): CodeIgniter\CodeIgniter->handleRequest()
 9 SYSTEMPATH/Boot.php(325): CodeIgniter\CodeIgniter->run()
10 SYSTEMPATH/Boot.php(67): CodeIgniter\Boot::runCodeIgniter()
11 FCPATH/index.php(56): CodeIgniter\Boot::bootWeb()
WARNING - 2025-11-27 11:58:55 --> [DEPRECATED] Passing lowercase HTTP method "get" is deprecated. Use uppercase HTTP method like "GET". in SYSTEMPATH/Router/RouteCollection.php on line 1027.
 1 SYSTEMPATH/Router/RouteCollection.php(1027): trigger_error('Passing lowercase HTTP method "get" is deprecated. Use uppercase HTTP method like "GET".', 16384)
 2 APPPATH/Config/Routes.php(52): CodeIgniter\Router\RouteCollection->match([...], 'compte/repondre/(:num)', 'Compte::repondre/$1')
 3 SYSTEMPATH/Router/RouteCollection.php(340): require('/home/2025DIFAL3/e22308557/public_html/V1/ci/app/Config/Routes.php')
 4 SYSTEMPATH/CodeIgniter.php(823): CodeIgniter\Router\RouteCollection->loadRoutes()
 5 SYSTEMPATH/CodeIgniter.php(457): CodeIgniter\CodeIgniter->tryToRouteIt(null)
 6 SYSTEMPATH/CodeIgniter.php(355): CodeIgniter\CodeIgniter->handleRequest(null, Object(Config\Cache), false)
 7 SYSTEMPATH/Boot.php(325): CodeIgniter\CodeIgniter->run()
 8 SYSTEMPATH/Boot.php(67): CodeIgniter\Boot::runCodeIgniter(Object(CodeIgniter\CodeIgniter))
 9 FCPATH/index.php(56): CodeIgniter\Boot::bootWeb(Object(Config\Paths))
WARNING - 2025-11-27 11:58:55 --> [DEPRECATED] Passing lowercase HTTP method "post" is deprecated. Use uppercase HTTP method like "POST". in SYSTEMPATH/Router/RouteCollection.php on line 1027.
 1 SYSTEMPATH/Router/RouteCollection.php(1027): trigger_error('Passing lowercase HTTP method "post" is deprecated. Use uppercase HTTP method like "POST".', 16384)
 2 APPPATH/Config/Routes.php(52): CodeIgniter\Router\RouteCollection->match([...], 'compte/repondre/(:num)', 'Compte::repondre/$1')
 3 SYSTEMPATH/Router/RouteCollection.php(340): require('/home/2025DIFAL3/e22308557/public_html/V1/ci/app/Config/Routes.php')
 4 SYSTEMPATH/CodeIgniter.php(823): CodeIgniter\Router\RouteCollection->loadRoutes()
 5 SYSTEMPATH/CodeIgniter.php(457): CodeIgniter\CodeIgniter->tryToRouteIt(null)
 6 SYSTEMPATH/CodeIgniter.php(355): CodeIgniter\CodeIgniter->handleRequest(null, Object(Config\Cache), false)
 7 SYSTEMPATH/Boot.php(325): CodeIgniter\CodeIgniter->run()
 8 SYSTEMPATH/Boot.php(67): CodeIgniter\Boot::runCodeIgniter(Object(CodeIgniter\CodeIgniter))
 9 FCPATH/index.php(56): CodeIgniter\Boot::bootWeb(Object(Config\Paths))
CRITICAL - 2025-11-27 11:58:55 --> ParseError: syntax error, unexpected variable "$data"
[Method: POST, Route: compte/voir_reservation]
in APPPATH/Controllers/Compte.php on line 610.
 1 SYSTEMPATH/Autoloader/Autoloader.php(296): CodeIgniter\Autoloader\Autoloader->includeFile()
 2 SYSTEMPATH/Autoloader/Autoloader.php(272): CodeIgniter\Autoloader\Autoloader->loadInNamespace()
 3 [internal function]: CodeIgniter\Autoloader\Autoloader->loadClass()
 4 SYSTEMPATH/CodeIgniter.php(887): class_exists()
 5 SYSTEMPATH/CodeIgniter.php(496): CodeIgniter\CodeIgniter->startController()
 6 SYSTEMPATH/CodeIgniter.php(355): CodeIgniter\CodeIgniter->handleRequest()
 7 SYSTEMPATH/Boot.php(325): CodeIgniter\CodeIgniter->run()
 8 SYSTEMPATH/Boot.php(67): CodeIgniter\Boot::runCodeIgniter()
 9 FCPATH/index.php(56): CodeIgniter\Boot::bootWeb()
WARNING - 2025-11-27 12:04:12 --> [DEPRECATED] Passing lowercase HTTP method "get" is deprecated. Use uppercase HTTP method like "GET". in SYSTEMPATH/Router/RouteCollection.php on line 1027.
 1 SYSTEMPATH/Router/RouteCollection.php(1027): trigger_error('Passing lowercase HTTP method "get" is deprecated. Use uppercase HTTP method like "GET".', 16384)
 2 APPPATH/Config/Routes.php(52): CodeIgniter\Router\RouteCollection->match([...], 'compte/repondre/(:num)', 'Compte::repondre/$1')
 3 SYSTEMPATH/Router/RouteCollection.php(340): require('/home/2025DIFAL3/e22308557/public_html/V1/ci/app/Config/Routes.php')
 4 SYSTEMPATH/CodeIgniter.php(823): CodeIgniter\Router\RouteCollection->loadRoutes()
 5 SYSTEMPATH/CodeIgniter.php(457): CodeIgniter\CodeIgniter->tryToRouteIt(null)
 6 SYSTEMPATH/CodeIgniter.php(355): CodeIgniter\CodeIgniter->handleRequest(null, Object(Config\Cache), false)
 7 SYSTEMPATH/Boot.php(325): CodeIgniter\CodeIgniter->run()
 8 SYSTEMPATH/Boot.php(67): CodeIgniter\Boot::runCodeIgniter(Object(CodeIgniter\CodeIgniter))
 9 FCPATH/index.php(56): CodeIgniter\Boot::bootWeb(Object(Config\Paths))
WARNING - 2025-11-27 12:04:12 --> [DEPRECATED] Passing lowercase HTTP method "post" is deprecated. Use uppercase HTTP method like "POST". in SYSTEMPATH/Router/RouteCollection.php on line 1027.
 1 SYSTEMPATH/Router/RouteCollection.php(1027): trigger_error('Passing lowercase HTTP method "post" is deprecated. Use uppercase HTTP method like "POST".', 16384)
 2 APPPATH/Config/Routes.php(52): CodeIgniter\Router\RouteCollection->match([...], 'compte/repondre/(:num)', 'Compte::repondre/$1')
 3 SYSTEMPATH/Router/RouteCollection.php(340): require('/home/2025DIFAL3/e22308557/public_html/V1/ci/app/Config/Routes.php')
 4 SYSTEMPATH/CodeIgniter.php(823): CodeIgniter\Router\RouteCollection->loadRoutes()
 5 SYSTEMPATH/CodeIgniter.php(457): CodeIgniter\CodeIgniter->tryToRouteIt(null)
 6 SYSTEMPATH/CodeIgniter.php(355): CodeIgniter\CodeIgniter->handleRequest(null, Object(Config\Cache), false)
 7 SYSTEMPATH/Boot.php(325): CodeIgniter\CodeIgniter->run()
 8 SYSTEMPATH/Boot.php(67): CodeIgniter\Boot::runCodeIgniter(Object(CodeIgniter\CodeIgniter))
 9 FCPATH/index.php(56): CodeIgniter\Boot::bootWeb(Object(Config\Paths))
WARNING - 2025-11-27 12:04:12 --> [DEPRECATED] Creation of dynamic property App\Controllers\Compte::$model is deprecated in APPPATH/Controllers/Compte.php on line 11.
 1 SYSTEMPATH/CodeIgniter.php(903): App\Controllers\Compte->__construct()
 2 SYSTEMPATH/CodeIgniter.php(500): CodeIgniter\CodeIgniter->createController()
 3 SYSTEMPATH/CodeIgniter.php(355): CodeIgniter\CodeIgniter->handleRequest(null, Object(Config\Cache), false)
 4 SYSTEMPATH/Boot.php(325): CodeIgniter\CodeIgniter->run()
 5 SYSTEMPATH/Boot.php(67): CodeIgniter\Boot::runCodeIgniter(Object(CodeIgniter\CodeIgniter))
 6 FCPATH/index.php(56): CodeIgniter\Boot::bootWeb(Object(Config\Paths))
INFO - 2025-11-27 12:04:12 --> Session: Class initialized using 'CodeIgniter\Session\Handlers\FileHandler' driver.
WARNING - 2025-11-27 12:05:34 --> [DEPRECATED] Passing lowercase HTTP method "get" is deprecated. Use uppercase HTTP method like "GET". in SYSTEMPATH/Router/RouteCollection.php on line 1027.
 1 SYSTEMPATH/Router/RouteCollection.php(1027): trigger_error('Passing lowercase HTTP method "get" is deprecated. Use uppercase HTTP method like "GET".', 16384)
 2 APPPATH/Config/Routes.php(52): CodeIgniter\Router\RouteCollection->match([...], 'compte/repondre/(:num)', 'Compte::repondre/$1')
 3 SYSTEMPATH/Router/RouteCollection.php(340): require('/home/2025DIFAL3/e22308557/public_html/V1/ci/app/Config/Routes.php')
 4 SYSTEMPATH/CodeIgniter.php(823): CodeIgniter\Router\RouteCollection->loadRoutes()
 5 SYSTEMPATH/CodeIgniter.php(457): CodeIgniter\CodeIgniter->tryToRouteIt(null)
 6 SYSTEMPATH/CodeIgniter.php(355): CodeIgniter\CodeIgniter->handleRequest(null, Object(Config\Cache), false)
 7 SYSTEMPATH/Boot.php(325): CodeIgniter\CodeIgniter->run()
 8 SYSTEMPATH/Boot.php(67): CodeIgniter\Boot::runCodeIgniter(Object(CodeIgniter\CodeIgniter))
 9 FCPATH/index.php(56): CodeIgniter\Boot::bootWeb(Object(Config\Paths))
WARNING - 2025-11-27 12:05:34 --> [DEPRECATED] Passing lowercase HTTP method "post" is deprecated. Use uppercase HTTP method like "POST". in SYSTEMPATH/Router/RouteCollection.php on line 1027.
 1 SYSTEMPATH/Router/RouteCollection.php(1027): trigger_error('Passing lowercase HTTP method "post" is deprecated. Use uppercase HTTP method like "POST".', 16384)
 2 APPPATH/Config/Routes.php(52): CodeIgniter\Router\RouteCollection->match([...], 'compte/repondre/(:num)', 'Compte::repondre/$1')
 3 SYSTEMPATH/Router/RouteCollection.php(340): require('/home/2025DIFAL3/e22308557/public_html/V1/ci/app/Config/Routes.php')
 4 SYSTEMPATH/CodeIgniter.php(823): CodeIgniter\Router\RouteCollection->loadRoutes()
 5 SYSTEMPATH/CodeIgniter.php(457): CodeIgniter\CodeIgniter->tryToRouteIt(null)
 6 SYSTEMPATH/CodeIgniter.php(355): CodeIgniter\CodeIgniter->handleRequest(null, Object(Config\Cache), false)
 7 SYSTEMPATH/Boot.php(325): CodeIgniter\CodeIgniter->run()
 8 SYSTEMPATH/Boot.php(67): CodeIgniter\Boot::runCodeIgniter(Object(CodeIgniter\CodeIgniter))
 9 FCPATH/index.php(56): CodeIgniter\Boot::bootWeb(Object(Config\Paths))
WARNING - 2025-11-27 12:05:34 --> [DEPRECATED] Creation of dynamic property App\Controllers\Compte::$model is deprecated in APPPATH/Controllers/Compte.php on line 11.
 1 SYSTEMPATH/CodeIgniter.php(903): App\Controllers\Compte->__construct()
 2 SYSTEMPATH/CodeIgniter.php(500): CodeIgniter\CodeIgniter->createController()
 3 SYSTEMPATH/CodeIgniter.php(355): CodeIgniter\CodeIgniter->handleRequest(null, Object(Config\Cache), false)
 4 SYSTEMPATH/Boot.php(325): CodeIgniter\CodeIgniter->run()
 5 SYSTEMPATH/Boot.php(67): CodeIgniter\Boot::runCodeIgniter(Object(CodeIgniter\CodeIgniter))
 6 FCPATH/index.php(56): CodeIgniter\Boot::bootWeb(Object(Config\Paths))
INFO - 2025-11-27 12:05:34 --> Session: Class initialized using 'CodeIgniter\Session\Handlers\FileHandler' driver.
WARNING - 2025-11-27 12:09:57 --> [DEPRECATED] Passing lowercase HTTP method "get" is deprecated. Use uppercase HTTP method like "GET". in SYSTEMPATH/Router/RouteCollection.php on line 1027.
 1 SYSTEMPATH/Router/RouteCollection.php(1027): trigger_error('Passing lowercase HTTP method "get" is deprecated. Use uppercase HTTP method like "GET".', 16384)
 2 APPPATH/Config/Routes.php(52): CodeIgniter\Router\RouteCollection->match([...], 'compte/repondre/(:num)', 'Compte::repondre/$1')
 3 SYSTEMPATH/Router/RouteCollection.php(340): require('/home/2025DIFAL3/e22308557/public_html/V1/ci/app/Config/Routes.php')
 4 SYSTEMPATH/CodeIgniter.php(823): CodeIgniter\Router\RouteCollection->loadRoutes()
 5 SYSTEMPATH/CodeIgniter.php(457): CodeIgniter\CodeIgniter->tryToRouteIt(null)
 6 SYSTEMPATH/CodeIgniter.php(355): CodeIgniter\CodeIgniter->handleRequest(null, Object(Config\Cache), false)
 7 SYSTEMPATH/Boot.php(325): CodeIgniter\CodeIgniter->run()
 8 SYSTEMPATH/Boot.php(67): CodeIgniter\Boot::runCodeIgniter(Object(CodeIgniter\CodeIgniter))
 9 FCPATH/index.php(56): CodeIgniter\Boot::bootWeb(Object(Config\Paths))
WARNING - 2025-11-27 12:09:57 --> [DEPRECATED] Passing lowercase HTTP method "post" is deprecated. Use uppercase HTTP method like "POST". in SYSTEMPATH/Router/RouteCollection.php on line 1027.
 1 SYSTEMPATH/Router/RouteCollection.php(1027): trigger_error('Passing lowercase HTTP method "post" is deprecated. Use uppercase HTTP method like "POST".', 16384)
 2 APPPATH/Config/Routes.php(52): CodeIgniter\Router\RouteCollection->match([...], 'compte/repondre/(:num)', 'Compte::repondre/$1')
 3 SYSTEMPATH/Router/RouteCollection.php(340): require('/home/2025DIFAL3/e22308557/public_html/V1/ci/app/Config/Routes.php')
 4 SYSTEMPATH/CodeIgniter.php(823): CodeIgniter\Router\RouteCollection->loadRoutes()
 5 SYSTEMPATH/CodeIgniter.php(457): CodeIgniter\CodeIgniter->tryToRouteIt(null)
 6 SYSTEMPATH/CodeIgniter.php(355): CodeIgniter\CodeIgniter->handleRequest(null, Object(Config\Cache), false)
 7 SYSTEMPATH/Boot.php(325): CodeIgniter\CodeIgniter->run()
 8 SYSTEMPATH/Boot.php(67): CodeIgniter\Boot::runCodeIgniter(Object(CodeIgniter\CodeIgniter))
 9 FCPATH/index.php(56): CodeIgniter\Boot::bootWeb(Object(Config\Paths))
WARNING - 2025-11-27 12:09:57 --> [DEPRECATED] Creation of dynamic property App\Controllers\Compte::$model is deprecated in APPPATH/Controllers/Compte.php on line 11.
 1 SYSTEMPATH/CodeIgniter.php(903): App\Controllers\Compte->__construct()
 2 SYSTEMPATH/CodeIgniter.php(500): CodeIgniter\CodeIgniter->createController()
 3 SYSTEMPATH/CodeIgniter.php(355): CodeIgniter\CodeIgniter->handleRequest(null, Object(Config\Cache), false)
 4 SYSTEMPATH/Boot.php(325): CodeIgniter\CodeIgniter->run()
 5 SYSTEMPATH/Boot.php(67): CodeIgniter\Boot::runCodeIgniter(Object(CodeIgniter\CodeIgniter))
 6 FCPATH/index.php(56): CodeIgniter\Boot::bootWeb(Object(Config\Paths))
INFO - 2025-11-27 12:09:57 --> Session: Class initialized using 'CodeIgniter\Session\Handlers\FileHandler' driver.
WARNING - 2025-11-27 13:19:01 --> [DEPRECATED] Passing lowercase HTTP method "get" is deprecated. Use uppercase HTTP method like "GET". in SYSTEMPATH/Router/RouteCollection.php on line 1027.
 1 SYSTEMPATH/Router/RouteCollection.php(1027): trigger_error('Passing lowercase HTTP method "get" is deprecated. Use uppercase HTTP method like "GET".', 16384)
 2 APPPATH/Config/Routes.php(52): CodeIgniter\Router\RouteCollection->match([...], 'compte/repondre/(:num)', 'Compte::repondre/$1')
 3 SYSTEMPATH/Router/RouteCollection.php(340): require('/home/2025DIFAL3/e22308557/public_html/V1/ci/app/Config/Routes.php')
 4 SYSTEMPATH/CodeIgniter.php(823): CodeIgniter\Router\RouteCollection->loadRoutes()
 5 SYSTEMPATH/CodeIgniter.php(457): CodeIgniter\CodeIgniter->tryToRouteIt(null)
 6 SYSTEMPATH/CodeIgniter.php(355): CodeIgniter\CodeIgniter->handleRequest(null, Object(Config\Cache), false)
 7 SYSTEMPATH/Boot.php(325): CodeIgniter\CodeIgniter->run()
 8 SYSTEMPATH/Boot.php(67): CodeIgniter\Boot::runCodeIgniter(Object(CodeIgniter\CodeIgniter))
 9 FCPATH/index.php(56): CodeIgniter\Boot::bootWeb(Object(Config\Paths))
WARNING - 2025-11-27 13:19:01 --> [DEPRECATED] Passing lowercase HTTP method "post" is deprecated. Use uppercase HTTP method like "POST". in SYSTEMPATH/Router/RouteCollection.php on line 1027.
 1 SYSTEMPATH/Router/RouteCollection.php(1027): trigger_error('Passing lowercase HTTP method "post" is deprecated. Use uppercase HTTP method like "POST".', 16384)
 2 APPPATH/Config/Routes.php(52): CodeIgniter\Router\RouteCollection->match([...], 'compte/repondre/(:num)', 'Compte::repondre/$1')
 3 SYSTEMPATH/Router/RouteCollection.php(340): require('/home/2025DIFAL3/e22308557/public_html/V1/ci/app/Config/Routes.php')
 4 SYSTEMPATH/CodeIgniter.php(823): CodeIgniter\Router\RouteCollection->loadRoutes()
 5 SYSTEMPATH/CodeIgniter.php(457): CodeIgniter\CodeIgniter->tryToRouteIt(null)
 6 SYSTEMPATH/CodeIgniter.php(355): CodeIgniter\CodeIgniter->handleRequest(null, Object(Config\Cache), false)
 7 SYSTEMPATH/Boot.php(325): CodeIgniter\CodeIgniter->run()
 8 SYSTEMPATH/Boot.php(67): CodeIgniter\Boot::runCodeIgniter(Object(CodeIgniter\CodeIgniter))
 9 FCPATH/index.php(56): CodeIgniter\Boot::bootWeb(Object(Config\Paths))
WARNING - 2025-11-27 13:19:01 --> [DEPRECATED] Creation of dynamic property App\Controllers\Compte::$model is deprecated in APPPATH/Controllers/Compte.php on line 11.
 1 SYSTEMPATH/CodeIgniter.php(903): App\Controllers\Compte->__construct()
 2 SYSTEMPATH/CodeIgniter.php(500): CodeIgniter\CodeIgniter->createController()
 3 SYSTEMPATH/CodeIgniter.php(355): CodeIgniter\CodeIgniter->handleRequest(null, Object(Config\Cache), false)
 4 SYSTEMPATH/Boot.php(325): CodeIgniter\CodeIgniter->run()
 5 SYSTEMPATH/Boot.php(67): CodeIgniter\Boot::runCodeIgniter(Object(CodeIgniter\CodeIgniter))
 6 FCPATH/index.php(56): CodeIgniter\Boot::bootWeb(Object(Config\Paths))
INFO - 2025-11-27 13:19:01 --> Session: Class initialized using 'CodeIgniter\Session\Handlers\FileHandler' driver.
CRITICAL - 2025-11-27 13:19:01 --> ErrorException: Array to string conversion
[Method: POST, Route: compte/voir_reservation]
in APPPATH/Models/Db_model.php on line 250.
 1 APPPATH/Models/Db_model.php(250): CodeIgniter\Debug\Exceptions->errorHandler()
 2 APPPATH/Controllers/Compte.php(611): App\Models\Db_model->get_reservation_day()
 3 SYSTEMPATH/CodeIgniter.php(933): App\Controllers\Compte->voir_reservation()
 4 SYSTEMPATH/CodeIgniter.php(509): CodeIgniter\CodeIgniter->runController()
 5 SYSTEMPATH/CodeIgniter.php(355): CodeIgniter\CodeIgniter->handleRequest()
 6 SYSTEMPATH/Boot.php(325): CodeIgniter\CodeIgniter->run()
 7 SYSTEMPATH/Boot.php(67): CodeIgniter\Boot::runCodeIgniter()
 8 FCPATH/index.php(56): CodeIgniter\Boot::bootWeb()
WARNING - 2025-11-27 13:20:16 --> [DEPRECATED] Passing lowercase HTTP method "get" is deprecated. Use uppercase HTTP method like "GET". in SYSTEMPATH/Router/RouteCollection.php on line 1027.
 1 SYSTEMPATH/Router/RouteCollection.php(1027): trigger_error('Passing lowercase HTTP method "get" is deprecated. Use uppercase HTTP method like "GET".', 16384)
 2 APPPATH/Config/Routes.php(52): CodeIgniter\Router\RouteCollection->match([...], 'compte/repondre/(:num)', 'Compte::repondre/$1')
 3 SYSTEMPATH/Router/RouteCollection.php(340): require('/home/2025DIFAL3/e22308557/public_html/V1/ci/app/Config/Routes.php')
 4 SYSTEMPATH/CodeIgniter.php(823): CodeIgniter\Router\RouteCollection->loadRoutes()
 5 SYSTEMPATH/CodeIgniter.php(457): CodeIgniter\CodeIgniter->tryToRouteIt(null)
 6 SYSTEMPATH/CodeIgniter.php(355): CodeIgniter\CodeIgniter->handleRequest(null, Object(Config\Cache), false)
 7 SYSTEMPATH/Boot.php(325): CodeIgniter\CodeIgniter->run()
 8 SYSTEMPATH/Boot.php(67): CodeIgniter\Boot::runCodeIgniter(Object(CodeIgniter\CodeIgniter))
 9 FCPATH/index.php(56): CodeIgniter\Boot::bootWeb(Object(Config\Paths))
WARNING - 2025-11-27 13:20:16 --> [DEPRECATED] Passing lowercase HTTP method "post" is deprecated. Use uppercase HTTP method like "POST". in SYSTEMPATH/Router/RouteCollection.php on line 1027.
 1 SYSTEMPATH/Router/RouteCollection.php(1027): trigger_error('Passing lowercase HTTP method "post" is deprecated. Use uppercase HTTP method like "POST".', 16384)
 2 APPPATH/Config/Routes.php(52): CodeIgniter\Router\RouteCollection->match([...], 'compte/repondre/(:num)', 'Compte::repondre/$1')
 3 SYSTEMPATH/Router/RouteCollection.php(340): require('/home/2025DIFAL3/e22308557/public_html/V1/ci/app/Config/Routes.php')
 4 SYSTEMPATH/CodeIgniter.php(823): CodeIgniter\Router\RouteCollection->loadRoutes()
 5 SYSTEMPATH/CodeIgniter.php(457): CodeIgniter\CodeIgniter->tryToRouteIt(null)
 6 SYSTEMPATH/CodeIgniter.php(355): CodeIgniter\CodeIgniter->handleRequest(null, Object(Config\Cache), false)
 7 SYSTEMPATH/Boot.php(325): CodeIgniter\CodeIgniter->run()
 8 SYSTEMPATH/Boot.php(67): CodeIgniter\Boot::runCodeIgniter(Object(CodeIgniter\CodeIgniter))
 9 FCPATH/index.php(56): CodeIgniter\Boot::bootWeb(Object(Config\Paths))
CRITICAL - 2025-11-27 13:20:16 --> ParseError: syntax error, unexpected variable "$requete"
[Method: POST, Route: compte/voir_reservation]
in APPPATH/Models/Db_model.php on line 234.
 1 SYSTEMPATH/Autoloader/Autoloader.php(296): CodeIgniter\Autoloader\Autoloader->includeFile()
 2 SYSTEMPATH/Autoloader/Autoloader.php(272): CodeIgniter\Autoloader\Autoloader->loadInNamespace()
 3 [internal function]: CodeIgniter\Autoloader\Autoloader->loadClass()
 4 SYSTEMPATH/Config/Factories.php(297): class_exists()
 5 SYSTEMPATH/Config/Factories.php(216): CodeIgniter\Config\Factories::locateClass()
 6 SYSTEMPATH/Config/Factories.php(159): CodeIgniter\Config\Factories::getDefinedInstance()
 7 SYSTEMPATH/Common.php(802): CodeIgniter\Config\Factories::__callStatic()
 8 APPPATH/Controllers/Compte.php(11): model()
 9 SYSTEMPATH/CodeIgniter.php(903): App\Controllers\Compte->__construct()
10 SYSTEMPATH/CodeIgniter.php(500): CodeIgniter\CodeIgniter->createController()
11 SYSTEMPATH/CodeIgniter.php(355): CodeIgniter\CodeIgniter->handleRequest()
12 SYSTEMPATH/Boot.php(325): CodeIgniter\CodeIgniter->run()
13 SYSTEMPATH/Boot.php(67): CodeIgniter\Boot::runCodeIgniter()
14 FCPATH/index.php(56): CodeIgniter\Boot::bootWeb()
WARNING - 2025-11-27 13:20:48 --> [DEPRECATED] Passing lowercase HTTP method "get" is deprecated. Use uppercase HTTP method like "GET". in SYSTEMPATH/Router/RouteCollection.php on line 1027.
 1 SYSTEMPATH/Router/RouteCollection.php(1027): trigger_error('Passing lowercase HTTP method "get" is deprecated. Use uppercase HTTP method like "GET".', 16384)
 2 APPPATH/Config/Routes.php(52): CodeIgniter\Router\RouteCollection->match([...], 'compte/repondre/(:num)', 'Compte::repondre/$1')
 3 SYSTEMPATH/Router/RouteCollection.php(340): require('/home/2025DIFAL3/e22308557/public_html/V1/ci/app/Config/Routes.php')
 4 SYSTEMPATH/CodeIgniter.php(823): CodeIgniter\Router\RouteCollection->loadRoutes()
 5 SYSTEMPATH/CodeIgniter.php(457): CodeIgniter\CodeIgniter->tryToRouteIt(null)
 6 SYSTEMPATH/CodeIgniter.php(355): CodeIgniter\CodeIgniter->handleRequest(null, Object(Config\Cache), false)
 7 SYSTEMPATH/Boot.php(325): CodeIgniter\CodeIgniter->run()
 8 SYSTEMPATH/Boot.php(67): CodeIgniter\Boot::runCodeIgniter(Object(CodeIgniter\CodeIgniter))
 9 FCPATH/index.php(56): CodeIgniter\Boot::bootWeb(Object(Config\Paths))
WARNING - 2025-11-27 13:20:48 --> [DEPRECATED] Passing lowercase HTTP method "post" is deprecated. Use uppercase HTTP method like "POST". in SYSTEMPATH/Router/RouteCollection.php on line 1027.
 1 SYSTEMPATH/Router/RouteCollection.php(1027): trigger_error('Passing lowercase HTTP method "post" is deprecated. Use uppercase HTTP method like "POST".', 16384)
 2 APPPATH/Config/Routes.php(52): CodeIgniter\Router\RouteCollection->match([...], 'compte/repondre/(:num)', 'Compte::repondre/$1')
 3 SYSTEMPATH/Router/RouteCollection.php(340): require('/home/2025DIFAL3/e22308557/public_html/V1/ci/app/Config/Routes.php')
 4 SYSTEMPATH/CodeIgniter.php(823): CodeIgniter\Router\RouteCollection->loadRoutes()
 5 SYSTEMPATH/CodeIgniter.php(457): CodeIgniter\CodeIgniter->tryToRouteIt(null)
 6 SYSTEMPATH/CodeIgniter.php(355): CodeIgniter\CodeIgniter->handleRequest(null, Object(Config\Cache), false)
 7 SYSTEMPATH/Boot.php(325): CodeIgniter\CodeIgniter->run()
 8 SYSTEMPATH/Boot.php(67): CodeIgniter\Boot::runCodeIgniter(Object(CodeIgniter\CodeIgniter))
 9 FCPATH/index.php(56): CodeIgniter\Boot::bootWeb(Object(Config\Paths))
WARNING - 2025-11-27 13:20:48 --> [DEPRECATED] Creation of dynamic property App\Controllers\Compte::$model is deprecated in APPPATH/Controllers/Compte.php on line 11.
 1 SYSTEMPATH/CodeIgniter.php(903): App\Controllers\Compte->__construct()
 2 SYSTEMPATH/CodeIgniter.php(500): CodeIgniter\CodeIgniter->createController()
 3 SYSTEMPATH/CodeIgniter.php(355): CodeIgniter\CodeIgniter->handleRequest(null, Object(Config\Cache), false)
 4 SYSTEMPATH/Boot.php(325): CodeIgniter\CodeIgniter->run()
 5 SYSTEMPATH/Boot.php(67): CodeIgniter\Boot::runCodeIgniter(Object(CodeIgniter\CodeIgniter))
 6 FCPATH/index.php(56): CodeIgniter\Boot::bootWeb(Object(Config\Paths))
INFO - 2025-11-27 13:20:48 --> Session: Class initialized using 'CodeIgniter\Session\Handlers\FileHandler' driver.
CRITICAL - 2025-11-27 13:20:48 --> ErrorException: Undefined variable $date_choisie
[Method: POST, Route: compte/voir_reservation]
in APPPATH/Controllers/Compte.php on line 619.
 1 APPPATH/Controllers/Compte.php(619): CodeIgniter\Debug\Exceptions->errorHandler()
 2 SYSTEMPATH/CodeIgniter.php(933): App\Controllers\Compte->voir_reservation()
 3 SYSTEMPATH/CodeIgniter.php(509): CodeIgniter\CodeIgniter->runController()
 4 SYSTEMPATH/CodeIgniter.php(355): CodeIgniter\CodeIgniter->handleRequest()
 5 SYSTEMPATH/Boot.php(325): CodeIgniter\CodeIgniter->run()
 6 SYSTEMPATH/Boot.php(67): CodeIgniter\Boot::runCodeIgniter()
 7 FCPATH/index.php(56): CodeIgniter\Boot::bootWeb()
WARNING - 2025-11-27 13:22:25 --> [DEPRECATED] Passing lowercase HTTP method "get" is deprecated. Use uppercase HTTP method like "GET". in SYSTEMPATH/Router/RouteCollection.php on line 1027.
 1 SYSTEMPATH/Router/RouteCollection.php(1027): trigger_error('Passing lowercase HTTP method "get" is deprecated. Use uppercase HTTP method like "GET".', 16384)
 2 APPPATH/Config/Routes.php(52): CodeIgniter\Router\RouteCollection->match([...], 'compte/repondre/(:num)', 'Compte::repondre/$1')
 3 SYSTEMPATH/Router/RouteCollection.php(340): require('/home/2025DIFAL3/e22308557/public_html/V1/ci/app/Config/Routes.php')
 4 SYSTEMPATH/CodeIgniter.php(823): CodeIgniter\Router\RouteCollection->loadRoutes()
 5 SYSTEMPATH/CodeIgniter.php(457): CodeIgniter\CodeIgniter->tryToRouteIt(null)
 6 SYSTEMPATH/CodeIgniter.php(355): CodeIgniter\CodeIgniter->handleRequest(null, Object(Config\Cache), false)
 7 SYSTEMPATH/Boot.php(325): CodeIgniter\CodeIgniter->run()
 8 SYSTEMPATH/Boot.php(67): CodeIgniter\Boot::runCodeIgniter(Object(CodeIgniter\CodeIgniter))
 9 FCPATH/index.php(56): CodeIgniter\Boot::bootWeb(Object(Config\Paths))
WARNING - 2025-11-27 13:22:25 --> [DEPRECATED] Passing lowercase HTTP method "post" is deprecated. Use uppercase HTTP method like "POST". in SYSTEMPATH/Router/RouteCollection.php on line 1027.
 1 SYSTEMPATH/Router/RouteCollection.php(1027): trigger_error('Passing lowercase HTTP method "post" is deprecated. Use uppercase HTTP method like "POST".', 16384)
 2 APPPATH/Config/Routes.php(52): CodeIgniter\Router\RouteCollection->match([...], 'compte/repondre/(:num)', 'Compte::repondre/$1')
 3 SYSTEMPATH/Router/RouteCollection.php(340): require('/home/2025DIFAL3/e22308557/public_html/V1/ci/app/Config/Routes.php')
 4 SYSTEMPATH/CodeIgniter.php(823): CodeIgniter\Router\RouteCollection->loadRoutes()
 5 SYSTEMPATH/CodeIgniter.php(457): CodeIgniter\CodeIgniter->tryToRouteIt(null)
 6 SYSTEMPATH/CodeIgniter.php(355): CodeIgniter\CodeIgniter->handleRequest(null, Object(Config\Cache), false)
 7 SYSTEMPATH/Boot.php(325): CodeIgniter\CodeIgniter->run()
 8 SYSTEMPATH/Boot.php(67): CodeIgniter\Boot::runCodeIgniter(Object(CodeIgniter\CodeIgniter))
 9 FCPATH/index.php(56): CodeIgniter\Boot::bootWeb(Object(Config\Paths))
WARNING - 2025-11-27 13:22:25 --> [DEPRECATED] Creation of dynamic property App\Controllers\Compte::$model is deprecated in APPPATH/Controllers/Compte.php on line 11.
 1 SYSTEMPATH/CodeIgniter.php(903): App\Controllers\Compte->__construct()
 2 SYSTEMPATH/CodeIgniter.php(500): CodeIgniter\CodeIgniter->createController()
 3 SYSTEMPATH/CodeIgniter.php(355): CodeIgniter\CodeIgniter->handleRequest(null, Object(Config\Cache), false)
 4 SYSTEMPATH/Boot.php(325): CodeIgniter\CodeIgniter->run()
 5 SYSTEMPATH/Boot.php(67): CodeIgniter\Boot::runCodeIgniter(Object(CodeIgniter\CodeIgniter))
 6 FCPATH/index.php(56): CodeIgniter\Boot::bootWeb(Object(Config\Paths))
INFO - 2025-11-27 13:22:25 --> Session: Class initialized using 'CodeIgniter\Session\Handlers\FileHandler' driver.
CRITICAL - 2025-11-27 13:22:25 --> ErrorException: Undefined variable $titre
[Method: POST, Route: compte/voir_reservation]
in APPPATH/Views/ressources/reservation.php on line 2.
 1 APPPATH/Views/ressources/reservation.php(2): CodeIgniter\Debug\Exceptions->errorHandler()
 2 SYSTEMPATH/View/View.php(234): include('/home/2025DIFAL3/e22308557/public_html/V1/ci/app/Views/ressources/reservation.php')
 3 SYSTEMPATH/View/View.php(237): CodeIgniter\View\View->CodeIgniter\View\{closure}()
 4 SYSTEMPATH/Common.php(1171): CodeIgniter\View\View->render()
 5 APPPATH/Controllers/Compte.php(624): view()
 6 SYSTEMPATH/CodeIgniter.php(933): App\Controllers\Compte->voir_reservation()
 7 SYSTEMPATH/CodeIgniter.php(509): CodeIgniter\CodeIgniter->runController()
 8 SYSTEMPATH/CodeIgniter.php(355): CodeIgniter\CodeIgniter->handleRequest()
 9 SYSTEMPATH/Boot.php(325): CodeIgniter\CodeIgniter->run()
10 SYSTEMPATH/Boot.php(67): CodeIgniter\Boot::runCodeIgniter()
11 FCPATH/index.php(56): CodeIgniter\Boot::bootWeb()
WARNING - 2025-11-27 13:23:08 --> [DEPRECATED] Passing lowercase HTTP method "get" is deprecated. Use uppercase HTTP method like "GET". in SYSTEMPATH/Router/RouteCollection.php on line 1027.
 1 SYSTEMPATH/Router/RouteCollection.php(1027): trigger_error('Passing lowercase HTTP method "get" is deprecated. Use uppercase HTTP method like "GET".', 16384)
 2 APPPATH/Config/Routes.php(52): CodeIgniter\Router\RouteCollection->match([...], 'compte/repondre/(:num)', 'Compte::repondre/$1')
 3 SYSTEMPATH/Router/RouteCollection.php(340): require('/home/2025DIFAL3/e22308557/public_html/V1/ci/app/Config/Routes.php')
 4 SYSTEMPATH/CodeIgniter.php(823): CodeIgniter\Router\RouteCollection->loadRoutes()
 5 SYSTEMPATH/CodeIgniter.php(457): CodeIgniter\CodeIgniter->tryToRouteIt(null)
 6 SYSTEMPATH/CodeIgniter.php(355): CodeIgniter\CodeIgniter->handleRequest(null, Object(Config\Cache), false)
 7 SYSTEMPATH/Boot.php(325): CodeIgniter\CodeIgniter->run()
 8 SYSTEMPATH/Boot.php(67): CodeIgniter\Boot::runCodeIgniter(Object(CodeIgniter\CodeIgniter))
 9 FCPATH/index.php(56): CodeIgniter\Boot::bootWeb(Object(Config\Paths))
WARNING - 2025-11-27 13:23:08 --> [DEPRECATED] Passing lowercase HTTP method "post" is deprecated. Use uppercase HTTP method like "POST". in SYSTEMPATH/Router/RouteCollection.php on line 1027.
 1 SYSTEMPATH/Router/RouteCollection.php(1027): trigger_error('Passing lowercase HTTP method "post" is deprecated. Use uppercase HTTP method like "POST".', 16384)
 2 APPPATH/Config/Routes.php(52): CodeIgniter\Router\RouteCollection->match([...], 'compte/repondre/(:num)', 'Compte::repondre/$1')
 3 SYSTEMPATH/Router/RouteCollection.php(340): require('/home/2025DIFAL3/e22308557/public_html/V1/ci/app/Config/Routes.php')
 4 SYSTEMPATH/CodeIgniter.php(823): CodeIgniter\Router\RouteCollection->loadRoutes()
 5 SYSTEMPATH/CodeIgniter.php(457): CodeIgniter\CodeIgniter->tryToRouteIt(null)
 6 SYSTEMPATH/CodeIgniter.php(355): CodeIgniter\CodeIgniter->handleRequest(null, Object(Config\Cache), false)
 7 SYSTEMPATH/Boot.php(325): CodeIgniter\CodeIgniter->run()
 8 SYSTEMPATH/Boot.php(67): CodeIgniter\Boot::runCodeIgniter(Object(CodeIgniter\CodeIgniter))
 9 FCPATH/index.php(56): CodeIgniter\Boot::bootWeb(Object(Config\Paths))
WARNING - 2025-11-27 13:23:08 --> [DEPRECATED] Creation of dynamic property App\Controllers\Compte::$model is deprecated in APPPATH/Controllers/Compte.php on line 11.
 1 SYSTEMPATH/CodeIgniter.php(903): App\Controllers\Compte->__construct()
 2 SYSTEMPATH/CodeIgniter.php(500): CodeIgniter\CodeIgniter->createController()
 3 SYSTEMPATH/CodeIgniter.php(355): CodeIgniter\CodeIgniter->handleRequest(null, Object(Config\Cache), false)
 4 SYSTEMPATH/Boot.php(325): CodeIgniter\CodeIgniter->run()
 5 SYSTEMPATH/Boot.php(67): CodeIgniter\Boot::runCodeIgniter(Object(CodeIgniter\CodeIgniter))
 6 FCPATH/index.php(56): CodeIgniter\Boot::bootWeb(Object(Config\Paths))
INFO - 2025-11-27 13:23:08 --> Session: Class initialized using 'CodeIgniter\Session\Handlers\FileHandler' driver.
CRITICAL - 2025-11-27 13:23:08 --> ParseError: syntax error, unexpected token "echo"
[Method: POST, Route: compte/voir_reservation]
in APPPATH/Views/ressources/reservation.php on line 2.
 1 SYSTEMPATH/View/View.php(237): CodeIgniter\View\View->CodeIgniter\View\{closure}()
 2 SYSTEMPATH/Common.php(1171): CodeIgniter\View\View->render()
 3 APPPATH/Controllers/Compte.php(624): view()
 4 SYSTEMPATH/CodeIgniter.php(933): App\Controllers\Compte->voir_reservation()
 5 SYSTEMPATH/CodeIgniter.php(509): CodeIgniter\CodeIgniter->runController()
 6 SYSTEMPATH/CodeIgniter.php(355): CodeIgniter\CodeIgniter->handleRequest()
 7 SYSTEMPATH/Boot.php(325): CodeIgniter\CodeIgniter->run()
 8 SYSTEMPATH/Boot.php(67): CodeIgniter\Boot::runCodeIgniter()
 9 FCPATH/index.php(56): CodeIgniter\Boot::bootWeb()
WARNING - 2025-11-27 13:23:28 --> [DEPRECATED] Passing lowercase HTTP method "get" is deprecated. Use uppercase HTTP method like "GET". in SYSTEMPATH/Router/RouteCollection.php on line 1027.
 1 SYSTEMPATH/Router/RouteCollection.php(1027): trigger_error('Passing lowercase HTTP method "get" is deprecated. Use uppercase HTTP method like "GET".', 16384)
 2 APPPATH/Config/Routes.php(52): CodeIgniter\Router\RouteCollection->match([...], 'compte/repondre/(:num)', 'Compte::repondre/$1')
 3 SYSTEMPATH/Router/RouteCollection.php(340): require('/home/2025DIFAL3/e22308557/public_html/V1/ci/app/Config/Routes.php')
 4 SYSTEMPATH/CodeIgniter.php(823): CodeIgniter\Router\RouteCollection->loadRoutes()
 5 SYSTEMPATH/CodeIgniter.php(457): CodeIgniter\CodeIgniter->tryToRouteIt(null)
 6 SYSTEMPATH/CodeIgniter.php(355): CodeIgniter\CodeIgniter->handleRequest(null, Object(Config\Cache), false)
 7 SYSTEMPATH/Boot.php(325): CodeIgniter\CodeIgniter->run()
 8 SYSTEMPATH/Boot.php(67): CodeIgniter\Boot::runCodeIgniter(Object(CodeIgniter\CodeIgniter))
 9 FCPATH/index.php(56): CodeIgniter\Boot::bootWeb(Object(Config\Paths))
WARNING - 2025-11-27 13:23:28 --> [DEPRECATED] Passing lowercase HTTP method "post" is deprecated. Use uppercase HTTP method like "POST". in SYSTEMPATH/Router/RouteCollection.php on line 1027.
 1 SYSTEMPATH/Router/RouteCollection.php(1027): trigger_error('Passing lowercase HTTP method "post" is deprecated. Use uppercase HTTP method like "POST".', 16384)
 2 APPPATH/Config/Routes.php(52): CodeIgniter\Router\RouteCollection->match([...], 'compte/repondre/(:num)', 'Compte::repondre/$1')
 3 SYSTEMPATH/Router/RouteCollection.php(340): require('/home/2025DIFAL3/e22308557/public_html/V1/ci/app/Config/Routes.php')
 4 SYSTEMPATH/CodeIgniter.php(823): CodeIgniter\Router\RouteCollection->loadRoutes()
 5 SYSTEMPATH/CodeIgniter.php(457): CodeIgniter\CodeIgniter->tryToRouteIt(null)
 6 SYSTEMPATH/CodeIgniter.php(355): CodeIgniter\CodeIgniter->handleRequest(null, Object(Config\Cache), false)
 7 SYSTEMPATH/Boot.php(325): CodeIgniter\CodeIgniter->run()
 8 SYSTEMPATH/Boot.php(67): CodeIgniter\Boot::runCodeIgniter(Object(CodeIgniter\CodeIgniter))
 9 FCPATH/index.php(56): CodeIgniter\Boot::bootWeb(Object(Config\Paths))
WARNING - 2025-11-27 13:23:28 --> [DEPRECATED] Creation of dynamic property App\Controllers\Compte::$model is deprecated in APPPATH/Controllers/Compte.php on line 11.
 1 SYSTEMPATH/CodeIgniter.php(903): App\Controllers\Compte->__construct()
 2 SYSTEMPATH/CodeIgniter.php(500): CodeIgniter\CodeIgniter->createController()
 3 SYSTEMPATH/CodeIgniter.php(355): CodeIgniter\CodeIgniter->handleRequest(null, Object(Config\Cache), false)
 4 SYSTEMPATH/Boot.php(325): CodeIgniter\CodeIgniter->run()
 5 SYSTEMPATH/Boot.php(67): CodeIgniter\Boot::runCodeIgniter(Object(CodeIgniter\CodeIgniter))
 6 FCPATH/index.php(56): CodeIgniter\Boot::bootWeb(Object(Config\Paths))
INFO - 2025-11-27 13:23:28 --> Session: Class initialized using 'CodeIgniter\Session\Handlers\FileHandler' driver.
CRITICAL - 2025-11-27 13:23:28 --> ParseError: syntax error, unexpected token "echo"
[Method: POST, Route: compte/voir_reservation]
in APPPATH/Views/ressources/reservation.php on line 2.
 1 SYSTEMPATH/View/View.php(237): CodeIgniter\View\View->CodeIgniter\View\{closure}()
 2 SYSTEMPATH/Common.php(1171): CodeIgniter\View\View->render()
 3 APPPATH/Controllers/Compte.php(624): view()
 4 SYSTEMPATH/CodeIgniter.php(933): App\Controllers\Compte->voir_reservation()
 5 SYSTEMPATH/CodeIgniter.php(509): CodeIgniter\CodeIgniter->runController()
 6 SYSTEMPATH/CodeIgniter.php(355): CodeIgniter\CodeIgniter->handleRequest()
 7 SYSTEMPATH/Boot.php(325): CodeIgniter\CodeIgniter->run()
 8 SYSTEMPATH/Boot.php(67): CodeIgniter\Boot::runCodeIgniter()
 9 FCPATH/index.php(56): CodeIgniter\Boot::bootWeb()
WARNING - 2025-11-27 13:23:45 --> [DEPRECATED] Passing lowercase HTTP method "get" is deprecated. Use uppercase HTTP method like "GET". in SYSTEMPATH/Router/RouteCollection.php on line 1027.
 1 SYSTEMPATH/Router/RouteCollection.php(1027): trigger_error('Passing lowercase HTTP method "get" is deprecated. Use uppercase HTTP method like "GET".', 16384)
 2 APPPATH/Config/Routes.php(52): CodeIgniter\Router\RouteCollection->match([...], 'compte/repondre/(:num)', 'Compte::repondre/$1')
 3 SYSTEMPATH/Router/RouteCollection.php(340): require('/home/2025DIFAL3/e22308557/public_html/V1/ci/app/Config/Routes.php')
 4 SYSTEMPATH/CodeIgniter.php(823): CodeIgniter\Router\RouteCollection->loadRoutes()
 5 SYSTEMPATH/CodeIgniter.php(457): CodeIgniter\CodeIgniter->tryToRouteIt(null)
 6 SYSTEMPATH/CodeIgniter.php(355): CodeIgniter\CodeIgniter->handleRequest(null, Object(Config\Cache), false)
 7 SYSTEMPATH/Boot.php(325): CodeIgniter\CodeIgniter->run()
 8 SYSTEMPATH/Boot.php(67): CodeIgniter\Boot::runCodeIgniter(Object(CodeIgniter\CodeIgniter))
 9 FCPATH/index.php(56): CodeIgniter\Boot::bootWeb(Object(Config\Paths))
WARNING - 2025-11-27 13:23:45 --> [DEPRECATED] Passing lowercase HTTP method "post" is deprecated. Use uppercase HTTP method like "POST". in SYSTEMPATH/Router/RouteCollection.php on line 1027.
 1 SYSTEMPATH/Router/RouteCollection.php(1027): trigger_error('Passing lowercase HTTP method "post" is deprecated. Use uppercase HTTP method like "POST".', 16384)
 2 APPPATH/Config/Routes.php(52): CodeIgniter\Router\RouteCollection->match([...], 'compte/repondre/(:num)', 'Compte::repondre/$1')
 3 SYSTEMPATH/Router/RouteCollection.php(340): require('/home/2025DIFAL3/e22308557/public_html/V1/ci/app/Config/Routes.php')
 4 SYSTEMPATH/CodeIgniter.php(823): CodeIgniter\Router\RouteCollection->loadRoutes()
 5 SYSTEMPATH/CodeIgniter.php(457): CodeIgniter\CodeIgniter->tryToRouteIt(null)
 6 SYSTEMPATH/CodeIgniter.php(355): CodeIgniter\CodeIgniter->handleRequest(null, Object(Config\Cache), false)
 7 SYSTEMPATH/Boot.php(325): CodeIgniter\CodeIgniter->run()
 8 SYSTEMPATH/Boot.php(67): CodeIgniter\Boot::runCodeIgniter(Object(CodeIgniter\CodeIgniter))
 9 FCPATH/index.php(56): CodeIgniter\Boot::bootWeb(Object(Config\Paths))
WARNING - 2025-11-27 13:23:45 --> [DEPRECATED] Creation of dynamic property App\Controllers\Compte::$model is deprecated in APPPATH/Controllers/Compte.php on line 11.
 1 SYSTEMPATH/CodeIgniter.php(903): App\Controllers\Compte->__construct()
 2 SYSTEMPATH/CodeIgniter.php(500): CodeIgniter\CodeIgniter->createController()
 3 SYSTEMPATH/CodeIgniter.php(355): CodeIgniter\CodeIgniter->handleRequest(null, Object(Config\Cache), false)
 4 SYSTEMPATH/Boot.php(325): CodeIgniter\CodeIgniter->run()
 5 SYSTEMPATH/Boot.php(67): CodeIgniter\Boot::runCodeIgniter(Object(CodeIgniter\CodeIgniter))
 6 FCPATH/index.php(56): CodeIgniter\Boot::bootWeb(Object(Config\Paths))
INFO - 2025-11-27 13:23:45 --> Session: Class initialized using 'CodeIgniter\Session\Handlers\FileHandler' driver.
CRITICAL - 2025-11-27 13:23:45 --> ParseError: syntax error, unexpected token ";"
[Method: POST, Route: compte/voir_reservation]
in APPPATH/Views/ressources/reservation.php on line 2.
 1 SYSTEMPATH/View/View.php(237): CodeIgniter\View\View->CodeIgniter\View\{closure}()
 2 SYSTEMPATH/Common.php(1171): CodeIgniter\View\View->render()
 3 APPPATH/Controllers/Compte.php(624): view()
 4 SYSTEMPATH/CodeIgniter.php(933): App\Controllers\Compte->voir_reservation()
 5 SYSTEMPATH/CodeIgniter.php(509): CodeIgniter\CodeIgniter->runController()
 6 SYSTEMPATH/CodeIgniter.php(355): CodeIgniter\CodeIgniter->handleRequest()
 7 SYSTEMPATH/Boot.php(325): CodeIgniter\CodeIgniter->run()
 8 SYSTEMPATH/Boot.php(67): CodeIgniter\Boot::runCodeIgniter()
 9 FCPATH/index.php(56): CodeIgniter\Boot::bootWeb()
WARNING - 2025-11-27 13:24:50 --> [DEPRECATED] Passing lowercase HTTP method "get" is deprecated. Use uppercase HTTP method like "GET". in SYSTEMPATH/Router/RouteCollection.php on line 1027.
 1 SYSTEMPATH/Router/RouteCollection.php(1027): trigger_error('Passing lowercase HTTP method "get" is deprecated. Use uppercase HTTP method like "GET".', 16384)
 2 APPPATH/Config/Routes.php(52): CodeIgniter\Router\RouteCollection->match([...], 'compte/repondre/(:num)', 'Compte::repondre/$1')
 3 SYSTEMPATH/Router/RouteCollection.php(340): require('/home/2025DIFAL3/e22308557/public_html/V1/ci/app/Config/Routes.php')
 4 SYSTEMPATH/CodeIgniter.php(823): CodeIgniter\Router\RouteCollection->loadRoutes()
 5 SYSTEMPATH/CodeIgniter.php(457): CodeIgniter\CodeIgniter->tryToRouteIt(null)
 6 SYSTEMPATH/CodeIgniter.php(355): CodeIgniter\CodeIgniter->handleRequest(null, Object(Config\Cache), false)
 7 SYSTEMPATH/Boot.php(325): CodeIgniter\CodeIgniter->run()
 8 SYSTEMPATH/Boot.php(67): CodeIgniter\Boot::runCodeIgniter(Object(CodeIgniter\CodeIgniter))
 9 FCPATH/index.php(56): CodeIgniter\Boot::bootWeb(Object(Config\Paths))
WARNING - 2025-11-27 13:24:50 --> [DEPRECATED] Passing lowercase HTTP method "post" is deprecated. Use uppercase HTTP method like "POST". in SYSTEMPATH/Router/RouteCollection.php on line 1027.
 1 SYSTEMPATH/Router/RouteCollection.php(1027): trigger_error('Passing lowercase HTTP method "post" is deprecated. Use uppercase HTTP method like "POST".', 16384)
 2 APPPATH/Config/Routes.php(52): CodeIgniter\Router\RouteCollection->match([...], 'compte/repondre/(:num)', 'Compte::repondre/$1')
 3 SYSTEMPATH/Router/RouteCollection.php(340): require('/home/2025DIFAL3/e22308557/public_html/V1/ci/app/Config/Routes.php')
 4 SYSTEMPATH/CodeIgniter.php(823): CodeIgniter\Router\RouteCollection->loadRoutes()
 5 SYSTEMPATH/CodeIgniter.php(457): CodeIgniter\CodeIgniter->tryToRouteIt(null)
 6 SYSTEMPATH/CodeIgniter.php(355): CodeIgniter\CodeIgniter->handleRequest(null, Object(Config\Cache), false)
 7 SYSTEMPATH/Boot.php(325): CodeIgniter\CodeIgniter->run()
 8 SYSTEMPATH/Boot.php(67): CodeIgniter\Boot::runCodeIgniter(Object(CodeIgniter\CodeIgniter))
 9 FCPATH/index.php(56): CodeIgniter\Boot::bootWeb(Object(Config\Paths))
WARNING - 2025-11-27 13:24:50 --> [DEPRECATED] Creation of dynamic property App\Controllers\Compte::$model is deprecated in APPPATH/Controllers/Compte.php on line 11.
 1 SYSTEMPATH/CodeIgniter.php(903): App\Controllers\Compte->__construct()
 2 SYSTEMPATH/CodeIgniter.php(500): CodeIgniter\CodeIgniter->createController()
 3 SYSTEMPATH/CodeIgniter.php(355): CodeIgniter\CodeIgniter->handleRequest(null, Object(Config\Cache), false)
 4 SYSTEMPATH/Boot.php(325): CodeIgniter\CodeIgniter->run()
 5 SYSTEMPATH/Boot.php(67): CodeIgniter\Boot::runCodeIgniter(Object(CodeIgniter\CodeIgniter))
 6 FCPATH/index.php(56): CodeIgniter\Boot::bootWeb(Object(Config\Paths))
INFO - 2025-11-27 13:24:50 --> Session: Class initialized using 'CodeIgniter\Session\Handlers\FileHandler' driver.
CRITICAL - 2025-11-27 13:24:50 --> ParseError: syntax error, unexpected token ";"
[Method: POST, Route: compte/voir_reservation]
in APPPATH/Views/ressources/reservation.php on line 2.
 1 SYSTEMPATH/View/View.php(237): CodeIgniter\View\View->CodeIgniter\View\{closure}()
 2 SYSTEMPATH/Common.php(1171): CodeIgniter\View\View->render()
 3 APPPATH/Controllers/Compte.php(624): view()
 4 SYSTEMPATH/CodeIgniter.php(933): App\Controllers\Compte->voir_reservation()
 5 SYSTEMPATH/CodeIgniter.php(509): CodeIgniter\CodeIgniter->runController()
 6 SYSTEMPATH/CodeIgniter.php(355): CodeIgniter\CodeIgniter->handleRequest()
 7 SYSTEMPATH/Boot.php(325): CodeIgniter\CodeIgniter->run()
 8 SYSTEMPATH/Boot.php(67): CodeIgniter\Boot::runCodeIgniter()
 9 FCPATH/index.php(56): CodeIgniter\Boot::bootWeb()
WARNING - 2025-11-27 13:25:17 --> [DEPRECATED] Passing lowercase HTTP method "get" is deprecated. Use uppercase HTTP method like "GET". in SYSTEMPATH/Router/RouteCollection.php on line 1027.
 1 SYSTEMPATH/Router/RouteCollection.php(1027): trigger_error('Passing lowercase HTTP method "get" is deprecated. Use uppercase HTTP method like "GET".', 16384)
 2 APPPATH/Config/Routes.php(52): CodeIgniter\Router\RouteCollection->match([...], 'compte/repondre/(:num)', 'Compte::repondre/$1')
 3 SYSTEMPATH/Router/RouteCollection.php(340): require('/home/2025DIFAL3/e22308557/public_html/V1/ci/app/Config/Routes.php')
 4 SYSTEMPATH/CodeIgniter.php(823): CodeIgniter\Router\RouteCollection->loadRoutes()
 5 SYSTEMPATH/CodeIgniter.php(457): CodeIgniter\CodeIgniter->tryToRouteIt(null)
 6 SYSTEMPATH/CodeIgniter.php(355): CodeIgniter\CodeIgniter->handleRequest(null, Object(Config\Cache), false)
 7 SYSTEMPATH/Boot.php(325): CodeIgniter\CodeIgniter->run()
 8 SYSTEMPATH/Boot.php(67): CodeIgniter\Boot::runCodeIgniter(Object(CodeIgniter\CodeIgniter))
 9 FCPATH/index.php(56): CodeIgniter\Boot::bootWeb(Object(Config\Paths))
WARNING - 2025-11-27 13:25:17 --> [DEPRECATED] Passing lowercase HTTP method "post" is deprecated. Use uppercase HTTP method like "POST". in SYSTEMPATH/Router/RouteCollection.php on line 1027.
 1 SYSTEMPATH/Router/RouteCollection.php(1027): trigger_error('Passing lowercase HTTP method "post" is deprecated. Use uppercase HTTP method like "POST".', 16384)
 2 APPPATH/Config/Routes.php(52): CodeIgniter\Router\RouteCollection->match([...], 'compte/repondre/(:num)', 'Compte::repondre/$1')
 3 SYSTEMPATH/Router/RouteCollection.php(340): require('/home/2025DIFAL3/e22308557/public_html/V1/ci/app/Config/Routes.php')
 4 SYSTEMPATH/CodeIgniter.php(823): CodeIgniter\Router\RouteCollection->loadRoutes()
 5 SYSTEMPATH/CodeIgniter.php(457): CodeIgniter\CodeIgniter->tryToRouteIt(null)
 6 SYSTEMPATH/CodeIgniter.php(355): CodeIgniter\CodeIgniter->handleRequest(null, Object(Config\Cache), false)
 7 SYSTEMPATH/Boot.php(325): CodeIgniter\CodeIgniter->run()
 8 SYSTEMPATH/Boot.php(67): CodeIgniter\Boot::runCodeIgniter(Object(CodeIgniter\CodeIgniter))
 9 FCPATH/index.php(56): CodeIgniter\Boot::bootWeb(Object(Config\Paths))
WARNING - 2025-11-27 13:25:17 --> [DEPRECATED] Creation of dynamic property App\Controllers\Compte::$model is deprecated in APPPATH/Controllers/Compte.php on line 11.
 1 SYSTEMPATH/CodeIgniter.php(903): App\Controllers\Compte->__construct()
 2 SYSTEMPATH/CodeIgniter.php(500): CodeIgniter\CodeIgniter->createController()
 3 SYSTEMPATH/CodeIgniter.php(355): CodeIgniter\CodeIgniter->handleRequest(null, Object(Config\Cache), false)
 4 SYSTEMPATH/Boot.php(325): CodeIgniter\CodeIgniter->run()
 5 SYSTEMPATH/Boot.php(67): CodeIgniter\Boot::runCodeIgniter(Object(CodeIgniter\CodeIgniter))
 6 FCPATH/index.php(56): CodeIgniter\Boot::bootWeb(Object(Config\Paths))
INFO - 2025-11-27 13:25:17 --> Session: Class initialized using 'CodeIgniter\Session\Handlers\FileHandler' driver.
CRITICAL - 2025-11-27 13:25:17 --> TypeError: strtotime(): Argument #1 ($datetime) must be of type string, array given
[Method: POST, Route: compte/voir_reservation]
in APPPATH/Views/ressources/affiche_reserv.php on line 2.
 1 APPPATH/Views/ressources/affiche_reserv.php(2): strtotime()
 2 SYSTEMPATH/View/View.php(234): include('/home/2025DIFAL3/e22308557/public_html/V1/ci/app/Views/ressources/affiche_reserv.php')
 3 SYSTEMPATH/View/View.php(237): CodeIgniter\View\View->CodeIgniter\View\{closure}()
 4 SYSTEMPATH/Common.php(1171): CodeIgniter\View\View->render()
 5 APPPATH/Controllers/Compte.php(625): view()
 6 SYSTEMPATH/CodeIgniter.php(933): App\Controllers\Compte->voir_reservation()
 7 SYSTEMPATH/CodeIgniter.php(509): CodeIgniter\CodeIgniter->runController()
 8 SYSTEMPATH/CodeIgniter.php(355): CodeIgniter\CodeIgniter->handleRequest()
 9 SYSTEMPATH/Boot.php(325): CodeIgniter\CodeIgniter->run()
10 SYSTEMPATH/Boot.php(67): CodeIgniter\Boot::runCodeIgniter()
11 FCPATH/index.php(56): CodeIgniter\Boot::bootWeb()
WARNING - 2025-11-27 13:26:11 --> [DEPRECATED] Passing lowercase HTTP method "get" is deprecated. Use uppercase HTTP method like "GET". in SYSTEMPATH/Router/RouteCollection.php on line 1027.
 1 SYSTEMPATH/Router/RouteCollection.php(1027): trigger_error('Passing lowercase HTTP method "get" is deprecated. Use uppercase HTTP method like "GET".', 16384)
 2 APPPATH/Config/Routes.php(52): CodeIgniter\Router\RouteCollection->match([...], 'compte/repondre/(:num)', 'Compte::repondre/$1')
 3 SYSTEMPATH/Router/RouteCollection.php(340): require('/home/2025DIFAL3/e22308557/public_html/V1/ci/app/Config/Routes.php')
 4 SYSTEMPATH/CodeIgniter.php(823): CodeIgniter\Router\RouteCollection->loadRoutes()
 5 SYSTEMPATH/CodeIgniter.php(457): CodeIgniter\CodeIgniter->tryToRouteIt(null)
 6 SYSTEMPATH/CodeIgniter.php(355): CodeIgniter\CodeIgniter->handleRequest(null, Object(Config\Cache), false)
 7 SYSTEMPATH/Boot.php(325): CodeIgniter\CodeIgniter->run()
 8 SYSTEMPATH/Boot.php(67): CodeIgniter\Boot::runCodeIgniter(Object(CodeIgniter\CodeIgniter))
 9 FCPATH/index.php(56): CodeIgniter\Boot::bootWeb(Object(Config\Paths))
WARNING - 2025-11-27 13:26:11 --> [DEPRECATED] Passing lowercase HTTP method "post" is deprecated. Use uppercase HTTP method like "POST". in SYSTEMPATH/Router/RouteCollection.php on line 1027.
 1 SYSTEMPATH/Router/RouteCollection.php(1027): trigger_error('Passing lowercase HTTP method "post" is deprecated. Use uppercase HTTP method like "POST".', 16384)
 2 APPPATH/Config/Routes.php(52): CodeIgniter\Router\RouteCollection->match([...], 'compte/repondre/(:num)', 'Compte::repondre/$1')
 3 SYSTEMPATH/Router/RouteCollection.php(340): require('/home/2025DIFAL3/e22308557/public_html/V1/ci/app/Config/Routes.php')
 4 SYSTEMPATH/CodeIgniter.php(823): CodeIgniter\Router\RouteCollection->loadRoutes()
 5 SYSTEMPATH/CodeIgniter.php(457): CodeIgniter\CodeIgniter->tryToRouteIt(null)
 6 SYSTEMPATH/CodeIgniter.php(355): CodeIgniter\CodeIgniter->handleRequest(null, Object(Config\Cache), false)
 7 SYSTEMPATH/Boot.php(325): CodeIgniter\CodeIgniter->run()
 8 SYSTEMPATH/Boot.php(67): CodeIgniter\Boot::runCodeIgniter(Object(CodeIgniter\CodeIgniter))
 9 FCPATH/index.php(56): CodeIgniter\Boot::bootWeb(Object(Config\Paths))
WARNING - 2025-11-27 13:26:11 --> [DEPRECATED] Creation of dynamic property App\Controllers\Compte::$model is deprecated in APPPATH/Controllers/Compte.php on line 11.
 1 SYSTEMPATH/CodeIgniter.php(903): App\Controllers\Compte->__construct()
 2 SYSTEMPATH/CodeIgniter.php(500): CodeIgniter\CodeIgniter->createController()
 3 SYSTEMPATH/CodeIgniter.php(355): CodeIgniter\CodeIgniter->handleRequest(null, Object(Config\Cache), false)
 4 SYSTEMPATH/Boot.php(325): CodeIgniter\CodeIgniter->run()
 5 SYSTEMPATH/Boot.php(67): CodeIgniter\Boot::runCodeIgniter(Object(CodeIgniter\CodeIgniter))
 6 FCPATH/index.php(56): CodeIgniter\Boot::bootWeb(Object(Config\Paths))
INFO - 2025-11-27 13:26:11 --> Session: Class initialized using 'CodeIgniter\Session\Handlers\FileHandler' driver.
CRITICAL - 2025-11-27 13:26:11 --> TypeError: strtotime(): Argument #1 ($datetime) must be of type string, array given
[Method: POST, Route: compte/voir_reservation]
in APPPATH/Views/ressources/affiche_reserv.php on line 2.
 1 APPPATH/Views/ressources/affiche_reserv.php(2): strtotime()
 2 SYSTEMPATH/View/View.php(234): include('/home/2025DIFAL3/e22308557/public_html/V1/ci/app/Views/ressources/affiche_reserv.php')
 3 SYSTEMPATH/View/View.php(237): CodeIgniter\View\View->CodeIgniter\View\{closure}()
 4 SYSTEMPATH/Common.php(1171): CodeIgniter\View\View->render()
 5 APPPATH/Controllers/Compte.php(625): view()
 6 SYSTEMPATH/CodeIgniter.php(933): App\Controllers\Compte->voir_reservation()
 7 SYSTEMPATH/CodeIgniter.php(509): CodeIgniter\CodeIgniter->runController()
 8 SYSTEMPATH/CodeIgniter.php(355): CodeIgniter\CodeIgniter->handleRequest()
 9 SYSTEMPATH/Boot.php(325): CodeIgniter\CodeIgniter->run()
10 SYSTEMPATH/Boot.php(67): CodeIgniter\Boot::runCodeIgniter()
11 FCPATH/index.php(56): CodeIgniter\Boot::bootWeb()
WARNING - 2025-11-27 13:37:25 --> [DEPRECATED] Passing lowercase HTTP method "get" is deprecated. Use uppercase HTTP method like "GET". in SYSTEMPATH/Router/RouteCollection.php on line 1027.
 1 SYSTEMPATH/Router/RouteCollection.php(1027): trigger_error('Passing lowercase HTTP method "get" is deprecated. Use uppercase HTTP method like "GET".', 16384)
 2 APPPATH/Config/Routes.php(52): CodeIgniter\Router\RouteCollection->match([...], 'compte/repondre/(:num)', 'Compte::repondre/$1')
 3 SYSTEMPATH/Router/RouteCollection.php(340): require('/home/2025DIFAL3/e22308557/public_html/V1/ci/app/Config/Routes.php')
 4 SYSTEMPATH/CodeIgniter.php(823): CodeIgniter\Router\RouteCollection->loadRoutes()
 5 SYSTEMPATH/CodeIgniter.php(457): CodeIgniter\CodeIgniter->tryToRouteIt(null)
 6 SYSTEMPATH/CodeIgniter.php(355): CodeIgniter\CodeIgniter->handleRequest(null, Object(Config\Cache), false)
 7 SYSTEMPATH/Boot.php(325): CodeIgniter\CodeIgniter->run()
 8 SYSTEMPATH/Boot.php(67): CodeIgniter\Boot::runCodeIgniter(Object(CodeIgniter\CodeIgniter))
 9 FCPATH/index.php(56): CodeIgniter\Boot::bootWeb(Object(Config\Paths))
WARNING - 2025-11-27 13:37:25 --> [DEPRECATED] Passing lowercase HTTP method "post" is deprecated. Use uppercase HTTP method like "POST". in SYSTEMPATH/Router/RouteCollection.php on line 1027.
 1 SYSTEMPATH/Router/RouteCollection.php(1027): trigger_error('Passing lowercase HTTP method "post" is deprecated. Use uppercase HTTP method like "POST".', 16384)
 2 APPPATH/Config/Routes.php(52): CodeIgniter\Router\RouteCollection->match([...], 'compte/repondre/(:num)', 'Compte::repondre/$1')
 3 SYSTEMPATH/Router/RouteCollection.php(340): require('/home/2025DIFAL3/e22308557/public_html/V1/ci/app/Config/Routes.php')
 4 SYSTEMPATH/CodeIgniter.php(823): CodeIgniter\Router\RouteCollection->loadRoutes()
 5 SYSTEMPATH/CodeIgniter.php(457): CodeIgniter\CodeIgniter->tryToRouteIt(null)
 6 SYSTEMPATH/CodeIgniter.php(355): CodeIgniter\CodeIgniter->handleRequest(null, Object(Config\Cache), false)
 7 SYSTEMPATH/Boot.php(325): CodeIgniter\CodeIgniter->run()
 8 SYSTEMPATH/Boot.php(67): CodeIgniter\Boot::runCodeIgniter(Object(CodeIgniter\CodeIgniter))
 9 FCPATH/index.php(56): CodeIgniter\Boot::bootWeb(Object(Config\Paths))
WARNING - 2025-11-27 13:37:25 --> [DEPRECATED] Creation of dynamic property App\Controllers\Compte::$model is deprecated in APPPATH/Controllers/Compte.php on line 11.
 1 SYSTEMPATH/CodeIgniter.php(903): App\Controllers\Compte->__construct()
 2 SYSTEMPATH/CodeIgniter.php(500): CodeIgniter\CodeIgniter->createController()
 3 SYSTEMPATH/CodeIgniter.php(355): CodeIgniter\CodeIgniter->handleRequest(null, Object(Config\Cache), false)
 4 SYSTEMPATH/Boot.php(325): CodeIgniter\CodeIgniter->run()
 5 SYSTEMPATH/Boot.php(67): CodeIgniter\Boot::runCodeIgniter(Object(CodeIgniter\CodeIgniter))
 6 FCPATH/index.php(56): CodeIgniter\Boot::bootWeb(Object(Config\Paths))
INFO - 2025-11-27 13:37:25 --> Session: Class initialized using 'CodeIgniter\Session\Handlers\FileHandler' driver.
WARNING - 2025-11-27 13:38:13 --> [DEPRECATED] Passing lowercase HTTP method "get" is deprecated. Use uppercase HTTP method like "GET". in SYSTEMPATH/Router/RouteCollection.php on line 1027.
 1 SYSTEMPATH/Router/RouteCollection.php(1027): trigger_error('Passing lowercase HTTP method "get" is deprecated. Use uppercase HTTP method like "GET".', 16384)
 2 APPPATH/Config/Routes.php(52): CodeIgniter\Router\RouteCollection->match([...], 'compte/repondre/(:num)', 'Compte::repondre/$1')
 3 SYSTEMPATH/Router/RouteCollection.php(340): require('/home/2025DIFAL3/e22308557/public_html/V1/ci/app/Config/Routes.php')
 4 SYSTEMPATH/CodeIgniter.php(823): CodeIgniter\Router\RouteCollection->loadRoutes()
 5 SYSTEMPATH/CodeIgniter.php(457): CodeIgniter\CodeIgniter->tryToRouteIt(null)
 6 SYSTEMPATH/CodeIgniter.php(355): CodeIgniter\CodeIgniter->handleRequest(null, Object(Config\Cache), false)
 7 SYSTEMPATH/Boot.php(325): CodeIgniter\CodeIgniter->run()
 8 SYSTEMPATH/Boot.php(67): CodeIgniter\Boot::runCodeIgniter(Object(CodeIgniter\CodeIgniter))
 9 FCPATH/index.php(56): CodeIgniter\Boot::bootWeb(Object(Config\Paths))
WARNING - 2025-11-27 13:38:13 --> [DEPRECATED] Passing lowercase HTTP method "post" is deprecated. Use uppercase HTTP method like "POST". in SYSTEMPATH/Router/RouteCollection.php on line 1027.
 1 SYSTEMPATH/Router/RouteCollection.php(1027): trigger_error('Passing lowercase HTTP method "post" is deprecated. Use uppercase HTTP method like "POST".', 16384)
 2 APPPATH/Config/Routes.php(52): CodeIgniter\Router\RouteCollection->match([...], 'compte/repondre/(:num)', 'Compte::repondre/$1')
 3 SYSTEMPATH/Router/RouteCollection.php(340): require('/home/2025DIFAL3/e22308557/public_html/V1/ci/app/Config/Routes.php')
 4 SYSTEMPATH/CodeIgniter.php(823): CodeIgniter\Router\RouteCollection->loadRoutes()
 5 SYSTEMPATH/CodeIgniter.php(457): CodeIgniter\CodeIgniter->tryToRouteIt(null)
 6 SYSTEMPATH/CodeIgniter.php(355): CodeIgniter\CodeIgniter->handleRequest(null, Object(Config\Cache), false)
 7 SYSTEMPATH/Boot.php(325): CodeIgniter\CodeIgniter->run()
 8 SYSTEMPATH/Boot.php(67): CodeIgniter\Boot::runCodeIgniter(Object(CodeIgniter\CodeIgniter))
 9 FCPATH/index.php(56): CodeIgniter\Boot::bootWeb(Object(Config\Paths))
WARNING - 2025-11-27 13:38:13 --> [DEPRECATED] Creation of dynamic property App\Controllers\Compte::$model is deprecated in APPPATH/Controllers/Compte.php on line 11.
 1 SYSTEMPATH/CodeIgniter.php(903): App\Controllers\Compte->__construct()
 2 SYSTEMPATH/CodeIgniter.php(500): CodeIgniter\CodeIgniter->createController()
 3 SYSTEMPATH/CodeIgniter.php(355): CodeIgniter\CodeIgniter->handleRequest(null, Object(Config\Cache), false)
 4 SYSTEMPATH/Boot.php(325): CodeIgniter\CodeIgniter->run()
 5 SYSTEMPATH/Boot.php(67): CodeIgniter\Boot::runCodeIgniter(Object(CodeIgniter\CodeIgniter))
 6 FCPATH/index.php(56): CodeIgniter\Boot::bootWeb(Object(Config\Paths))
INFO - 2025-11-27 13:38:13 --> Session: Class initialized using 'CodeIgniter\Session\Handlers\FileHandler' driver.
WARNING - 2025-11-27 13:38:25 --> [DEPRECATED] Passing lowercase HTTP method "get" is deprecated. Use uppercase HTTP method like "GET". in SYSTEMPATH/Router/RouteCollection.php on line 1027.
 1 SYSTEMPATH/Router/RouteCollection.php(1027): trigger_error('Passing lowercase HTTP method "get" is deprecated. Use uppercase HTTP method like "GET".', 16384)
 2 APPPATH/Config/Routes.php(52): CodeIgniter\Router\RouteCollection->match([...], 'compte/repondre/(:num)', 'Compte::repondre/$1')
 3 SYSTEMPATH/Router/RouteCollection.php(340): require('/home/2025DIFAL3/e22308557/public_html/V1/ci/app/Config/Routes.php')
 4 SYSTEMPATH/CodeIgniter.php(823): CodeIgniter\Router\RouteCollection->loadRoutes()
 5 SYSTEMPATH/CodeIgniter.php(457): CodeIgniter\CodeIgniter->tryToRouteIt(null)
 6 SYSTEMPATH/CodeIgniter.php(355): CodeIgniter\CodeIgniter->handleRequest(null, Object(Config\Cache), false)
 7 SYSTEMPATH/Boot.php(325): CodeIgniter\CodeIgniter->run()
 8 SYSTEMPATH/Boot.php(67): CodeIgniter\Boot::runCodeIgniter(Object(CodeIgniter\CodeIgniter))
 9 FCPATH/index.php(56): CodeIgniter\Boot::bootWeb(Object(Config\Paths))
WARNING - 2025-11-27 13:38:25 --> [DEPRECATED] Passing lowercase HTTP method "post" is deprecated. Use uppercase HTTP method like "POST". in SYSTEMPATH/Router/RouteCollection.php on line 1027.
 1 SYSTEMPATH/Router/RouteCollection.php(1027): trigger_error('Passing lowercase HTTP method "post" is deprecated. Use uppercase HTTP method like "POST".', 16384)
 2 APPPATH/Config/Routes.php(52): CodeIgniter\Router\RouteCollection->match([...], 'compte/repondre/(:num)', 'Compte::repondre/$1')
 3 SYSTEMPATH/Router/RouteCollection.php(340): require('/home/2025DIFAL3/e22308557/public_html/V1/ci/app/Config/Routes.php')
 4 SYSTEMPATH/CodeIgniter.php(823): CodeIgniter\Router\RouteCollection->loadRoutes()
 5 SYSTEMPATH/CodeIgniter.php(457): CodeIgniter\CodeIgniter->tryToRouteIt(null)
 6 SYSTEMPATH/CodeIgniter.php(355): CodeIgniter\CodeIgniter->handleRequest(null, Object(Config\Cache), false)
 7 SYSTEMPATH/Boot.php(325): CodeIgniter\CodeIgniter->run()
 8 SYSTEMPATH/Boot.php(67): CodeIgniter\Boot::runCodeIgniter(Object(CodeIgniter\CodeIgniter))
 9 FCPATH/index.php(56): CodeIgniter\Boot::bootWeb(Object(Config\Paths))
WARNING - 2025-11-27 13:38:25 --> [DEPRECATED] Creation of dynamic property App\Controllers\Compte::$model is deprecated in APPPATH/Controllers/Compte.php on line 11.
 1 SYSTEMPATH/CodeIgniter.php(903): App\Controllers\Compte->__construct()
 2 SYSTEMPATH/CodeIgniter.php(500): CodeIgniter\CodeIgniter->createController()
 3 SYSTEMPATH/CodeIgniter.php(355): CodeIgniter\CodeIgniter->handleRequest(null, Object(Config\Cache), false)
 4 SYSTEMPATH/Boot.php(325): CodeIgniter\CodeIgniter->run()
 5 SYSTEMPATH/Boot.php(67): CodeIgniter\Boot::runCodeIgniter(Object(CodeIgniter\CodeIgniter))
 6 FCPATH/index.php(56): CodeIgniter\Boot::bootWeb(Object(Config\Paths))
INFO - 2025-11-27 13:38:25 --> Session: Class initialized using 'CodeIgniter\Session\Handlers\FileHandler' driver.
WARNING - 2025-11-27 14:01:43 --> [DEPRECATED] Passing lowercase HTTP method "get" is deprecated. Use uppercase HTTP method like "GET". in SYSTEMPATH/Router/RouteCollection.php on line 1027.
 1 SYSTEMPATH/Router/RouteCollection.php(1027): trigger_error('Passing lowercase HTTP method "get" is deprecated. Use uppercase HTTP method like "GET".', 16384)
 2 APPPATH/Config/Routes.php(52): CodeIgniter\Router\RouteCollection->match([...], 'compte/repondre/(:num)', 'Compte::repondre/$1')
 3 SYSTEMPATH/Router/RouteCollection.php(340): require('/home/2025DIFAL3/e22308557/public_html/V1/ci/app/Config/Routes.php')
 4 SYSTEMPATH/CodeIgniter.php(823): CodeIgniter\Router\RouteCollection->loadRoutes()
 5 SYSTEMPATH/CodeIgniter.php(457): CodeIgniter\CodeIgniter->tryToRouteIt(null)
 6 SYSTEMPATH/CodeIgniter.php(355): CodeIgniter\CodeIgniter->handleRequest(null, Object(Config\Cache), false)
 7 SYSTEMPATH/Boot.php(325): CodeIgniter\CodeIgniter->run()
 8 SYSTEMPATH/Boot.php(67): CodeIgniter\Boot::runCodeIgniter(Object(CodeIgniter\CodeIgniter))
 9 FCPATH/index.php(56): CodeIgniter\Boot::bootWeb(Object(Config\Paths))
WARNING - 2025-11-27 14:01:43 --> [DEPRECATED] Passing lowercase HTTP method "post" is deprecated. Use uppercase HTTP method like "POST". in SYSTEMPATH/Router/RouteCollection.php on line 1027.
 1 SYSTEMPATH/Router/RouteCollection.php(1027): trigger_error('Passing lowercase HTTP method "post" is deprecated. Use uppercase HTTP method like "POST".', 16384)
 2 APPPATH/Config/Routes.php(52): CodeIgniter\Router\RouteCollection->match([...], 'compte/repondre/(:num)', 'Compte::repondre/$1')
 3 SYSTEMPATH/Router/RouteCollection.php(340): require('/home/2025DIFAL3/e22308557/public_html/V1/ci/app/Config/Routes.php')
 4 SYSTEMPATH/CodeIgniter.php(823): CodeIgniter\Router\RouteCollection->loadRoutes()
 5 SYSTEMPATH/CodeIgniter.php(457): CodeIgniter\CodeIgniter->tryToRouteIt(null)
 6 SYSTEMPATH/CodeIgniter.php(355): CodeIgniter\CodeIgniter->handleRequest(null, Object(Config\Cache), false)
 7 SYSTEMPATH/Boot.php(325): CodeIgniter\CodeIgniter->run()
 8 SYSTEMPATH/Boot.php(67): CodeIgniter\Boot::runCodeIgniter(Object(CodeIgniter\CodeIgniter))
 9 FCPATH/index.php(56): CodeIgniter\Boot::bootWeb(Object(Config\Paths))
WARNING - 2025-11-27 14:01:43 --> [DEPRECATED] Creation of dynamic property App\Controllers\Compte::$model is deprecated in APPPATH/Controllers/Compte.php on line 11.
 1 SYSTEMPATH/CodeIgniter.php(903): App\Controllers\Compte->__construct()
 2 SYSTEMPATH/CodeIgniter.php(500): CodeIgniter\CodeIgniter->createController()
 3 SYSTEMPATH/CodeIgniter.php(355): CodeIgniter\CodeIgniter->handleRequest(null, Object(Config\Cache), false)
 4 SYSTEMPATH/Boot.php(325): CodeIgniter\CodeIgniter->run()
 5 SYSTEMPATH/Boot.php(67): CodeIgniter\Boot::runCodeIgniter(Object(CodeIgniter\CodeIgniter))
 6 FCPATH/index.php(56): CodeIgniter\Boot::bootWeb(Object(Config\Paths))
INFO - 2025-11-27 14:01:43 --> Session: Class initialized using 'CodeIgniter\Session\Handlers\FileHandler' driver.
WARNING - 2025-11-27 14:04:35 --> [DEPRECATED] Passing lowercase HTTP method "get" is deprecated. Use uppercase HTTP method like "GET". in SYSTEMPATH/Router/RouteCollection.php on line 1027.
 1 SYSTEMPATH/Router/RouteCollection.php(1027): trigger_error('Passing lowercase HTTP method "get" is deprecated. Use uppercase HTTP method like "GET".', 16384)
 2 APPPATH/Config/Routes.php(52): CodeIgniter\Router\RouteCollection->match([...], 'compte/repondre/(:num)', 'Compte::repondre/$1')
 3 SYSTEMPATH/Router/RouteCollection.php(340): require('/home/2025DIFAL3/e22308557/public_html/V1/ci/app/Config/Routes.php')
 4 SYSTEMPATH/CodeIgniter.php(823): CodeIgniter\Router\RouteCollection->loadRoutes()
 5 SYSTEMPATH/CodeIgniter.php(457): CodeIgniter\CodeIgniter->tryToRouteIt(null)
 6 SYSTEMPATH/CodeIgniter.php(355): CodeIgniter\CodeIgniter->handleRequest(null, Object(Config\Cache), false)
 7 SYSTEMPATH/Boot.php(325): CodeIgniter\CodeIgniter->run()
 8 SYSTEMPATH/Boot.php(67): CodeIgniter\Boot::runCodeIgniter(Object(CodeIgniter\CodeIgniter))
 9 FCPATH/index.php(56): CodeIgniter\Boot::bootWeb(Object(Config\Paths))
WARNING - 2025-11-27 14:04:35 --> [DEPRECATED] Passing lowercase HTTP method "post" is deprecated. Use uppercase HTTP method like "POST". in SYSTEMPATH/Router/RouteCollection.php on line 1027.
 1 SYSTEMPATH/Router/RouteCollection.php(1027): trigger_error('Passing lowercase HTTP method "post" is deprecated. Use uppercase HTTP method like "POST".', 16384)
 2 APPPATH/Config/Routes.php(52): CodeIgniter\Router\RouteCollection->match([...], 'compte/repondre/(:num)', 'Compte::repondre/$1')
 3 SYSTEMPATH/Router/RouteCollection.php(340): require('/home/2025DIFAL3/e22308557/public_html/V1/ci/app/Config/Routes.php')
 4 SYSTEMPATH/CodeIgniter.php(823): CodeIgniter\Router\RouteCollection->loadRoutes()
 5 SYSTEMPATH/CodeIgniter.php(457): CodeIgniter\CodeIgniter->tryToRouteIt(null)
 6 SYSTEMPATH/CodeIgniter.php(355): CodeIgniter\CodeIgniter->handleRequest(null, Object(Config\Cache), false)
 7 SYSTEMPATH/Boot.php(325): CodeIgniter\CodeIgniter->run()
 8 SYSTEMPATH/Boot.php(67): CodeIgniter\Boot::runCodeIgniter(Object(CodeIgniter\CodeIgniter))
 9 FCPATH/index.php(56): CodeIgniter\Boot::bootWeb(Object(Config\Paths))
WARNING - 2025-11-27 14:04:35 --> [DEPRECATED] Creation of dynamic property App\Controllers\Compte::$model is deprecated in APPPATH/Controllers/Compte.php on line 11.
 1 SYSTEMPATH/CodeIgniter.php(903): App\Controllers\Compte->__construct()
 2 SYSTEMPATH/CodeIgniter.php(500): CodeIgniter\CodeIgniter->createController()
 3 SYSTEMPATH/CodeIgniter.php(355): CodeIgniter\CodeIgniter->handleRequest(null, Object(Config\Cache), false)
 4 SYSTEMPATH/Boot.php(325): CodeIgniter\CodeIgniter->run()
 5 SYSTEMPATH/Boot.php(67): CodeIgniter\Boot::runCodeIgniter(Object(CodeIgniter\CodeIgniter))
 6 FCPATH/index.php(56): CodeIgniter\Boot::bootWeb(Object(Config\Paths))
INFO - 2025-11-27 14:04:35 --> Session: Class initialized using 'CodeIgniter\Session\Handlers\FileHandler' driver.
WARNING - 2025-11-27 14:04:39 --> [DEPRECATED] Passing lowercase HTTP method "get" is deprecated. Use uppercase HTTP method like "GET". in SYSTEMPATH/Router/RouteCollection.php on line 1027.
 1 SYSTEMPATH/Router/RouteCollection.php(1027): trigger_error('Passing lowercase HTTP method "get" is deprecated. Use uppercase HTTP method like "GET".', 16384)
 2 APPPATH/Config/Routes.php(52): CodeIgniter\Router\RouteCollection->match([...], 'compte/repondre/(:num)', 'Compte::repondre/$1')
 3 SYSTEMPATH/Router/RouteCollection.php(340): require('/home/2025DIFAL3/e22308557/public_html/V1/ci/app/Config/Routes.php')
 4 SYSTEMPATH/CodeIgniter.php(823): CodeIgniter\Router\RouteCollection->loadRoutes()
 5 SYSTEMPATH/CodeIgniter.php(457): CodeIgniter\CodeIgniter->tryToRouteIt(null)
 6 SYSTEMPATH/CodeIgniter.php(355): CodeIgniter\CodeIgniter->handleRequest(null, Object(Config\Cache), false)
 7 SYSTEMPATH/Boot.php(325): CodeIgniter\CodeIgniter->run()
 8 SYSTEMPATH/Boot.php(67): CodeIgniter\Boot::runCodeIgniter(Object(CodeIgniter\CodeIgniter))
 9 FCPATH/index.php(56): CodeIgniter\Boot::bootWeb(Object(Config\Paths))
WARNING - 2025-11-27 14:04:39 --> [DEPRECATED] Passing lowercase HTTP method "post" is deprecated. Use uppercase HTTP method like "POST". in SYSTEMPATH/Router/RouteCollection.php on line 1027.
 1 SYSTEMPATH/Router/RouteCollection.php(1027): trigger_error('Passing lowercase HTTP method "post" is deprecated. Use uppercase HTTP method like "POST".', 16384)
 2 APPPATH/Config/Routes.php(52): CodeIgniter\Router\RouteCollection->match([...], 'compte/repondre/(:num)', 'Compte::repondre/$1')
 3 SYSTEMPATH/Router/RouteCollection.php(340): require('/home/2025DIFAL3/e22308557/public_html/V1/ci/app/Config/Routes.php')
 4 SYSTEMPATH/CodeIgniter.php(823): CodeIgniter\Router\RouteCollection->loadRoutes()
 5 SYSTEMPATH/CodeIgniter.php(457): CodeIgniter\CodeIgniter->tryToRouteIt(null)
 6 SYSTEMPATH/CodeIgniter.php(355): CodeIgniter\CodeIgniter->handleRequest(null, Object(Config\Cache), false)
 7 SYSTEMPATH/Boot.php(325): CodeIgniter\CodeIgniter->run()
 8 SYSTEMPATH/Boot.php(67): CodeIgniter\Boot::runCodeIgniter(Object(CodeIgniter\CodeIgniter))
 9 FCPATH/index.php(56): CodeIgniter\Boot::bootWeb(Object(Config\Paths))
WARNING - 2025-11-27 14:04:39 --> [DEPRECATED] Creation of dynamic property App\Controllers\Compte::$model is deprecated in APPPATH/Controllers/Compte.php on line 11.
 1 SYSTEMPATH/CodeIgniter.php(903): App\Controllers\Compte->__construct()
 2 SYSTEMPATH/CodeIgniter.php(500): CodeIgniter\CodeIgniter->createController()
 3 SYSTEMPATH/CodeIgniter.php(355): CodeIgniter\CodeIgniter->handleRequest(null, Object(Config\Cache), false)
 4 SYSTEMPATH/Boot.php(325): CodeIgniter\CodeIgniter->run()
 5 SYSTEMPATH/Boot.php(67): CodeIgniter\Boot::runCodeIgniter(Object(CodeIgniter\CodeIgniter))
 6 FCPATH/index.php(56): CodeIgniter\Boot::bootWeb(Object(Config\Paths))
INFO - 2025-11-27 14:04:39 --> Session: Class initialized using 'CodeIgniter\Session\Handlers\FileHandler' driver.
WARNING - 2025-11-27 14:04:46 --> [DEPRECATED] Passing lowercase HTTP method "get" is deprecated. Use uppercase HTTP method like "GET". in SYSTEMPATH/Router/RouteCollection.php on line 1027.
 1 SYSTEMPATH/Router/RouteCollection.php(1027): trigger_error('Passing lowercase HTTP method "get" is deprecated. Use uppercase HTTP method like "GET".', 16384)
 2 APPPATH/Config/Routes.php(52): CodeIgniter\Router\RouteCollection->match([...], 'compte/repondre/(:num)', 'Compte::repondre/$1')
 3 SYSTEMPATH/Router/RouteCollection.php(340): require('/home/2025DIFAL3/e22308557/public_html/V1/ci/app/Config/Routes.php')
 4 SYSTEMPATH/CodeIgniter.php(823): CodeIgniter\Router\RouteCollection->loadRoutes()
 5 SYSTEMPATH/CodeIgniter.php(457): CodeIgniter\CodeIgniter->tryToRouteIt(null)
 6 SYSTEMPATH/CodeIgniter.php(355): CodeIgniter\CodeIgniter->handleRequest(null, Object(Config\Cache), false)
 7 SYSTEMPATH/Boot.php(325): CodeIgniter\CodeIgniter->run()
 8 SYSTEMPATH/Boot.php(67): CodeIgniter\Boot::runCodeIgniter(Object(CodeIgniter\CodeIgniter))
 9 FCPATH/index.php(56): CodeIgniter\Boot::bootWeb(Object(Config\Paths))
WARNING - 2025-11-27 14:04:46 --> [DEPRECATED] Passing lowercase HTTP method "post" is deprecated. Use uppercase HTTP method like "POST". in SYSTEMPATH/Router/RouteCollection.php on line 1027.
 1 SYSTEMPATH/Router/RouteCollection.php(1027): trigger_error('Passing lowercase HTTP method "post" is deprecated. Use uppercase HTTP method like "POST".', 16384)
 2 APPPATH/Config/Routes.php(52): CodeIgniter\Router\RouteCollection->match([...], 'compte/repondre/(:num)', 'Compte::repondre/$1')
 3 SYSTEMPATH/Router/RouteCollection.php(340): require('/home/2025DIFAL3/e22308557/public_html/V1/ci/app/Config/Routes.php')
 4 SYSTEMPATH/CodeIgniter.php(823): CodeIgniter\Router\RouteCollection->loadRoutes()
 5 SYSTEMPATH/CodeIgniter.php(457): CodeIgniter\CodeIgniter->tryToRouteIt(null)
 6 SYSTEMPATH/CodeIgniter.php(355): CodeIgniter\CodeIgniter->handleRequest(null, Object(Config\Cache), false)
 7 SYSTEMPATH/Boot.php(325): CodeIgniter\CodeIgniter->run()
 8 SYSTEMPATH/Boot.php(67): CodeIgniter\Boot::runCodeIgniter(Object(CodeIgniter\CodeIgniter))
 9 FCPATH/index.php(56): CodeIgniter\Boot::bootWeb(Object(Config\Paths))
WARNING - 2025-11-27 14:04:46 --> [DEPRECATED] Creation of dynamic property App\Controllers\Compte::$model is deprecated in APPPATH/Controllers/Compte.php on line 11.
 1 SYSTEMPATH/CodeIgniter.php(903): App\Controllers\Compte->__construct()
 2 SYSTEMPATH/CodeIgniter.php(500): CodeIgniter\CodeIgniter->createController()
 3 SYSTEMPATH/CodeIgniter.php(355): CodeIgniter\CodeIgniter->handleRequest(null, Object(Config\Cache), false)
 4 SYSTEMPATH/Boot.php(325): CodeIgniter\CodeIgniter->run()
 5 SYSTEMPATH/Boot.php(67): CodeIgniter\Boot::runCodeIgniter(Object(CodeIgniter\CodeIgniter))
 6 FCPATH/index.php(56): CodeIgniter\Boot::bootWeb(Object(Config\Paths))
INFO - 2025-11-27 14:04:46 --> Session: Class initialized using 'CodeIgniter\Session\Handlers\FileHandler' driver.
WARNING - 2025-11-27 14:04:47 --> [DEPRECATED] Passing lowercase HTTP method "get" is deprecated. Use uppercase HTTP method like "GET". in SYSTEMPATH/Router/RouteCollection.php on line 1027.
 1 SYSTEMPATH/Router/RouteCollection.php(1027): trigger_error('Passing lowercase HTTP method "get" is deprecated. Use uppercase HTTP method like "GET".', 16384)
 2 APPPATH/Config/Routes.php(52): CodeIgniter\Router\RouteCollection->match([...], 'compte/repondre/(:num)', 'Compte::repondre/$1')
 3 SYSTEMPATH/Router/RouteCollection.php(340): require('/home/2025DIFAL3/e22308557/public_html/V1/ci/app/Config/Routes.php')
 4 SYSTEMPATH/CodeIgniter.php(823): CodeIgniter\Router\RouteCollection->loadRoutes()
 5 SYSTEMPATH/CodeIgniter.php(457): CodeIgniter\CodeIgniter->tryToRouteIt(null)
 6 SYSTEMPATH/CodeIgniter.php(355): CodeIgniter\CodeIgniter->handleRequest(null, Object(Config\Cache), false)
 7 SYSTEMPATH/Boot.php(325): CodeIgniter\CodeIgniter->run()
 8 SYSTEMPATH/Boot.php(67): CodeIgniter\Boot::runCodeIgniter(Object(CodeIgniter\CodeIgniter))
 9 FCPATH/index.php(56): CodeIgniter\Boot::bootWeb(Object(Config\Paths))
WARNING - 2025-11-27 14:04:47 --> [DEPRECATED] Passing lowercase HTTP method "post" is deprecated. Use uppercase HTTP method like "POST". in SYSTEMPATH/Router/RouteCollection.php on line 1027.
 1 SYSTEMPATH/Router/RouteCollection.php(1027): trigger_error('Passing lowercase HTTP method "post" is deprecated. Use uppercase HTTP method like "POST".', 16384)
 2 APPPATH/Config/Routes.php(52): CodeIgniter\Router\RouteCollection->match([...], 'compte/repondre/(:num)', 'Compte::repondre/$1')
 3 SYSTEMPATH/Router/RouteCollection.php(340): require('/home/2025DIFAL3/e22308557/public_html/V1/ci/app/Config/Routes.php')
 4 SYSTEMPATH/CodeIgniter.php(823): CodeIgniter\Router\RouteCollection->loadRoutes()
 5 SYSTEMPATH/CodeIgniter.php(457): CodeIgniter\CodeIgniter->tryToRouteIt(null)
 6 SYSTEMPATH/CodeIgniter.php(355): CodeIgniter\CodeIgniter->handleRequest(null, Object(Config\Cache), false)
 7 SYSTEMPATH/Boot.php(325): CodeIgniter\CodeIgniter->run()
 8 SYSTEMPATH/Boot.php(67): CodeIgniter\Boot::runCodeIgniter(Object(CodeIgniter\CodeIgniter))
 9 FCPATH/index.php(56): CodeIgniter\Boot::bootWeb(Object(Config\Paths))
WARNING - 2025-11-27 14:04:47 --> [DEPRECATED] Creation of dynamic property App\Controllers\Compte::$model is deprecated in APPPATH/Controllers/Compte.php on line 11.
 1 SYSTEMPATH/CodeIgniter.php(903): App\Controllers\Compte->__construct()
 2 SYSTEMPATH/CodeIgniter.php(500): CodeIgniter\CodeIgniter->createController()
 3 SYSTEMPATH/CodeIgniter.php(355): CodeIgniter\CodeIgniter->handleRequest(null, Object(Config\Cache), false)
 4 SYSTEMPATH/Boot.php(325): CodeIgniter\CodeIgniter->run()
 5 SYSTEMPATH/Boot.php(67): CodeIgniter\Boot::runCodeIgniter(Object(CodeIgniter\CodeIgniter))
 6 FCPATH/index.php(56): CodeIgniter\Boot::bootWeb(Object(Config\Paths))
INFO - 2025-11-27 14:04:47 --> Session: Class initialized using 'CodeIgniter\Session\Handlers\FileHandler' driver.
WARNING - 2025-11-27 14:05:01 --> [DEPRECATED] Passing lowercase HTTP method "get" is deprecated. Use uppercase HTTP method like "GET". in SYSTEMPATH/Router/RouteCollection.php on line 1027.
 1 SYSTEMPATH/Router/RouteCollection.php(1027): trigger_error('Passing lowercase HTTP method "get" is deprecated. Use uppercase HTTP method like "GET".', 16384)
 2 APPPATH/Config/Routes.php(52): CodeIgniter\Router\RouteCollection->match([...], 'compte/repondre/(:num)', 'Compte::repondre/$1')
 3 SYSTEMPATH/Router/RouteCollection.php(340): require('/home/2025DIFAL3/e22308557/public_html/V1/ci/app/Config/Routes.php')
 4 SYSTEMPATH/CodeIgniter.php(823): CodeIgniter\Router\RouteCollection->loadRoutes()
 5 SYSTEMPATH/CodeIgniter.php(457): CodeIgniter\CodeIgniter->tryToRouteIt(null)
 6 SYSTEMPATH/CodeIgniter.php(355): CodeIgniter\CodeIgniter->handleRequest(null, Object(Config\Cache), false)
 7 SYSTEMPATH/Boot.php(325): CodeIgniter\CodeIgniter->run()
 8 SYSTEMPATH/Boot.php(67): CodeIgniter\Boot::runCodeIgniter(Object(CodeIgniter\CodeIgniter))
 9 FCPATH/index.php(56): CodeIgniter\Boot::bootWeb(Object(Config\Paths))
WARNING - 2025-11-27 14:05:01 --> [DEPRECATED] Passing lowercase HTTP method "post" is deprecated. Use uppercase HTTP method like "POST". in SYSTEMPATH/Router/RouteCollection.php on line 1027.
 1 SYSTEMPATH/Router/RouteCollection.php(1027): trigger_error('Passing lowercase HTTP method "post" is deprecated. Use uppercase HTTP method like "POST".', 16384)
 2 APPPATH/Config/Routes.php(52): CodeIgniter\Router\RouteCollection->match([...], 'compte/repondre/(:num)', 'Compte::repondre/$1')
 3 SYSTEMPATH/Router/RouteCollection.php(340): require('/home/2025DIFAL3/e22308557/public_html/V1/ci/app/Config/Routes.php')
 4 SYSTEMPATH/CodeIgniter.php(823): CodeIgniter\Router\RouteCollection->loadRoutes()
 5 SYSTEMPATH/CodeIgniter.php(457): CodeIgniter\CodeIgniter->tryToRouteIt(null)
 6 SYSTEMPATH/CodeIgniter.php(355): CodeIgniter\CodeIgniter->handleRequest(null, Object(Config\Cache), false)
 7 SYSTEMPATH/Boot.php(325): CodeIgniter\CodeIgniter->run()
 8 SYSTEMPATH/Boot.php(67): CodeIgniter\Boot::runCodeIgniter(Object(CodeIgniter\CodeIgniter))
 9 FCPATH/index.php(56): CodeIgniter\Boot::bootWeb(Object(Config\Paths))
WARNING - 2025-11-27 14:05:01 --> [DEPRECATED] Creation of dynamic property App\Controllers\Compte::$model is deprecated in APPPATH/Controllers/Compte.php on line 11.
 1 SYSTEMPATH/CodeIgniter.php(903): App\Controllers\Compte->__construct()
 2 SYSTEMPATH/CodeIgniter.php(500): CodeIgniter\CodeIgniter->createController()
 3 SYSTEMPATH/CodeIgniter.php(355): CodeIgniter\CodeIgniter->handleRequest(null, Object(Config\Cache), false)
 4 SYSTEMPATH/Boot.php(325): CodeIgniter\CodeIgniter->run()
 5 SYSTEMPATH/Boot.php(67): CodeIgniter\Boot::runCodeIgniter(Object(CodeIgniter\CodeIgniter))
 6 FCPATH/index.php(56): CodeIgniter\Boot::bootWeb(Object(Config\Paths))
INFO - 2025-11-27 14:05:01 --> Session: Class initialized using 'CodeIgniter\Session\Handlers\FileHandler' driver.
WARNING - 2025-11-27 14:05:40 --> [DEPRECATED] Passing lowercase HTTP method "get" is deprecated. Use uppercase HTTP method like "GET". in SYSTEMPATH/Router/RouteCollection.php on line 1027.
 1 SYSTEMPATH/Router/RouteCollection.php(1027): trigger_error('Passing lowercase HTTP method "get" is deprecated. Use uppercase HTTP method like "GET".', 16384)
 2 APPPATH/Config/Routes.php(52): CodeIgniter\Router\RouteCollection->match([...], 'compte/repondre/(:num)', 'Compte::repondre/$1')
 3 SYSTEMPATH/Router/RouteCollection.php(340): require('/home/2025DIFAL3/e22308557/public_html/V1/ci/app/Config/Routes.php')
 4 SYSTEMPATH/CodeIgniter.php(823): CodeIgniter\Router\RouteCollection->loadRoutes()
 5 SYSTEMPATH/CodeIgniter.php(457): CodeIgniter\CodeIgniter->tryToRouteIt(null)
 6 SYSTEMPATH/CodeIgniter.php(355): CodeIgniter\CodeIgniter->handleRequest(null, Object(Config\Cache), false)
 7 SYSTEMPATH/Boot.php(325): CodeIgniter\CodeIgniter->run()
 8 SYSTEMPATH/Boot.php(67): CodeIgniter\Boot::runCodeIgniter(Object(CodeIgniter\CodeIgniter))
 9 FCPATH/index.php(56): CodeIgniter\Boot::bootWeb(Object(Config\Paths))
WARNING - 2025-11-27 14:05:40 --> [DEPRECATED] Passing lowercase HTTP method "post" is deprecated. Use uppercase HTTP method like "POST". in SYSTEMPATH/Router/RouteCollection.php on line 1027.
 1 SYSTEMPATH/Router/RouteCollection.php(1027): trigger_error('Passing lowercase HTTP method "post" is deprecated. Use uppercase HTTP method like "POST".', 16384)
 2 APPPATH/Config/Routes.php(52): CodeIgniter\Router\RouteCollection->match([...], 'compte/repondre/(:num)', 'Compte::repondre/$1')
 3 SYSTEMPATH/Router/RouteCollection.php(340): require('/home/2025DIFAL3/e22308557/public_html/V1/ci/app/Config/Routes.php')
 4 SYSTEMPATH/CodeIgniter.php(823): CodeIgniter\Router\RouteCollection->loadRoutes()
 5 SYSTEMPATH/CodeIgniter.php(457): CodeIgniter\CodeIgniter->tryToRouteIt(null)
 6 SYSTEMPATH/CodeIgniter.php(355): CodeIgniter\CodeIgniter->handleRequest(null, Object(Config\Cache), false)
 7 SYSTEMPATH/Boot.php(325): CodeIgniter\CodeIgniter->run()
 8 SYSTEMPATH/Boot.php(67): CodeIgniter\Boot::runCodeIgniter(Object(CodeIgniter\CodeIgniter))
 9 FCPATH/index.php(56): CodeIgniter\Boot::bootWeb(Object(Config\Paths))
WARNING - 2025-11-27 14:05:40 --> [DEPRECATED] Creation of dynamic property App\Controllers\Compte::$model is deprecated in APPPATH/Controllers/Compte.php on line 11.
 1 SYSTEMPATH/CodeIgniter.php(903): App\Controllers\Compte->__construct()
 2 SYSTEMPATH/CodeIgniter.php(500): CodeIgniter\CodeIgniter->createController()
 3 SYSTEMPATH/CodeIgniter.php(355): CodeIgniter\CodeIgniter->handleRequest(null, Object(Config\Cache), false)
 4 SYSTEMPATH/Boot.php(325): CodeIgniter\CodeIgniter->run()
 5 SYSTEMPATH/Boot.php(67): CodeIgniter\Boot::runCodeIgniter(Object(CodeIgniter\CodeIgniter))
 6 FCPATH/index.php(56): CodeIgniter\Boot::bootWeb(Object(Config\Paths))
INFO - 2025-11-27 14:05:40 --> Session: Class initialized using 'CodeIgniter\Session\Handlers\FileHandler' driver.
WARNING - 2025-11-27 14:41:05 --> [DEPRECATED] Passing lowercase HTTP method "get" is deprecated. Use uppercase HTTP method like "GET". in SYSTEMPATH/Router/RouteCollection.php on line 1027.
 1 SYSTEMPATH/Router/RouteCollection.php(1027): trigger_error('Passing lowercase HTTP method "get" is deprecated. Use uppercase HTTP method like "GET".', 16384)
 2 APPPATH/Config/Routes.php(52): CodeIgniter\Router\RouteCollection->match([...], 'compte/repondre/(:num)', 'Compte::repondre/$1')
 3 SYSTEMPATH/Router/RouteCollection.php(340): require('/home/2025DIFAL3/e22308557/public_html/V1/ci/app/Config/Routes.php')
 4 SYSTEMPATH/CodeIgniter.php(823): CodeIgniter\Router\RouteCollection->loadRoutes()
 5 SYSTEMPATH/CodeIgniter.php(457): CodeIgniter\CodeIgniter->tryToRouteIt(null)
 6 SYSTEMPATH/CodeIgniter.php(355): CodeIgniter\CodeIgniter->handleRequest(null, Object(Config\Cache), false)
 7 SYSTEMPATH/Boot.php(325): CodeIgniter\CodeIgniter->run()
 8 SYSTEMPATH/Boot.php(67): CodeIgniter\Boot::runCodeIgniter(Object(CodeIgniter\CodeIgniter))
 9 FCPATH/index.php(56): CodeIgniter\Boot::bootWeb(Object(Config\Paths))
WARNING - 2025-11-27 14:41:05 --> [DEPRECATED] Passing lowercase HTTP method "post" is deprecated. Use uppercase HTTP method like "POST". in SYSTEMPATH/Router/RouteCollection.php on line 1027.
 1 SYSTEMPATH/Router/RouteCollection.php(1027): trigger_error('Passing lowercase HTTP method "post" is deprecated. Use uppercase HTTP method like "POST".', 16384)
 2 APPPATH/Config/Routes.php(52): CodeIgniter\Router\RouteCollection->match([...], 'compte/repondre/(:num)', 'Compte::repondre/$1')
 3 SYSTEMPATH/Router/RouteCollection.php(340): require('/home/2025DIFAL3/e22308557/public_html/V1/ci/app/Config/Routes.php')
 4 SYSTEMPATH/CodeIgniter.php(823): CodeIgniter\Router\RouteCollection->loadRoutes()
 5 SYSTEMPATH/CodeIgniter.php(457): CodeIgniter\CodeIgniter->tryToRouteIt(null)
 6 SYSTEMPATH/CodeIgniter.php(355): CodeIgniter\CodeIgniter->handleRequest(null, Object(Config\Cache), false)
 7 SYSTEMPATH/Boot.php(325): CodeIgniter\CodeIgniter->run()
 8 SYSTEMPATH/Boot.php(67): CodeIgniter\Boot::runCodeIgniter(Object(CodeIgniter\CodeIgniter))
 9 FCPATH/index.php(56): CodeIgniter\Boot::bootWeb(Object(Config\Paths))
WARNING - 2025-11-27 14:41:05 --> [DEPRECATED] Creation of dynamic property App\Controllers\Compte::$model is deprecated in APPPATH/Controllers/Compte.php on line 11.
 1 SYSTEMPATH/CodeIgniter.php(903): App\Controllers\Compte->__construct()
 2 SYSTEMPATH/CodeIgniter.php(500): CodeIgniter\CodeIgniter->createController()
 3 SYSTEMPATH/CodeIgniter.php(355): CodeIgniter\CodeIgniter->handleRequest(null, Object(Config\Cache), false)
 4 SYSTEMPATH/Boot.php(325): CodeIgniter\CodeIgniter->run()
 5 SYSTEMPATH/Boot.php(67): CodeIgniter\Boot::runCodeIgniter(Object(CodeIgniter\CodeIgniter))
 6 FCPATH/index.php(56): CodeIgniter\Boot::bootWeb(Object(Config\Paths))
INFO - 2025-11-27 14:41:05 --> Session: Class initialized using 'CodeIgniter\Session\Handlers\FileHandler' driver.
WARNING - 2025-11-27 14:41:39 --> [DEPRECATED] Passing lowercase HTTP method "get" is deprecated. Use uppercase HTTP method like "GET". in SYSTEMPATH/Router/RouteCollection.php on line 1027.
 1 SYSTEMPATH/Router/RouteCollection.php(1027): trigger_error('Passing lowercase HTTP method "get" is deprecated. Use uppercase HTTP method like "GET".', 16384)
 2 APPPATH/Config/Routes.php(52): CodeIgniter\Router\RouteCollection->match([...], 'compte/repondre/(:num)', 'Compte::repondre/$1')
 3 SYSTEMPATH/Router/RouteCollection.php(340): require('/home/2025DIFAL3/e22308557/public_html/V1/ci/app/Config/Routes.php')
 4 SYSTEMPATH/CodeIgniter.php(823): CodeIgniter\Router\RouteCollection->loadRoutes()
 5 SYSTEMPATH/CodeIgniter.php(457): CodeIgniter\CodeIgniter->tryToRouteIt(null)
 6 SYSTEMPATH/CodeIgniter.php(355): CodeIgniter\CodeIgniter->handleRequest(null, Object(Config\Cache), false)
 7 SYSTEMPATH/Boot.php(325): CodeIgniter\CodeIgniter->run()
 8 SYSTEMPATH/Boot.php(67): CodeIgniter\Boot::runCodeIgniter(Object(CodeIgniter\CodeIgniter))
 9 FCPATH/index.php(56): CodeIgniter\Boot::bootWeb(Object(Config\Paths))
WARNING - 2025-11-27 14:41:39 --> [DEPRECATED] Passing lowercase HTTP method "post" is deprecated. Use uppercase HTTP method like "POST". in SYSTEMPATH/Router/RouteCollection.php on line 1027.
 1 SYSTEMPATH/Router/RouteCollection.php(1027): trigger_error('Passing lowercase HTTP method "post" is deprecated. Use uppercase HTTP method like "POST".', 16384)
 2 APPPATH/Config/Routes.php(52): CodeIgniter\Router\RouteCollection->match([...], 'compte/repondre/(:num)', 'Compte::repondre/$1')
 3 SYSTEMPATH/Router/RouteCollection.php(340): require('/home/2025DIFAL3/e22308557/public_html/V1/ci/app/Config/Routes.php')
 4 SYSTEMPATH/CodeIgniter.php(823): CodeIgniter\Router\RouteCollection->loadRoutes()
 5 SYSTEMPATH/CodeIgniter.php(457): CodeIgniter\CodeIgniter->tryToRouteIt(null)
 6 SYSTEMPATH/CodeIgniter.php(355): CodeIgniter\CodeIgniter->handleRequest(null, Object(Config\Cache), false)
 7 SYSTEMPATH/Boot.php(325): CodeIgniter\CodeIgniter->run()
 8 SYSTEMPATH/Boot.php(67): CodeIgniter\Boot::runCodeIgniter(Object(CodeIgniter\CodeIgniter))
 9 FCPATH/index.php(56): CodeIgniter\Boot::bootWeb(Object(Config\Paths))
WARNING - 2025-11-27 14:41:39 --> [DEPRECATED] Creation of dynamic property App\Controllers\Compte::$model is deprecated in APPPATH/Controllers/Compte.php on line 11.
 1 SYSTEMPATH/CodeIgniter.php(903): App\Controllers\Compte->__construct()
 2 SYSTEMPATH/CodeIgniter.php(500): CodeIgniter\CodeIgniter->createController()
 3 SYSTEMPATH/CodeIgniter.php(355): CodeIgniter\CodeIgniter->handleRequest(null, Object(Config\Cache), false)
 4 SYSTEMPATH/Boot.php(325): CodeIgniter\CodeIgniter->run()
 5 SYSTEMPATH/Boot.php(67): CodeIgniter\Boot::runCodeIgniter(Object(CodeIgniter\CodeIgniter))
 6 FCPATH/index.php(56): CodeIgniter\Boot::bootWeb(Object(Config\Paths))
INFO - 2025-11-27 14:41:39 --> Session: Class initialized using 'CodeIgniter\Session\Handlers\FileHandler' driver.
WARNING - 2025-11-27 14:42:40 --> [DEPRECATED] Passing lowercase HTTP method "get" is deprecated. Use uppercase HTTP method like "GET". in SYSTEMPATH/Router/RouteCollection.php on line 1027.
 1 SYSTEMPATH/Router/RouteCollection.php(1027): trigger_error('Passing lowercase HTTP method "get" is deprecated. Use uppercase HTTP method like "GET".', 16384)
 2 APPPATH/Config/Routes.php(52): CodeIgniter\Router\RouteCollection->match([...], 'compte/repondre/(:num)', 'Compte::repondre/$1')
 3 SYSTEMPATH/Router/RouteCollection.php(340): require('/home/2025DIFAL3/e22308557/public_html/V1/ci/app/Config/Routes.php')
 4 SYSTEMPATH/CodeIgniter.php(823): CodeIgniter\Router\RouteCollection->loadRoutes()
 5 SYSTEMPATH/CodeIgniter.php(457): CodeIgniter\CodeIgniter->tryToRouteIt(null)
 6 SYSTEMPATH/CodeIgniter.php(355): CodeIgniter\CodeIgniter->handleRequest(null, Object(Config\Cache), false)
 7 SYSTEMPATH/Boot.php(325): CodeIgniter\CodeIgniter->run()
 8 SYSTEMPATH/Boot.php(67): CodeIgniter\Boot::runCodeIgniter(Object(CodeIgniter\CodeIgniter))
 9 FCPATH/index.php(56): CodeIgniter\Boot::bootWeb(Object(Config\Paths))
WARNING - 2025-11-27 14:42:40 --> [DEPRECATED] Passing lowercase HTTP method "post" is deprecated. Use uppercase HTTP method like "POST". in SYSTEMPATH/Router/RouteCollection.php on line 1027.
 1 SYSTEMPATH/Router/RouteCollection.php(1027): trigger_error('Passing lowercase HTTP method "post" is deprecated. Use uppercase HTTP method like "POST".', 16384)
 2 APPPATH/Config/Routes.php(52): CodeIgniter\Router\RouteCollection->match([...], 'compte/repondre/(:num)', 'Compte::repondre/$1')
 3 SYSTEMPATH/Router/RouteCollection.php(340): require('/home/2025DIFAL3/e22308557/public_html/V1/ci/app/Config/Routes.php')
 4 SYSTEMPATH/CodeIgniter.php(823): CodeIgniter\Router\RouteCollection->loadRoutes()
 5 SYSTEMPATH/CodeIgniter.php(457): CodeIgniter\CodeIgniter->tryToRouteIt(null)
 6 SYSTEMPATH/CodeIgniter.php(355): CodeIgniter\CodeIgniter->handleRequest(null, Object(Config\Cache), false)
 7 SYSTEMPATH/Boot.php(325): CodeIgniter\CodeIgniter->run()
 8 SYSTEMPATH/Boot.php(67): CodeIgniter\Boot::runCodeIgniter(Object(CodeIgniter\CodeIgniter))
 9 FCPATH/index.php(56): CodeIgniter\Boot::bootWeb(Object(Config\Paths))
WARNING - 2025-11-27 14:42:40 --> [DEPRECATED] Creation of dynamic property App\Controllers\Compte::$model is deprecated in APPPATH/Controllers/Compte.php on line 11.
 1 SYSTEMPATH/CodeIgniter.php(903): App\Controllers\Compte->__construct()
 2 SYSTEMPATH/CodeIgniter.php(500): CodeIgniter\CodeIgniter->createController()
 3 SYSTEMPATH/CodeIgniter.php(355): CodeIgniter\CodeIgniter->handleRequest(null, Object(Config\Cache), false)
 4 SYSTEMPATH/Boot.php(325): CodeIgniter\CodeIgniter->run()
 5 SYSTEMPATH/Boot.php(67): CodeIgniter\Boot::runCodeIgniter(Object(CodeIgniter\CodeIgniter))
 6 FCPATH/index.php(56): CodeIgniter\Boot::bootWeb(Object(Config\Paths))
INFO - 2025-11-27 14:42:40 --> Session: Class initialized using 'CodeIgniter\Session\Handlers\FileHandler' driver.
WARNING - 2025-11-27 14:43:04 --> [DEPRECATED] Passing lowercase HTTP method "get" is deprecated. Use uppercase HTTP method like "GET". in SYSTEMPATH/Router/RouteCollection.php on line 1027.
 1 SYSTEMPATH/Router/RouteCollection.php(1027): trigger_error('Passing lowercase HTTP method "get" is deprecated. Use uppercase HTTP method like "GET".', 16384)
 2 APPPATH/Config/Routes.php(52): CodeIgniter\Router\RouteCollection->match([...], 'compte/repondre/(:num)', 'Compte::repondre/$1')
 3 SYSTEMPATH/Router/RouteCollection.php(340): require('/home/2025DIFAL3/e22308557/public_html/V1/ci/app/Config/Routes.php')
 4 SYSTEMPATH/CodeIgniter.php(823): CodeIgniter\Router\RouteCollection->loadRoutes()
 5 SYSTEMPATH/CodeIgniter.php(457): CodeIgniter\CodeIgniter->tryToRouteIt(null)
 6 SYSTEMPATH/CodeIgniter.php(355): CodeIgniter\CodeIgniter->handleRequest(null, Object(Config\Cache), false)
 7 SYSTEMPATH/Boot.php(325): CodeIgniter\CodeIgniter->run()
 8 SYSTEMPATH/Boot.php(67): CodeIgniter\Boot::runCodeIgniter(Object(CodeIgniter\CodeIgniter))
 9 FCPATH/index.php(56): CodeIgniter\Boot::bootWeb(Object(Config\Paths))
WARNING - 2025-11-27 14:43:04 --> [DEPRECATED] Passing lowercase HTTP method "post" is deprecated. Use uppercase HTTP method like "POST". in SYSTEMPATH/Router/RouteCollection.php on line 1027.
 1 SYSTEMPATH/Router/RouteCollection.php(1027): trigger_error('Passing lowercase HTTP method "post" is deprecated. Use uppercase HTTP method like "POST".', 16384)
 2 APPPATH/Config/Routes.php(52): CodeIgniter\Router\RouteCollection->match([...], 'compte/repondre/(:num)', 'Compte::repondre/$1')
 3 SYSTEMPATH/Router/RouteCollection.php(340): require('/home/2025DIFAL3/e22308557/public_html/V1/ci/app/Config/Routes.php')
 4 SYSTEMPATH/CodeIgniter.php(823): CodeIgniter\Router\RouteCollection->loadRoutes()
 5 SYSTEMPATH/CodeIgniter.php(457): CodeIgniter\CodeIgniter->tryToRouteIt(null)
 6 SYSTEMPATH/CodeIgniter.php(355): CodeIgniter\CodeIgniter->handleRequest(null, Object(Config\Cache), false)
 7 SYSTEMPATH/Boot.php(325): CodeIgniter\CodeIgniter->run()
 8 SYSTEMPATH/Boot.php(67): CodeIgniter\Boot::runCodeIgniter(Object(CodeIgniter\CodeIgniter))
 9 FCPATH/index.php(56): CodeIgniter\Boot::bootWeb(Object(Config\Paths))
WARNING - 2025-11-27 14:43:04 --> [DEPRECATED] Creation of dynamic property App\Controllers\Compte::$model is deprecated in APPPATH/Controllers/Compte.php on line 11.
 1 SYSTEMPATH/CodeIgniter.php(903): App\Controllers\Compte->__construct()
 2 SYSTEMPATH/CodeIgniter.php(500): CodeIgniter\CodeIgniter->createController()
 3 SYSTEMPATH/CodeIgniter.php(355): CodeIgniter\CodeIgniter->handleRequest(null, Object(Config\Cache), false)
 4 SYSTEMPATH/Boot.php(325): CodeIgniter\CodeIgniter->run()
 5 SYSTEMPATH/Boot.php(67): CodeIgniter\Boot::runCodeIgniter(Object(CodeIgniter\CodeIgniter))
 6 FCPATH/index.php(56): CodeIgniter\Boot::bootWeb(Object(Config\Paths))
INFO - 2025-11-27 14:43:04 --> Session: Class initialized using 'CodeIgniter\Session\Handlers\FileHandler' driver.
WARNING - 2025-11-27 14:43:20 --> [DEPRECATED] Passing lowercase HTTP method "get" is deprecated. Use uppercase HTTP method like "GET". in SYSTEMPATH/Router/RouteCollection.php on line 1027.
 1 SYSTEMPATH/Router/RouteCollection.php(1027): trigger_error('Passing lowercase HTTP method "get" is deprecated. Use uppercase HTTP method like "GET".', 16384)
 2 APPPATH/Config/Routes.php(52): CodeIgniter\Router\RouteCollection->match([...], 'compte/repondre/(:num)', 'Compte::repondre/$1')
 3 SYSTEMPATH/Router/RouteCollection.php(340): require('/home/2025DIFAL3/e22308557/public_html/V1/ci/app/Config/Routes.php')
 4 SYSTEMPATH/CodeIgniter.php(823): CodeIgniter\Router\RouteCollection->loadRoutes()
 5 SYSTEMPATH/CodeIgniter.php(457): CodeIgniter\CodeIgniter->tryToRouteIt(null)
 6 SYSTEMPATH/CodeIgniter.php(355): CodeIgniter\CodeIgniter->handleRequest(null, Object(Config\Cache), false)
 7 SYSTEMPATH/Boot.php(325): CodeIgniter\CodeIgniter->run()
 8 SYSTEMPATH/Boot.php(67): CodeIgniter\Boot::runCodeIgniter(Object(CodeIgniter\CodeIgniter))
 9 FCPATH/index.php(56): CodeIgniter\Boot::bootWeb(Object(Config\Paths))
WARNING - 2025-11-27 14:43:20 --> [DEPRECATED] Passing lowercase HTTP method "post" is deprecated. Use uppercase HTTP method like "POST". in SYSTEMPATH/Router/RouteCollection.php on line 1027.
 1 SYSTEMPATH/Router/RouteCollection.php(1027): trigger_error('Passing lowercase HTTP method "post" is deprecated. Use uppercase HTTP method like "POST".', 16384)
 2 APPPATH/Config/Routes.php(52): CodeIgniter\Router\RouteCollection->match([...], 'compte/repondre/(:num)', 'Compte::repondre/$1')
 3 SYSTEMPATH/Router/RouteCollection.php(340): require('/home/2025DIFAL3/e22308557/public_html/V1/ci/app/Config/Routes.php')
 4 SYSTEMPATH/CodeIgniter.php(823): CodeIgniter\Router\RouteCollection->loadRoutes()
 5 SYSTEMPATH/CodeIgniter.php(457): CodeIgniter\CodeIgniter->tryToRouteIt(null)
 6 SYSTEMPATH/CodeIgniter.php(355): CodeIgniter\CodeIgniter->handleRequest(null, Object(Config\Cache), false)
 7 SYSTEMPATH/Boot.php(325): CodeIgniter\CodeIgniter->run()
 8 SYSTEMPATH/Boot.php(67): CodeIgniter\Boot::runCodeIgniter(Object(CodeIgniter\CodeIgniter))
 9 FCPATH/index.php(56): CodeIgniter\Boot::bootWeb(Object(Config\Paths))
WARNING - 2025-11-27 14:43:20 --> [DEPRECATED] Creation of dynamic property App\Controllers\Compte::$model is deprecated in APPPATH/Controllers/Compte.php on line 11.
 1 SYSTEMPATH/CodeIgniter.php(903): App\Controllers\Compte->__construct()
 2 SYSTEMPATH/CodeIgniter.php(500): CodeIgniter\CodeIgniter->createController()
 3 SYSTEMPATH/CodeIgniter.php(355): CodeIgniter\CodeIgniter->handleRequest(null, Object(Config\Cache), false)
 4 SYSTEMPATH/Boot.php(325): CodeIgniter\CodeIgniter->run()
 5 SYSTEMPATH/Boot.php(67): CodeIgniter\Boot::runCodeIgniter(Object(CodeIgniter\CodeIgniter))
 6 FCPATH/index.php(56): CodeIgniter\Boot::bootWeb(Object(Config\Paths))
INFO - 2025-11-27 14:43:20 --> Session: Class initialized using 'CodeIgniter\Session\Handlers\FileHandler' driver.
WARNING - 2025-11-27 14:43:42 --> [DEPRECATED] Passing lowercase HTTP method "get" is deprecated. Use uppercase HTTP method like "GET". in SYSTEMPATH/Router/RouteCollection.php on line 1027.
 1 SYSTEMPATH/Router/RouteCollection.php(1027): trigger_error('Passing lowercase HTTP method "get" is deprecated. Use uppercase HTTP method like "GET".', 16384)
 2 APPPATH/Config/Routes.php(52): CodeIgniter\Router\RouteCollection->match([...], 'compte/repondre/(:num)', 'Compte::repondre/$1')
 3 SYSTEMPATH/Router/RouteCollection.php(340): require('/home/2025DIFAL3/e22308557/public_html/V1/ci/app/Config/Routes.php')
 4 SYSTEMPATH/CodeIgniter.php(823): CodeIgniter\Router\RouteCollection->loadRoutes()
 5 SYSTEMPATH/CodeIgniter.php(457): CodeIgniter\CodeIgniter->tryToRouteIt(null)
 6 SYSTEMPATH/CodeIgniter.php(355): CodeIgniter\CodeIgniter->handleRequest(null, Object(Config\Cache), false)
 7 SYSTEMPATH/Boot.php(325): CodeIgniter\CodeIgniter->run()
 8 SYSTEMPATH/Boot.php(67): CodeIgniter\Boot::runCodeIgniter(Object(CodeIgniter\CodeIgniter))
 9 FCPATH/index.php(56): CodeIgniter\Boot::bootWeb(Object(Config\Paths))
WARNING - 2025-11-27 14:43:42 --> [DEPRECATED] Passing lowercase HTTP method "post" is deprecated. Use uppercase HTTP method like "POST". in SYSTEMPATH/Router/RouteCollection.php on line 1027.
 1 SYSTEMPATH/Router/RouteCollection.php(1027): trigger_error('Passing lowercase HTTP method "post" is deprecated. Use uppercase HTTP method like "POST".', 16384)
 2 APPPATH/Config/Routes.php(52): CodeIgniter\Router\RouteCollection->match([...], 'compte/repondre/(:num)', 'Compte::repondre/$1')
 3 SYSTEMPATH/Router/RouteCollection.php(340): require('/home/2025DIFAL3/e22308557/public_html/V1/ci/app/Config/Routes.php')
 4 SYSTEMPATH/CodeIgniter.php(823): CodeIgniter\Router\RouteCollection->loadRoutes()
 5 SYSTEMPATH/CodeIgniter.php(457): CodeIgniter\CodeIgniter->tryToRouteIt(null)
 6 SYSTEMPATH/CodeIgniter.php(355): CodeIgniter\CodeIgniter->handleRequest(null, Object(Config\Cache), false)
 7 SYSTEMPATH/Boot.php(325): CodeIgniter\CodeIgniter->run()
 8 SYSTEMPATH/Boot.php(67): CodeIgniter\Boot::runCodeIgniter(Object(CodeIgniter\CodeIgniter))
 9 FCPATH/index.php(56): CodeIgniter\Boot::bootWeb(Object(Config\Paths))
WARNING - 2025-11-27 14:43:42 --> [DEPRECATED] Creation of dynamic property App\Controllers\Compte::$model is deprecated in APPPATH/Controllers/Compte.php on line 11.
 1 SYSTEMPATH/CodeIgniter.php(903): App\Controllers\Compte->__construct()
 2 SYSTEMPATH/CodeIgniter.php(500): CodeIgniter\CodeIgniter->createController()
 3 SYSTEMPATH/CodeIgniter.php(355): CodeIgniter\CodeIgniter->handleRequest(null, Object(Config\Cache), false)
 4 SYSTEMPATH/Boot.php(325): CodeIgniter\CodeIgniter->run()
 5 SYSTEMPATH/Boot.php(67): CodeIgniter\Boot::runCodeIgniter(Object(CodeIgniter\CodeIgniter))
 6 FCPATH/index.php(56): CodeIgniter\Boot::bootWeb(Object(Config\Paths))
INFO - 2025-11-27 14:43:42 --> Session: Class initialized using 'CodeIgniter\Session\Handlers\FileHandler' driver.
WARNING - 2025-11-27 14:43:54 --> [DEPRECATED] Passing lowercase HTTP method "get" is deprecated. Use uppercase HTTP method like "GET". in SYSTEMPATH/Router/RouteCollection.php on line 1027.
 1 SYSTEMPATH/Router/RouteCollection.php(1027): trigger_error('Passing lowercase HTTP method "get" is deprecated. Use uppercase HTTP method like "GET".', 16384)
 2 APPPATH/Config/Routes.php(52): CodeIgniter\Router\RouteCollection->match([...], 'compte/repondre/(:num)', 'Compte::repondre/$1')
 3 SYSTEMPATH/Router/RouteCollection.php(340): require('/home/2025DIFAL3/e22308557/public_html/V1/ci/app/Config/Routes.php')
 4 SYSTEMPATH/CodeIgniter.php(823): CodeIgniter\Router\RouteCollection->loadRoutes()
 5 SYSTEMPATH/CodeIgniter.php(457): CodeIgniter\CodeIgniter->tryToRouteIt(null)
 6 SYSTEMPATH/CodeIgniter.php(355): CodeIgniter\CodeIgniter->handleRequest(null, Object(Config\Cache), false)
 7 SYSTEMPATH/Boot.php(325): CodeIgniter\CodeIgniter->run()
 8 SYSTEMPATH/Boot.php(67): CodeIgniter\Boot::runCodeIgniter(Object(CodeIgniter\CodeIgniter))
 9 FCPATH/index.php(56): CodeIgniter\Boot::bootWeb(Object(Config\Paths))
WARNING - 2025-11-27 14:43:54 --> [DEPRECATED] Passing lowercase HTTP method "post" is deprecated. Use uppercase HTTP method like "POST". in SYSTEMPATH/Router/RouteCollection.php on line 1027.
 1 SYSTEMPATH/Router/RouteCollection.php(1027): trigger_error('Passing lowercase HTTP method "post" is deprecated. Use uppercase HTTP method like "POST".', 16384)
 2 APPPATH/Config/Routes.php(52): CodeIgniter\Router\RouteCollection->match([...], 'compte/repondre/(:num)', 'Compte::repondre/$1')
 3 SYSTEMPATH/Router/RouteCollection.php(340): require('/home/2025DIFAL3/e22308557/public_html/V1/ci/app/Config/Routes.php')
 4 SYSTEMPATH/CodeIgniter.php(823): CodeIgniter\Router\RouteCollection->loadRoutes()
 5 SYSTEMPATH/CodeIgniter.php(457): CodeIgniter\CodeIgniter->tryToRouteIt(null)
 6 SYSTEMPATH/CodeIgniter.php(355): CodeIgniter\CodeIgniter->handleRequest(null, Object(Config\Cache), false)
 7 SYSTEMPATH/Boot.php(325): CodeIgniter\CodeIgniter->run()
 8 SYSTEMPATH/Boot.php(67): CodeIgniter\Boot::runCodeIgniter(Object(CodeIgniter\CodeIgniter))
 9 FCPATH/index.php(56): CodeIgniter\Boot::bootWeb(Object(Config\Paths))
WARNING - 2025-11-27 14:43:54 --> [DEPRECATED] Creation of dynamic property App\Controllers\Compte::$model is deprecated in APPPATH/Controllers/Compte.php on line 11.
 1 SYSTEMPATH/CodeIgniter.php(903): App\Controllers\Compte->__construct()
 2 SYSTEMPATH/CodeIgniter.php(500): CodeIgniter\CodeIgniter->createController()
 3 SYSTEMPATH/CodeIgniter.php(355): CodeIgniter\CodeIgniter->handleRequest(null, Object(Config\Cache), false)
 4 SYSTEMPATH/Boot.php(325): CodeIgniter\CodeIgniter->run()
 5 SYSTEMPATH/Boot.php(67): CodeIgniter\Boot::runCodeIgniter(Object(CodeIgniter\CodeIgniter))
 6 FCPATH/index.php(56): CodeIgniter\Boot::bootWeb(Object(Config\Paths))
INFO - 2025-11-27 14:43:54 --> Session: Class initialized using 'CodeIgniter\Session\Handlers\FileHandler' driver.
WARNING - 2025-11-27 14:44:06 --> [DEPRECATED] Passing lowercase HTTP method "get" is deprecated. Use uppercase HTTP method like "GET". in SYSTEMPATH/Router/RouteCollection.php on line 1027.
 1 SYSTEMPATH/Router/RouteCollection.php(1027): trigger_error('Passing lowercase HTTP method "get" is deprecated. Use uppercase HTTP method like "GET".', 16384)
 2 APPPATH/Config/Routes.php(52): CodeIgniter\Router\RouteCollection->match([...], 'compte/repondre/(:num)', 'Compte::repondre/$1')
 3 SYSTEMPATH/Router/RouteCollection.php(340): require('/home/2025DIFAL3/e22308557/public_html/V1/ci/app/Config/Routes.php')
 4 SYSTEMPATH/CodeIgniter.php(823): CodeIgniter\Router\RouteCollection->loadRoutes()
 5 SYSTEMPATH/CodeIgniter.php(457): CodeIgniter\CodeIgniter->tryToRouteIt(null)
 6 SYSTEMPATH/CodeIgniter.php(355): CodeIgniter\CodeIgniter->handleRequest(null, Object(Config\Cache), false)
 7 SYSTEMPATH/Boot.php(325): CodeIgniter\CodeIgniter->run()
 8 SYSTEMPATH/Boot.php(67): CodeIgniter\Boot::runCodeIgniter(Object(CodeIgniter\CodeIgniter))
 9 FCPATH/index.php(56): CodeIgniter\Boot::bootWeb(Object(Config\Paths))
WARNING - 2025-11-27 14:44:06 --> [DEPRECATED] Passing lowercase HTTP method "post" is deprecated. Use uppercase HTTP method like "POST". in SYSTEMPATH/Router/RouteCollection.php on line 1027.
 1 SYSTEMPATH/Router/RouteCollection.php(1027): trigger_error('Passing lowercase HTTP method "post" is deprecated. Use uppercase HTTP method like "POST".', 16384)
 2 APPPATH/Config/Routes.php(52): CodeIgniter\Router\RouteCollection->match([...], 'compte/repondre/(:num)', 'Compte::repondre/$1')
 3 SYSTEMPATH/Router/RouteCollection.php(340): require('/home/2025DIFAL3/e22308557/public_html/V1/ci/app/Config/Routes.php')
 4 SYSTEMPATH/CodeIgniter.php(823): CodeIgniter\Router\RouteCollection->loadRoutes()
 5 SYSTEMPATH/CodeIgniter.php(457): CodeIgniter\CodeIgniter->tryToRouteIt(null)
 6 SYSTEMPATH/CodeIgniter.php(355): CodeIgniter\CodeIgniter->handleRequest(null, Object(Config\Cache), false)
 7 SYSTEMPATH/Boot.php(325): CodeIgniter\CodeIgniter->run()
 8 SYSTEMPATH/Boot.php(67): CodeIgniter\Boot::runCodeIgniter(Object(CodeIgniter\CodeIgniter))
 9 FCPATH/index.php(56): CodeIgniter\Boot::bootWeb(Object(Config\Paths))
WARNING - 2025-11-27 14:44:06 --> [DEPRECATED] Creation of dynamic property App\Controllers\Compte::$model is deprecated in APPPATH/Controllers/Compte.php on line 11.
 1 SYSTEMPATH/CodeIgniter.php(903): App\Controllers\Compte->__construct()
 2 SYSTEMPATH/CodeIgniter.php(500): CodeIgniter\CodeIgniter->createController()
 3 SYSTEMPATH/CodeIgniter.php(355): CodeIgniter\CodeIgniter->handleRequest(null, Object(Config\Cache), false)
 4 SYSTEMPATH/Boot.php(325): CodeIgniter\CodeIgniter->run()
 5 SYSTEMPATH/Boot.php(67): CodeIgniter\Boot::runCodeIgniter(Object(CodeIgniter\CodeIgniter))
 6 FCPATH/index.php(56): CodeIgniter\Boot::bootWeb(Object(Config\Paths))
INFO - 2025-11-27 14:44:06 --> Session: Class initialized using 'CodeIgniter\Session\Handlers\FileHandler' driver.
WARNING - 2025-11-27 14:51:45 --> [DEPRECATED] Passing lowercase HTTP method "get" is deprecated. Use uppercase HTTP method like "GET". in SYSTEMPATH/Router/RouteCollection.php on line 1027.
 1 SYSTEMPATH/Router/RouteCollection.php(1027): trigger_error('Passing lowercase HTTP method "get" is deprecated. Use uppercase HTTP method like "GET".', 16384)
 2 APPPATH/Config/Routes.php(52): CodeIgniter\Router\RouteCollection->match([...], 'compte/repondre/(:num)', 'Compte::repondre/$1')
 3 SYSTEMPATH/Router/RouteCollection.php(340): require('/home/2025DIFAL3/e22308557/public_html/V1/ci/app/Config/Routes.php')
 4 SYSTEMPATH/CodeIgniter.php(823): CodeIgniter\Router\RouteCollection->loadRoutes()
 5 SYSTEMPATH/CodeIgniter.php(457): CodeIgniter\CodeIgniter->tryToRouteIt(null)
 6 SYSTEMPATH/CodeIgniter.php(355): CodeIgniter\CodeIgniter->handleRequest(null, Object(Config\Cache), false)
 7 SYSTEMPATH/Boot.php(325): CodeIgniter\CodeIgniter->run()
 8 SYSTEMPATH/Boot.php(67): CodeIgniter\Boot::runCodeIgniter(Object(CodeIgniter\CodeIgniter))
 9 FCPATH/index.php(56): CodeIgniter\Boot::bootWeb(Object(Config\Paths))
WARNING - 2025-11-27 14:51:45 --> [DEPRECATED] Passing lowercase HTTP method "post" is deprecated. Use uppercase HTTP method like "POST". in SYSTEMPATH/Router/RouteCollection.php on line 1027.
 1 SYSTEMPATH/Router/RouteCollection.php(1027): trigger_error('Passing lowercase HTTP method "post" is deprecated. Use uppercase HTTP method like "POST".', 16384)
 2 APPPATH/Config/Routes.php(52): CodeIgniter\Router\RouteCollection->match([...], 'compte/repondre/(:num)', 'Compte::repondre/$1')
 3 SYSTEMPATH/Router/RouteCollection.php(340): require('/home/2025DIFAL3/e22308557/public_html/V1/ci/app/Config/Routes.php')
 4 SYSTEMPATH/CodeIgniter.php(823): CodeIgniter\Router\RouteCollection->loadRoutes()
 5 SYSTEMPATH/CodeIgniter.php(457): CodeIgniter\CodeIgniter->tryToRouteIt(null)
 6 SYSTEMPATH/CodeIgniter.php(355): CodeIgniter\CodeIgniter->handleRequest(null, Object(Config\Cache), false)
 7 SYSTEMPATH/Boot.php(325): CodeIgniter\CodeIgniter->run()
 8 SYSTEMPATH/Boot.php(67): CodeIgniter\Boot::runCodeIgniter(Object(CodeIgniter\CodeIgniter))
 9 FCPATH/index.php(56): CodeIgniter\Boot::bootWeb(Object(Config\Paths))
WARNING - 2025-11-27 14:51:45 --> [DEPRECATED] Creation of dynamic property App\Controllers\Compte::$model is deprecated in APPPATH/Controllers/Compte.php on line 11.
 1 SYSTEMPATH/CodeIgniter.php(903): App\Controllers\Compte->__construct()
 2 SYSTEMPATH/CodeIgniter.php(500): CodeIgniter\CodeIgniter->createController()
 3 SYSTEMPATH/CodeIgniter.php(355): CodeIgniter\CodeIgniter->handleRequest(null, Object(Config\Cache), false)
 4 SYSTEMPATH/Boot.php(325): CodeIgniter\CodeIgniter->run()
 5 SYSTEMPATH/Boot.php(67): CodeIgniter\Boot::runCodeIgniter(Object(CodeIgniter\CodeIgniter))
 6 FCPATH/index.php(56): CodeIgniter\Boot::bootWeb(Object(Config\Paths))
INFO - 2025-11-27 14:51:45 --> Session: Class initialized using 'CodeIgniter\Session\Handlers\FileHandler' driver.
WARNING - 2025-11-27 14:51:48 --> [DEPRECATED] Passing lowercase HTTP method "get" is deprecated. Use uppercase HTTP method like "GET". in SYSTEMPATH/Router/RouteCollection.php on line 1027.
 1 SYSTEMPATH/Router/RouteCollection.php(1027): trigger_error('Passing lowercase HTTP method "get" is deprecated. Use uppercase HTTP method like "GET".', 16384)
 2 APPPATH/Config/Routes.php(52): CodeIgniter\Router\RouteCollection->match([...], 'compte/repondre/(:num)', 'Compte::repondre/$1')
 3 SYSTEMPATH/Router/RouteCollection.php(340): require('/home/2025DIFAL3/e22308557/public_html/V1/ci/app/Config/Routes.php')
 4 SYSTEMPATH/CodeIgniter.php(823): CodeIgniter\Router\RouteCollection->loadRoutes()
 5 SYSTEMPATH/CodeIgniter.php(457): CodeIgniter\CodeIgniter->tryToRouteIt(null)
 6 SYSTEMPATH/CodeIgniter.php(355): CodeIgniter\CodeIgniter->handleRequest(null, Object(Config\Cache), false)
 7 SYSTEMPATH/Boot.php(325): CodeIgniter\CodeIgniter->run()
 8 SYSTEMPATH/Boot.php(67): CodeIgniter\Boot::runCodeIgniter(Object(CodeIgniter\CodeIgniter))
 9 FCPATH/index.php(56): CodeIgniter\Boot::bootWeb(Object(Config\Paths))
WARNING - 2025-11-27 14:51:48 --> [DEPRECATED] Passing lowercase HTTP method "post" is deprecated. Use uppercase HTTP method like "POST". in SYSTEMPATH/Router/RouteCollection.php on line 1027.
 1 SYSTEMPATH/Router/RouteCollection.php(1027): trigger_error('Passing lowercase HTTP method "post" is deprecated. Use uppercase HTTP method like "POST".', 16384)
 2 APPPATH/Config/Routes.php(52): CodeIgniter\Router\RouteCollection->match([...], 'compte/repondre/(:num)', 'Compte::repondre/$1')
 3 SYSTEMPATH/Router/RouteCollection.php(340): require('/home/2025DIFAL3/e22308557/public_html/V1/ci/app/Config/Routes.php')
 4 SYSTEMPATH/CodeIgniter.php(823): CodeIgniter\Router\RouteCollection->loadRoutes()
 5 SYSTEMPATH/CodeIgniter.php(457): CodeIgniter\CodeIgniter->tryToRouteIt(null)
 6 SYSTEMPATH/CodeIgniter.php(355): CodeIgniter\CodeIgniter->handleRequest(null, Object(Config\Cache), false)
 7 SYSTEMPATH/Boot.php(325): CodeIgniter\CodeIgniter->run()
 8 SYSTEMPATH/Boot.php(67): CodeIgniter\Boot::runCodeIgniter(Object(CodeIgniter\CodeIgniter))
 9 FCPATH/index.php(56): CodeIgniter\Boot::bootWeb(Object(Config\Paths))
WARNING - 2025-11-27 14:51:48 --> [DEPRECATED] Creation of dynamic property App\Controllers\Compte::$model is deprecated in APPPATH/Controllers/Compte.php on line 11.
 1 SYSTEMPATH/CodeIgniter.php(903): App\Controllers\Compte->__construct()
 2 SYSTEMPATH/CodeIgniter.php(500): CodeIgniter\CodeIgniter->createController()
 3 SYSTEMPATH/CodeIgniter.php(355): CodeIgniter\CodeIgniter->handleRequest(null, Object(Config\Cache), false)
 4 SYSTEMPATH/Boot.php(325): CodeIgniter\CodeIgniter->run()
 5 SYSTEMPATH/Boot.php(67): CodeIgniter\Boot::runCodeIgniter(Object(CodeIgniter\CodeIgniter))
 6 FCPATH/index.php(56): CodeIgniter\Boot::bootWeb(Object(Config\Paths))
INFO - 2025-11-27 14:51:48 --> Session: Class initialized using 'CodeIgniter\Session\Handlers\FileHandler' driver.
WARNING - 2025-11-27 14:52:04 --> [DEPRECATED] Passing lowercase HTTP method "get" is deprecated. Use uppercase HTTP method like "GET". in SYSTEMPATH/Router/RouteCollection.php on line 1027.
 1 SYSTEMPATH/Router/RouteCollection.php(1027): trigger_error('Passing lowercase HTTP method "get" is deprecated. Use uppercase HTTP method like "GET".', 16384)
 2 APPPATH/Config/Routes.php(52): CodeIgniter\Router\RouteCollection->match([...], 'compte/repondre/(:num)', 'Compte::repondre/$1')
 3 SYSTEMPATH/Router/RouteCollection.php(340): require('/home/2025DIFAL3/e22308557/public_html/V1/ci/app/Config/Routes.php')
 4 SYSTEMPATH/CodeIgniter.php(823): CodeIgniter\Router\RouteCollection->loadRoutes()
 5 SYSTEMPATH/CodeIgniter.php(457): CodeIgniter\CodeIgniter->tryToRouteIt(null)
 6 SYSTEMPATH/CodeIgniter.php(355): CodeIgniter\CodeIgniter->handleRequest(null, Object(Config\Cache), false)
 7 SYSTEMPATH/Boot.php(325): CodeIgniter\CodeIgniter->run()
 8 SYSTEMPATH/Boot.php(67): CodeIgniter\Boot::runCodeIgniter(Object(CodeIgniter\CodeIgniter))
 9 FCPATH/index.php(56): CodeIgniter\Boot::bootWeb(Object(Config\Paths))
WARNING - 2025-11-27 14:52:04 --> [DEPRECATED] Passing lowercase HTTP method "post" is deprecated. Use uppercase HTTP method like "POST". in SYSTEMPATH/Router/RouteCollection.php on line 1027.
 1 SYSTEMPATH/Router/RouteCollection.php(1027): trigger_error('Passing lowercase HTTP method "post" is deprecated. Use uppercase HTTP method like "POST".', 16384)
 2 APPPATH/Config/Routes.php(52): CodeIgniter\Router\RouteCollection->match([...], 'compte/repondre/(:num)', 'Compte::repondre/$1')
 3 SYSTEMPATH/Router/RouteCollection.php(340): require('/home/2025DIFAL3/e22308557/public_html/V1/ci/app/Config/Routes.php')
 4 SYSTEMPATH/CodeIgniter.php(823): CodeIgniter\Router\RouteCollection->loadRoutes()
 5 SYSTEMPATH/CodeIgniter.php(457): CodeIgniter\CodeIgniter->tryToRouteIt(null)
 6 SYSTEMPATH/CodeIgniter.php(355): CodeIgniter\CodeIgniter->handleRequest(null, Object(Config\Cache), false)
 7 SYSTEMPATH/Boot.php(325): CodeIgniter\CodeIgniter->run()
 8 SYSTEMPATH/Boot.php(67): CodeIgniter\Boot::runCodeIgniter(Object(CodeIgniter\CodeIgniter))
 9 FCPATH/index.php(56): CodeIgniter\Boot::bootWeb(Object(Config\Paths))
WARNING - 2025-11-27 14:52:04 --> [DEPRECATED] Creation of dynamic property App\Controllers\Compte::$model is deprecated in APPPATH/Controllers/Compte.php on line 11.
 1 SYSTEMPATH/CodeIgniter.php(903): App\Controllers\Compte->__construct()
 2 SYSTEMPATH/CodeIgniter.php(500): CodeIgniter\CodeIgniter->createController()
 3 SYSTEMPATH/CodeIgniter.php(355): CodeIgniter\CodeIgniter->handleRequest(null, Object(Config\Cache), false)
 4 SYSTEMPATH/Boot.php(325): CodeIgniter\CodeIgniter->run()
 5 SYSTEMPATH/Boot.php(67): CodeIgniter\Boot::runCodeIgniter(Object(CodeIgniter\CodeIgniter))
 6 FCPATH/index.php(56): CodeIgniter\Boot::bootWeb(Object(Config\Paths))
INFO - 2025-11-27 14:52:04 --> Session: Class initialized using 'CodeIgniter\Session\Handlers\FileHandler' driver.
WARNING - 2025-11-27 14:52:05 --> [DEPRECATED] Passing lowercase HTTP method "get" is deprecated. Use uppercase HTTP method like "GET". in SYSTEMPATH/Router/RouteCollection.php on line 1027.
 1 SYSTEMPATH/Router/RouteCollection.php(1027): trigger_error('Passing lowercase HTTP method "get" is deprecated. Use uppercase HTTP method like "GET".', 16384)
 2 APPPATH/Config/Routes.php(52): CodeIgniter\Router\RouteCollection->match([...], 'compte/repondre/(:num)', 'Compte::repondre/$1')
 3 SYSTEMPATH/Router/RouteCollection.php(340): require('/home/2025DIFAL3/e22308557/public_html/V1/ci/app/Config/Routes.php')
 4 SYSTEMPATH/CodeIgniter.php(823): CodeIgniter\Router\RouteCollection->loadRoutes()
 5 SYSTEMPATH/CodeIgniter.php(457): CodeIgniter\CodeIgniter->tryToRouteIt(null)
 6 SYSTEMPATH/CodeIgniter.php(355): CodeIgniter\CodeIgniter->handleRequest(null, Object(Config\Cache), false)
 7 SYSTEMPATH/Boot.php(325): CodeIgniter\CodeIgniter->run()
 8 SYSTEMPATH/Boot.php(67): CodeIgniter\Boot::runCodeIgniter(Object(CodeIgniter\CodeIgniter))
 9 FCPATH/index.php(56): CodeIgniter\Boot::bootWeb(Object(Config\Paths))
WARNING - 2025-11-27 14:52:05 --> [DEPRECATED] Passing lowercase HTTP method "post" is deprecated. Use uppercase HTTP method like "POST". in SYSTEMPATH/Router/RouteCollection.php on line 1027.
 1 SYSTEMPATH/Router/RouteCollection.php(1027): trigger_error('Passing lowercase HTTP method "post" is deprecated. Use uppercase HTTP method like "POST".', 16384)
 2 APPPATH/Config/Routes.php(52): CodeIgniter\Router\RouteCollection->match([...], 'compte/repondre/(:num)', 'Compte::repondre/$1')
 3 SYSTEMPATH/Router/RouteCollection.php(340): require('/home/2025DIFAL3/e22308557/public_html/V1/ci/app/Config/Routes.php')
 4 SYSTEMPATH/CodeIgniter.php(823): CodeIgniter\Router\RouteCollection->loadRoutes()
 5 SYSTEMPATH/CodeIgniter.php(457): CodeIgniter\CodeIgniter->tryToRouteIt(null)
 6 SYSTEMPATH/CodeIgniter.php(355): CodeIgniter\CodeIgniter->handleRequest(null, Object(Config\Cache), false)
 7 SYSTEMPATH/Boot.php(325): CodeIgniter\CodeIgniter->run()
 8 SYSTEMPATH/Boot.php(67): CodeIgniter\Boot::runCodeIgniter(Object(CodeIgniter\CodeIgniter))
 9 FCPATH/index.php(56): CodeIgniter\Boot::bootWeb(Object(Config\Paths))
WARNING - 2025-11-27 14:52:05 --> [DEPRECATED] Creation of dynamic property App\Controllers\Compte::$model is deprecated in APPPATH/Controllers/Compte.php on line 11.
 1 SYSTEMPATH/CodeIgniter.php(903): App\Controllers\Compte->__construct()
 2 SYSTEMPATH/CodeIgniter.php(500): CodeIgniter\CodeIgniter->createController()
 3 SYSTEMPATH/CodeIgniter.php(355): CodeIgniter\CodeIgniter->handleRequest(null, Object(Config\Cache), false)
 4 SYSTEMPATH/Boot.php(325): CodeIgniter\CodeIgniter->run()
 5 SYSTEMPATH/Boot.php(67): CodeIgniter\Boot::runCodeIgniter(Object(CodeIgniter\CodeIgniter))
 6 FCPATH/index.php(56): CodeIgniter\Boot::bootWeb(Object(Config\Paths))
INFO - 2025-11-27 14:52:05 --> Session: Class initialized using 'CodeIgniter\Session\Handlers\FileHandler' driver.
WARNING - 2025-11-27 14:52:27 --> [DEPRECATED] Passing lowercase HTTP method "get" is deprecated. Use uppercase HTTP method like "GET". in SYSTEMPATH/Router/RouteCollection.php on line 1027.
 1 SYSTEMPATH/Router/RouteCollection.php(1027): trigger_error('Passing lowercase HTTP method "get" is deprecated. Use uppercase HTTP method like "GET".', 16384)
 2 APPPATH/Config/Routes.php(52): CodeIgniter\Router\RouteCollection->match([...], 'compte/repondre/(:num)', 'Compte::repondre/$1')
 3 SYSTEMPATH/Router/RouteCollection.php(340): require('/home/2025DIFAL3/e22308557/public_html/V1/ci/app/Config/Routes.php')
 4 SYSTEMPATH/CodeIgniter.php(823): CodeIgniter\Router\RouteCollection->loadRoutes()
 5 SYSTEMPATH/CodeIgniter.php(457): CodeIgniter\CodeIgniter->tryToRouteIt(null)
 6 SYSTEMPATH/CodeIgniter.php(355): CodeIgniter\CodeIgniter->handleRequest(null, Object(Config\Cache), false)
 7 SYSTEMPATH/Boot.php(325): CodeIgniter\CodeIgniter->run()
 8 SYSTEMPATH/Boot.php(67): CodeIgniter\Boot::runCodeIgniter(Object(CodeIgniter\CodeIgniter))
 9 FCPATH/index.php(56): CodeIgniter\Boot::bootWeb(Object(Config\Paths))
WARNING - 2025-11-27 14:52:27 --> [DEPRECATED] Passing lowercase HTTP method "post" is deprecated. Use uppercase HTTP method like "POST". in SYSTEMPATH/Router/RouteCollection.php on line 1027.
 1 SYSTEMPATH/Router/RouteCollection.php(1027): trigger_error('Passing lowercase HTTP method "post" is deprecated. Use uppercase HTTP method like "POST".', 16384)
 2 APPPATH/Config/Routes.php(52): CodeIgniter\Router\RouteCollection->match([...], 'compte/repondre/(:num)', 'Compte::repondre/$1')
 3 SYSTEMPATH/Router/RouteCollection.php(340): require('/home/2025DIFAL3/e22308557/public_html/V1/ci/app/Config/Routes.php')
 4 SYSTEMPATH/CodeIgniter.php(823): CodeIgniter\Router\RouteCollection->loadRoutes()
 5 SYSTEMPATH/CodeIgniter.php(457): CodeIgniter\CodeIgniter->tryToRouteIt(null)
 6 SYSTEMPATH/CodeIgniter.php(355): CodeIgniter\CodeIgniter->handleRequest(null, Object(Config\Cache), false)
 7 SYSTEMPATH/Boot.php(325): CodeIgniter\CodeIgniter->run()
 8 SYSTEMPATH/Boot.php(67): CodeIgniter\Boot::runCodeIgniter(Object(CodeIgniter\CodeIgniter))
 9 FCPATH/index.php(56): CodeIgniter\Boot::bootWeb(Object(Config\Paths))
WARNING - 2025-11-27 14:52:27 --> [DEPRECATED] Creation of dynamic property App\Controllers\Compte::$model is deprecated in APPPATH/Controllers/Compte.php on line 11.
 1 SYSTEMPATH/CodeIgniter.php(903): App\Controllers\Compte->__construct()
 2 SYSTEMPATH/CodeIgniter.php(500): CodeIgniter\CodeIgniter->createController()
 3 SYSTEMPATH/CodeIgniter.php(355): CodeIgniter\CodeIgniter->handleRequest(null, Object(Config\Cache), false)
 4 SYSTEMPATH/Boot.php(325): CodeIgniter\CodeIgniter->run()
 5 SYSTEMPATH/Boot.php(67): CodeIgniter\Boot::runCodeIgniter(Object(CodeIgniter\CodeIgniter))
 6 FCPATH/index.php(56): CodeIgniter\Boot::bootWeb(Object(Config\Paths))
INFO - 2025-11-27 14:52:27 --> Session: Class initialized using 'CodeIgniter\Session\Handlers\FileHandler' driver.
WARNING - 2025-11-27 14:52:32 --> [DEPRECATED] Passing lowercase HTTP method "get" is deprecated. Use uppercase HTTP method like "GET". in SYSTEMPATH/Router/RouteCollection.php on line 1027.
 1 SYSTEMPATH/Router/RouteCollection.php(1027): trigger_error('Passing lowercase HTTP method "get" is deprecated. Use uppercase HTTP method like "GET".', 16384)
 2 APPPATH/Config/Routes.php(52): CodeIgniter\Router\RouteCollection->match([...], 'compte/repondre/(:num)', 'Compte::repondre/$1')
 3 SYSTEMPATH/Router/RouteCollection.php(340): require('/home/2025DIFAL3/e22308557/public_html/V1/ci/app/Config/Routes.php')
 4 SYSTEMPATH/CodeIgniter.php(823): CodeIgniter\Router\RouteCollection->loadRoutes()
 5 SYSTEMPATH/CodeIgniter.php(457): CodeIgniter\CodeIgniter->tryToRouteIt(null)
 6 SYSTEMPATH/CodeIgniter.php(355): CodeIgniter\CodeIgniter->handleRequest(null, Object(Config\Cache), false)
 7 SYSTEMPATH/Boot.php(325): CodeIgniter\CodeIgniter->run()
 8 SYSTEMPATH/Boot.php(67): CodeIgniter\Boot::runCodeIgniter(Object(CodeIgniter\CodeIgniter))
 9 FCPATH/index.php(56): CodeIgniter\Boot::bootWeb(Object(Config\Paths))
WARNING - 2025-11-27 14:52:32 --> [DEPRECATED] Passing lowercase HTTP method "post" is deprecated. Use uppercase HTTP method like "POST". in SYSTEMPATH/Router/RouteCollection.php on line 1027.
 1 SYSTEMPATH/Router/RouteCollection.php(1027): trigger_error('Passing lowercase HTTP method "post" is deprecated. Use uppercase HTTP method like "POST".', 16384)
 2 APPPATH/Config/Routes.php(52): CodeIgniter\Router\RouteCollection->match([...], 'compte/repondre/(:num)', 'Compte::repondre/$1')
 3 SYSTEMPATH/Router/RouteCollection.php(340): require('/home/2025DIFAL3/e22308557/public_html/V1/ci/app/Config/Routes.php')
 4 SYSTEMPATH/CodeIgniter.php(823): CodeIgniter\Router\RouteCollection->loadRoutes()
 5 SYSTEMPATH/CodeIgniter.php(457): CodeIgniter\CodeIgniter->tryToRouteIt(null)
 6 SYSTEMPATH/CodeIgniter.php(355): CodeIgniter\CodeIgniter->handleRequest(null, Object(Config\Cache), false)
 7 SYSTEMPATH/Boot.php(325): CodeIgniter\CodeIgniter->run()
 8 SYSTEMPATH/Boot.php(67): CodeIgniter\Boot::runCodeIgniter(Object(CodeIgniter\CodeIgniter))
 9 FCPATH/index.php(56): CodeIgniter\Boot::bootWeb(Object(Config\Paths))
WARNING - 2025-11-27 14:52:32 --> [DEPRECATED] Creation of dynamic property App\Controllers\Compte::$model is deprecated in APPPATH/Controllers/Compte.php on line 11.
 1 SYSTEMPATH/CodeIgniter.php(903): App\Controllers\Compte->__construct()
 2 SYSTEMPATH/CodeIgniter.php(500): CodeIgniter\CodeIgniter->createController()
 3 SYSTEMPATH/CodeIgniter.php(355): CodeIgniter\CodeIgniter->handleRequest(null, Object(Config\Cache), false)
 4 SYSTEMPATH/Boot.php(325): CodeIgniter\CodeIgniter->run()
 5 SYSTEMPATH/Boot.php(67): CodeIgniter\Boot::runCodeIgniter(Object(CodeIgniter\CodeIgniter))
 6 FCPATH/index.php(56): CodeIgniter\Boot::bootWeb(Object(Config\Paths))
INFO - 2025-11-27 14:52:32 --> Session: Class initialized using 'CodeIgniter\Session\Handlers\FileHandler' driver.
WARNING - 2025-11-27 14:52:35 --> [DEPRECATED] Passing lowercase HTTP method "get" is deprecated. Use uppercase HTTP method like "GET". in SYSTEMPATH/Router/RouteCollection.php on line 1027.
 1 SYSTEMPATH/Router/RouteCollection.php(1027): trigger_error('Passing lowercase HTTP method "get" is deprecated. Use uppercase HTTP method like "GET".', 16384)
 2 APPPATH/Config/Routes.php(52): CodeIgniter\Router\RouteCollection->match([...], 'compte/repondre/(:num)', 'Compte::repondre/$1')
 3 SYSTEMPATH/Router/RouteCollection.php(340): require('/home/2025DIFAL3/e22308557/public_html/V1/ci/app/Config/Routes.php')
 4 SYSTEMPATH/CodeIgniter.php(823): CodeIgniter\Router\RouteCollection->loadRoutes()
 5 SYSTEMPATH/CodeIgniter.php(457): CodeIgniter\CodeIgniter->tryToRouteIt(null)
 6 SYSTEMPATH/CodeIgniter.php(355): CodeIgniter\CodeIgniter->handleRequest(null, Object(Config\Cache), false)
 7 SYSTEMPATH/Boot.php(325): CodeIgniter\CodeIgniter->run()
 8 SYSTEMPATH/Boot.php(67): CodeIgniter\Boot::runCodeIgniter(Object(CodeIgniter\CodeIgniter))
 9 FCPATH/index.php(56): CodeIgniter\Boot::bootWeb(Object(Config\Paths))
WARNING - 2025-11-27 14:52:35 --> [DEPRECATED] Passing lowercase HTTP method "post" is deprecated. Use uppercase HTTP method like "POST". in SYSTEMPATH/Router/RouteCollection.php on line 1027.
 1 SYSTEMPATH/Router/RouteCollection.php(1027): trigger_error('Passing lowercase HTTP method "post" is deprecated. Use uppercase HTTP method like "POST".', 16384)
 2 APPPATH/Config/Routes.php(52): CodeIgniter\Router\RouteCollection->match([...], 'compte/repondre/(:num)', 'Compte::repondre/$1')
 3 SYSTEMPATH/Router/RouteCollection.php(340): require('/home/2025DIFAL3/e22308557/public_html/V1/ci/app/Config/Routes.php')
 4 SYSTEMPATH/CodeIgniter.php(823): CodeIgniter\Router\RouteCollection->loadRoutes()
 5 SYSTEMPATH/CodeIgniter.php(457): CodeIgniter\CodeIgniter->tryToRouteIt(null)
 6 SYSTEMPATH/CodeIgniter.php(355): CodeIgniter\CodeIgniter->handleRequest(null, Object(Config\Cache), false)
 7 SYSTEMPATH/Boot.php(325): CodeIgniter\CodeIgniter->run()
 8 SYSTEMPATH/Boot.php(67): CodeIgniter\Boot::runCodeIgniter(Object(CodeIgniter\CodeIgniter))
 9 FCPATH/index.php(56): CodeIgniter\Boot::bootWeb(Object(Config\Paths))
WARNING - 2025-11-27 14:52:35 --> [DEPRECATED] Creation of dynamic property App\Controllers\Compte::$model is deprecated in APPPATH/Controllers/Compte.php on line 11.
 1 SYSTEMPATH/CodeIgniter.php(903): App\Controllers\Compte->__construct()
 2 SYSTEMPATH/CodeIgniter.php(500): CodeIgniter\CodeIgniter->createController()
 3 SYSTEMPATH/CodeIgniter.php(355): CodeIgniter\CodeIgniter->handleRequest(null, Object(Config\Cache), false)
 4 SYSTEMPATH/Boot.php(325): CodeIgniter\CodeIgniter->run()
 5 SYSTEMPATH/Boot.php(67): CodeIgniter\Boot::runCodeIgniter(Object(CodeIgniter\CodeIgniter))
 6 FCPATH/index.php(56): CodeIgniter\Boot::bootWeb(Object(Config\Paths))
INFO - 2025-11-27 14:52:35 --> Session: Class initialized using 'CodeIgniter\Session\Handlers\FileHandler' driver.
WARNING - 2025-11-27 14:52:42 --> [DEPRECATED] Passing lowercase HTTP method "get" is deprecated. Use uppercase HTTP method like "GET". in SYSTEMPATH/Router/RouteCollection.php on line 1027.
 1 SYSTEMPATH/Router/RouteCollection.php(1027): trigger_error('Passing lowercase HTTP method "get" is deprecated. Use uppercase HTTP method like "GET".', 16384)
 2 APPPATH/Config/Routes.php(52): CodeIgniter\Router\RouteCollection->match([...], 'compte/repondre/(:num)', 'Compte::repondre/$1')
 3 SYSTEMPATH/Router/RouteCollection.php(340): require('/home/2025DIFAL3/e22308557/public_html/V1/ci/app/Config/Routes.php')
 4 SYSTEMPATH/CodeIgniter.php(823): CodeIgniter\Router\RouteCollection->loadRoutes()
 5 SYSTEMPATH/CodeIgniter.php(457): CodeIgniter\CodeIgniter->tryToRouteIt(null)
 6 SYSTEMPATH/CodeIgniter.php(355): CodeIgniter\CodeIgniter->handleRequest(null, Object(Config\Cache), false)
 7 SYSTEMPATH/Boot.php(325): CodeIgniter\CodeIgniter->run()
 8 SYSTEMPATH/Boot.php(67): CodeIgniter\Boot::runCodeIgniter(Object(CodeIgniter\CodeIgniter))
 9 FCPATH/index.php(56): CodeIgniter\Boot::bootWeb(Object(Config\Paths))
WARNING - 2025-11-27 14:52:42 --> [DEPRECATED] Passing lowercase HTTP method "post" is deprecated. Use uppercase HTTP method like "POST". in SYSTEMPATH/Router/RouteCollection.php on line 1027.
 1 SYSTEMPATH/Router/RouteCollection.php(1027): trigger_error('Passing lowercase HTTP method "post" is deprecated. Use uppercase HTTP method like "POST".', 16384)
 2 APPPATH/Config/Routes.php(52): CodeIgniter\Router\RouteCollection->match([...], 'compte/repondre/(:num)', 'Compte::repondre/$1')
 3 SYSTEMPATH/Router/RouteCollection.php(340): require('/home/2025DIFAL3/e22308557/public_html/V1/ci/app/Config/Routes.php')
 4 SYSTEMPATH/CodeIgniter.php(823): CodeIgniter\Router\RouteCollection->loadRoutes()
 5 SYSTEMPATH/CodeIgniter.php(457): CodeIgniter\CodeIgniter->tryToRouteIt(null)
 6 SYSTEMPATH/CodeIgniter.php(355): CodeIgniter\CodeIgniter->handleRequest(null, Object(Config\Cache), false)
 7 SYSTEMPATH/Boot.php(325): CodeIgniter\CodeIgniter->run()
 8 SYSTEMPATH/Boot.php(67): CodeIgniter\Boot::runCodeIgniter(Object(CodeIgniter\CodeIgniter))
 9 FCPATH/index.php(56): CodeIgniter\Boot::bootWeb(Object(Config\Paths))
WARNING - 2025-11-27 14:52:42 --> [DEPRECATED] Creation of dynamic property App\Controllers\Compte::$model is deprecated in APPPATH/Controllers/Compte.php on line 11.
 1 SYSTEMPATH/CodeIgniter.php(903): App\Controllers\Compte->__construct()
 2 SYSTEMPATH/CodeIgniter.php(500): CodeIgniter\CodeIgniter->createController()
 3 SYSTEMPATH/CodeIgniter.php(355): CodeIgniter\CodeIgniter->handleRequest(null, Object(Config\Cache), false)
 4 SYSTEMPATH/Boot.php(325): CodeIgniter\CodeIgniter->run()
 5 SYSTEMPATH/Boot.php(67): CodeIgniter\Boot::runCodeIgniter(Object(CodeIgniter\CodeIgniter))
 6 FCPATH/index.php(56): CodeIgniter\Boot::bootWeb(Object(Config\Paths))
INFO - 2025-11-27 14:52:42 --> Session: Class initialized using 'CodeIgniter\Session\Handlers\FileHandler' driver.
WARNING - 2025-11-27 14:52:48 --> [DEPRECATED] Passing lowercase HTTP method "get" is deprecated. Use uppercase HTTP method like "GET". in SYSTEMPATH/Router/RouteCollection.php on line 1027.
 1 SYSTEMPATH/Router/RouteCollection.php(1027): trigger_error('Passing lowercase HTTP method "get" is deprecated. Use uppercase HTTP method like "GET".', 16384)
 2 APPPATH/Config/Routes.php(52): CodeIgniter\Router\RouteCollection->match([...], 'compte/repondre/(:num)', 'Compte::repondre/$1')
 3 SYSTEMPATH/Router/RouteCollection.php(340): require('/home/2025DIFAL3/e22308557/public_html/V1/ci/app/Config/Routes.php')
 4 SYSTEMPATH/CodeIgniter.php(823): CodeIgniter\Router\RouteCollection->loadRoutes()
 5 SYSTEMPATH/CodeIgniter.php(457): CodeIgniter\CodeIgniter->tryToRouteIt(null)
 6 SYSTEMPATH/CodeIgniter.php(355): CodeIgniter\CodeIgniter->handleRequest(null, Object(Config\Cache), false)
 7 SYSTEMPATH/Boot.php(325): CodeIgniter\CodeIgniter->run()
 8 SYSTEMPATH/Boot.php(67): CodeIgniter\Boot::runCodeIgniter(Object(CodeIgniter\CodeIgniter))
 9 FCPATH/index.php(56): CodeIgniter\Boot::bootWeb(Object(Config\Paths))
WARNING - 2025-11-27 14:52:48 --> [DEPRECATED] Passing lowercase HTTP method "post" is deprecated. Use uppercase HTTP method like "POST". in SYSTEMPATH/Router/RouteCollection.php on line 1027.
 1 SYSTEMPATH/Router/RouteCollection.php(1027): trigger_error('Passing lowercase HTTP method "post" is deprecated. Use uppercase HTTP method like "POST".', 16384)
 2 APPPATH/Config/Routes.php(52): CodeIgniter\Router\RouteCollection->match([...], 'compte/repondre/(:num)', 'Compte::repondre/$1')
 3 SYSTEMPATH/Router/RouteCollection.php(340): require('/home/2025DIFAL3/e22308557/public_html/V1/ci/app/Config/Routes.php')
 4 SYSTEMPATH/CodeIgniter.php(823): CodeIgniter\Router\RouteCollection->loadRoutes()
 5 SYSTEMPATH/CodeIgniter.php(457): CodeIgniter\CodeIgniter->tryToRouteIt(null)
 6 SYSTEMPATH/CodeIgniter.php(355): CodeIgniter\CodeIgniter->handleRequest(null, Object(Config\Cache), false)
 7 SYSTEMPATH/Boot.php(325): CodeIgniter\CodeIgniter->run()
 8 SYSTEMPATH/Boot.php(67): CodeIgniter\Boot::runCodeIgniter(Object(CodeIgniter\CodeIgniter))
 9 FCPATH/index.php(56): CodeIgniter\Boot::bootWeb(Object(Config\Paths))
WARNING - 2025-11-27 14:52:48 --> [DEPRECATED] Creation of dynamic property App\Controllers\Compte::$model is deprecated in APPPATH/Controllers/Compte.php on line 11.
 1 SYSTEMPATH/CodeIgniter.php(903): App\Controllers\Compte->__construct()
 2 SYSTEMPATH/CodeIgniter.php(500): CodeIgniter\CodeIgniter->createController()
 3 SYSTEMPATH/CodeIgniter.php(355): CodeIgniter\CodeIgniter->handleRequest(null, Object(Config\Cache), false)
 4 SYSTEMPATH/Boot.php(325): CodeIgniter\CodeIgniter->run()
 5 SYSTEMPATH/Boot.php(67): CodeIgniter\Boot::runCodeIgniter(Object(CodeIgniter\CodeIgniter))
 6 FCPATH/index.php(56): CodeIgniter\Boot::bootWeb(Object(Config\Paths))
INFO - 2025-11-27 14:52:48 --> Session: Class initialized using 'CodeIgniter\Session\Handlers\FileHandler' driver.
WARNING - 2025-11-27 14:53:01 --> [DEPRECATED] Passing lowercase HTTP method "get" is deprecated. Use uppercase HTTP method like "GET". in SYSTEMPATH/Router/RouteCollection.php on line 1027.
 1 SYSTEMPATH/Router/RouteCollection.php(1027): trigger_error('Passing lowercase HTTP method "get" is deprecated. Use uppercase HTTP method like "GET".', 16384)
 2 APPPATH/Config/Routes.php(52): CodeIgniter\Router\RouteCollection->match([...], 'compte/repondre/(:num)', 'Compte::repondre/$1')
 3 SYSTEMPATH/Router/RouteCollection.php(340): require('/home/2025DIFAL3/e22308557/public_html/V1/ci/app/Config/Routes.php')
 4 SYSTEMPATH/CodeIgniter.php(823): CodeIgniter\Router\RouteCollection->loadRoutes()
 5 SYSTEMPATH/CodeIgniter.php(457): CodeIgniter\CodeIgniter->tryToRouteIt(null)
 6 SYSTEMPATH/CodeIgniter.php(355): CodeIgniter\CodeIgniter->handleRequest(null, Object(Config\Cache), false)
 7 SYSTEMPATH/Boot.php(325): CodeIgniter\CodeIgniter->run()
 8 SYSTEMPATH/Boot.php(67): CodeIgniter\Boot::runCodeIgniter(Object(CodeIgniter\CodeIgniter))
 9 FCPATH/index.php(56): CodeIgniter\Boot::bootWeb(Object(Config\Paths))
WARNING - 2025-11-27 14:53:01 --> [DEPRECATED] Passing lowercase HTTP method "post" is deprecated. Use uppercase HTTP method like "POST". in SYSTEMPATH/Router/RouteCollection.php on line 1027.
 1 SYSTEMPATH/Router/RouteCollection.php(1027): trigger_error('Passing lowercase HTTP method "post" is deprecated. Use uppercase HTTP method like "POST".', 16384)
 2 APPPATH/Config/Routes.php(52): CodeIgniter\Router\RouteCollection->match([...], 'compte/repondre/(:num)', 'Compte::repondre/$1')
 3 SYSTEMPATH/Router/RouteCollection.php(340): require('/home/2025DIFAL3/e22308557/public_html/V1/ci/app/Config/Routes.php')
 4 SYSTEMPATH/CodeIgniter.php(823): CodeIgniter\Router\RouteCollection->loadRoutes()
 5 SYSTEMPATH/CodeIgniter.php(457): CodeIgniter\CodeIgniter->tryToRouteIt(null)
 6 SYSTEMPATH/CodeIgniter.php(355): CodeIgniter\CodeIgniter->handleRequest(null, Object(Config\Cache), false)
 7 SYSTEMPATH/Boot.php(325): CodeIgniter\CodeIgniter->run()
 8 SYSTEMPATH/Boot.php(67): CodeIgniter\Boot::runCodeIgniter(Object(CodeIgniter\CodeIgniter))
 9 FCPATH/index.php(56): CodeIgniter\Boot::bootWeb(Object(Config\Paths))
WARNING - 2025-11-27 14:53:01 --> [DEPRECATED] Creation of dynamic property App\Controllers\Compte::$model is deprecated in APPPATH/Controllers/Compte.php on line 11.
 1 SYSTEMPATH/CodeIgniter.php(903): App\Controllers\Compte->__construct()
 2 SYSTEMPATH/CodeIgniter.php(500): CodeIgniter\CodeIgniter->createController()
 3 SYSTEMPATH/CodeIgniter.php(355): CodeIgniter\CodeIgniter->handleRequest(null, Object(Config\Cache), false)
 4 SYSTEMPATH/Boot.php(325): CodeIgniter\CodeIgniter->run()
 5 SYSTEMPATH/Boot.php(67): CodeIgniter\Boot::runCodeIgniter(Object(CodeIgniter\CodeIgniter))
 6 FCPATH/index.php(56): CodeIgniter\Boot::bootWeb(Object(Config\Paths))
INFO - 2025-11-27 14:53:01 --> Session: Class initialized using 'CodeIgniter\Session\Handlers\FileHandler' driver.
WARNING - 2025-11-27 14:55:20 --> [DEPRECATED] Passing lowercase HTTP method "get" is deprecated. Use uppercase HTTP method like "GET". in SYSTEMPATH/Router/RouteCollection.php on line 1027.
 1 SYSTEMPATH/Router/RouteCollection.php(1027): trigger_error('Passing lowercase HTTP method "get" is deprecated. Use uppercase HTTP method like "GET".', 16384)
 2 APPPATH/Config/Routes.php(52): CodeIgniter\Router\RouteCollection->match([...], 'compte/repondre/(:num)', 'Compte::repondre/$1')
 3 SYSTEMPATH/Router/RouteCollection.php(340): require('/home/2025DIFAL3/e22308557/public_html/V1/ci/app/Config/Routes.php')
 4 SYSTEMPATH/CodeIgniter.php(823): CodeIgniter\Router\RouteCollection->loadRoutes()
 5 SYSTEMPATH/CodeIgniter.php(457): CodeIgniter\CodeIgniter->tryToRouteIt(null)
 6 SYSTEMPATH/CodeIgniter.php(355): CodeIgniter\CodeIgniter->handleRequest(null, Object(Config\Cache), false)
 7 SYSTEMPATH/Boot.php(325): CodeIgniter\CodeIgniter->run()
 8 SYSTEMPATH/Boot.php(67): CodeIgniter\Boot::runCodeIgniter(Object(CodeIgniter\CodeIgniter))
 9 FCPATH/index.php(56): CodeIgniter\Boot::bootWeb(Object(Config\Paths))
WARNING - 2025-11-27 14:55:20 --> [DEPRECATED] Passing lowercase HTTP method "post" is deprecated. Use uppercase HTTP method like "POST". in SYSTEMPATH/Router/RouteCollection.php on line 1027.
 1 SYSTEMPATH/Router/RouteCollection.php(1027): trigger_error('Passing lowercase HTTP method "post" is deprecated. Use uppercase HTTP method like "POST".', 16384)
 2 APPPATH/Config/Routes.php(52): CodeIgniter\Router\RouteCollection->match([...], 'compte/repondre/(:num)', 'Compte::repondre/$1')
 3 SYSTEMPATH/Router/RouteCollection.php(340): require('/home/2025DIFAL3/e22308557/public_html/V1/ci/app/Config/Routes.php')
 4 SYSTEMPATH/CodeIgniter.php(823): CodeIgniter\Router\RouteCollection->loadRoutes()
 5 SYSTEMPATH/CodeIgniter.php(457): CodeIgniter\CodeIgniter->tryToRouteIt(null)
 6 SYSTEMPATH/CodeIgniter.php(355): CodeIgniter\CodeIgniter->handleRequest(null, Object(Config\Cache), false)
 7 SYSTEMPATH/Boot.php(325): CodeIgniter\CodeIgniter->run()
 8 SYSTEMPATH/Boot.php(67): CodeIgniter\Boot::runCodeIgniter(Object(CodeIgniter\CodeIgniter))
 9 FCPATH/index.php(56): CodeIgniter\Boot::bootWeb(Object(Config\Paths))
WARNING - 2025-11-27 14:55:21 --> [DEPRECATED] Passing lowercase HTTP method "get" is deprecated. Use uppercase HTTP method like "GET". in SYSTEMPATH/Router/RouteCollection.php on line 1027.
 1 SYSTEMPATH/Router/RouteCollection.php(1027): trigger_error('Passing lowercase HTTP method "get" is deprecated. Use uppercase HTTP method like "GET".', 16384)
 2 APPPATH/Config/Routes.php(52): CodeIgniter\Router\RouteCollection->match([...], 'compte/repondre/(:num)', 'Compte::repondre/$1')
 3 SYSTEMPATH/Router/RouteCollection.php(340): require('/home/2025DIFAL3/e22308557/public_html/V1/ci/app/Config/Routes.php')
 4 SYSTEMPATH/CodeIgniter.php(823): CodeIgniter\Router\RouteCollection->loadRoutes()
 5 SYSTEMPATH/CodeIgniter.php(457): CodeIgniter\CodeIgniter->tryToRouteIt(null)
 6 SYSTEMPATH/CodeIgniter.php(355): CodeIgniter\CodeIgniter->handleRequest(null, Object(Config\Cache), false)
 7 SYSTEMPATH/Boot.php(325): CodeIgniter\CodeIgniter->run()
 8 SYSTEMPATH/Boot.php(67): CodeIgniter\Boot::runCodeIgniter(Object(CodeIgniter\CodeIgniter))
 9 FCPATH/index.php(56): CodeIgniter\Boot::bootWeb(Object(Config\Paths))
WARNING - 2025-11-27 14:55:21 --> [DEPRECATED] Passing lowercase HTTP method "post" is deprecated. Use uppercase HTTP method like "POST". in SYSTEMPATH/Router/RouteCollection.php on line 1027.
 1 SYSTEMPATH/Router/RouteCollection.php(1027): trigger_error('Passing lowercase HTTP method "post" is deprecated. Use uppercase HTTP method like "POST".', 16384)
 2 APPPATH/Config/Routes.php(52): CodeIgniter\Router\RouteCollection->match([...], 'compte/repondre/(:num)', 'Compte::repondre/$1')
 3 SYSTEMPATH/Router/RouteCollection.php(340): require('/home/2025DIFAL3/e22308557/public_html/V1/ci/app/Config/Routes.php')
 4 SYSTEMPATH/CodeIgniter.php(823): CodeIgniter\Router\RouteCollection->loadRoutes()
 5 SYSTEMPATH/CodeIgniter.php(457): CodeIgniter\CodeIgniter->tryToRouteIt(null)
 6 SYSTEMPATH/CodeIgniter.php(355): CodeIgniter\CodeIgniter->handleRequest(null, Object(Config\Cache), false)
 7 SYSTEMPATH/Boot.php(325): CodeIgniter\CodeIgniter->run()
 8 SYSTEMPATH/Boot.php(67): CodeIgniter\Boot::runCodeIgniter(Object(CodeIgniter\CodeIgniter))
 9 FCPATH/index.php(56): CodeIgniter\Boot::bootWeb(Object(Config\Paths))
WARNING - 2025-11-27 14:56:49 --> [DEPRECATED] Passing lowercase HTTP method "get" is deprecated. Use uppercase HTTP method like "GET". in SYSTEMPATH/Router/RouteCollection.php on line 1027.
 1 SYSTEMPATH/Router/RouteCollection.php(1027): trigger_error('Passing lowercase HTTP method "get" is deprecated. Use uppercase HTTP method like "GET".', 16384)
 2 APPPATH/Config/Routes.php(52): CodeIgniter\Router\RouteCollection->match([...], 'compte/repondre/(:num)', 'Compte::repondre/$1')
 3 SYSTEMPATH/Router/RouteCollection.php(340): require('/home/2025DIFAL3/e22308557/public_html/V1/ci/app/Config/Routes.php')
 4 SYSTEMPATH/CodeIgniter.php(823): CodeIgniter\Router\RouteCollection->loadRoutes()
 5 SYSTEMPATH/CodeIgniter.php(457): CodeIgniter\CodeIgniter->tryToRouteIt(null)
 6 SYSTEMPATH/CodeIgniter.php(355): CodeIgniter\CodeIgniter->handleRequest(null, Object(Config\Cache), false)
 7 SYSTEMPATH/Boot.php(325): CodeIgniter\CodeIgniter->run()
 8 SYSTEMPATH/Boot.php(67): CodeIgniter\Boot::runCodeIgniter(Object(CodeIgniter\CodeIgniter))
 9 FCPATH/index.php(56): CodeIgniter\Boot::bootWeb(Object(Config\Paths))
WARNING - 2025-11-27 14:56:49 --> [DEPRECATED] Passing lowercase HTTP method "post" is deprecated. Use uppercase HTTP method like "POST". in SYSTEMPATH/Router/RouteCollection.php on line 1027.
 1 SYSTEMPATH/Router/RouteCollection.php(1027): trigger_error('Passing lowercase HTTP method "post" is deprecated. Use uppercase HTTP method like "POST".', 16384)
 2 APPPATH/Config/Routes.php(52): CodeIgniter\Router\RouteCollection->match([...], 'compte/repondre/(:num)', 'Compte::repondre/$1')
 3 SYSTEMPATH/Router/RouteCollection.php(340): require('/home/2025DIFAL3/e22308557/public_html/V1/ci/app/Config/Routes.php')
 4 SYSTEMPATH/CodeIgniter.php(823): CodeIgniter\Router\RouteCollection->loadRoutes()
 5 SYSTEMPATH/CodeIgniter.php(457): CodeIgniter\CodeIgniter->tryToRouteIt(null)
 6 SYSTEMPATH/CodeIgniter.php(355): CodeIgniter\CodeIgniter->handleRequest(null, Object(Config\Cache), false)
 7 SYSTEMPATH/Boot.php(325): CodeIgniter\CodeIgniter->run()
 8 SYSTEMPATH/Boot.php(67): CodeIgniter\Boot::runCodeIgniter(Object(CodeIgniter\CodeIgniter))
 9 FCPATH/index.php(56): CodeIgniter\Boot::bootWeb(Object(Config\Paths))
WARNING - 2025-11-27 14:56:49 --> [DEPRECATED] Creation of dynamic property App\Controllers\Compte::$model is deprecated in APPPATH/Controllers/Compte.php on line 11.
 1 SYSTEMPATH/CodeIgniter.php(903): App\Controllers\Compte->__construct()
 2 SYSTEMPATH/CodeIgniter.php(500): CodeIgniter\CodeIgniter->createController()
 3 SYSTEMPATH/CodeIgniter.php(355): CodeIgniter\CodeIgniter->handleRequest(null, Object(Config\Cache), false)
 4 SYSTEMPATH/Boot.php(325): CodeIgniter\CodeIgniter->run()
 5 SYSTEMPATH/Boot.php(67): CodeIgniter\Boot::runCodeIgniter(Object(CodeIgniter\CodeIgniter))
 6 FCPATH/index.php(56): CodeIgniter\Boot::bootWeb(Object(Config\Paths))
INFO - 2025-11-27 14:56:49 --> Session: Class initialized using 'CodeIgniter\Session\Handlers\FileHandler' driver.
WARNING - 2025-11-27 15:01:45 --> [DEPRECATED] Passing lowercase HTTP method "get" is deprecated. Use uppercase HTTP method like "GET". in SYSTEMPATH/Router/RouteCollection.php on line 1027.
 1 SYSTEMPATH/Router/RouteCollection.php(1027): trigger_error('Passing lowercase HTTP method "get" is deprecated. Use uppercase HTTP method like "GET".', 16384)
 2 APPPATH/Config/Routes.php(52): CodeIgniter\Router\RouteCollection->match([...], 'compte/repondre/(:num)', 'Compte::repondre/$1')
 3 SYSTEMPATH/Router/RouteCollection.php(340): require('/home/2025DIFAL3/e22308557/public_html/V1/ci/app/Config/Routes.php')
 4 SYSTEMPATH/CodeIgniter.php(823): CodeIgniter\Router\RouteCollection->loadRoutes()
 5 SYSTEMPATH/CodeIgniter.php(457): CodeIgniter\CodeIgniter->tryToRouteIt(null)
 6 SYSTEMPATH/CodeIgniter.php(355): CodeIgniter\CodeIgniter->handleRequest(null, Object(Config\Cache), false)
 7 SYSTEMPATH/Boot.php(325): CodeIgniter\CodeIgniter->run()
 8 SYSTEMPATH/Boot.php(67): CodeIgniter\Boot::runCodeIgniter(Object(CodeIgniter\CodeIgniter))
 9 FCPATH/index.php(56): CodeIgniter\Boot::bootWeb(Object(Config\Paths))
WARNING - 2025-11-27 15:01:45 --> [DEPRECATED] Passing lowercase HTTP method "post" is deprecated. Use uppercase HTTP method like "POST". in SYSTEMPATH/Router/RouteCollection.php on line 1027.
 1 SYSTEMPATH/Router/RouteCollection.php(1027): trigger_error('Passing lowercase HTTP method "post" is deprecated. Use uppercase HTTP method like "POST".', 16384)
 2 APPPATH/Config/Routes.php(52): CodeIgniter\Router\RouteCollection->match([...], 'compte/repondre/(:num)', 'Compte::repondre/$1')
 3 SYSTEMPATH/Router/RouteCollection.php(340): require('/home/2025DIFAL3/e22308557/public_html/V1/ci/app/Config/Routes.php')
 4 SYSTEMPATH/CodeIgniter.php(823): CodeIgniter\Router\RouteCollection->loadRoutes()
 5 SYSTEMPATH/CodeIgniter.php(457): CodeIgniter\CodeIgniter->tryToRouteIt(null)
 6 SYSTEMPATH/CodeIgniter.php(355): CodeIgniter\CodeIgniter->handleRequest(null, Object(Config\Cache), false)
 7 SYSTEMPATH/Boot.php(325): CodeIgniter\CodeIgniter->run()
 8 SYSTEMPATH/Boot.php(67): CodeIgniter\Boot::runCodeIgniter(Object(CodeIgniter\CodeIgniter))
 9 FCPATH/index.php(56): CodeIgniter\Boot::bootWeb(Object(Config\Paths))
WARNING - 2025-11-27 15:01:45 --> [DEPRECATED] Creation of dynamic property App\Controllers\Compte::$model is deprecated in APPPATH/Controllers/Compte.php on line 11.
 1 SYSTEMPATH/CodeIgniter.php(903): App\Controllers\Compte->__construct()
 2 SYSTEMPATH/CodeIgniter.php(500): CodeIgniter\CodeIgniter->createController()
 3 SYSTEMPATH/CodeIgniter.php(355): CodeIgniter\CodeIgniter->handleRequest(null, Object(Config\Cache), false)
 4 SYSTEMPATH/Boot.php(325): CodeIgniter\CodeIgniter->run()
 5 SYSTEMPATH/Boot.php(67): CodeIgniter\Boot::runCodeIgniter(Object(CodeIgniter\CodeIgniter))
 6 FCPATH/index.php(56): CodeIgniter\Boot::bootWeb(Object(Config\Paths))
INFO - 2025-11-27 15:01:45 --> Session: Class initialized using 'CodeIgniter\Session\Handlers\FileHandler' driver.
WARNING - 2025-11-27 15:03:34 --> [DEPRECATED] Passing lowercase HTTP method "get" is deprecated. Use uppercase HTTP method like "GET". in SYSTEMPATH/Router/RouteCollection.php on line 1027.
 1 SYSTEMPATH/Router/RouteCollection.php(1027): trigger_error('Passing lowercase HTTP method "get" is deprecated. Use uppercase HTTP method like "GET".', 16384)
 2 APPPATH/Config/Routes.php(52): CodeIgniter\Router\RouteCollection->match([...], 'compte/repondre/(:num)', 'Compte::repondre/$1')
 3 SYSTEMPATH/Router/RouteCollection.php(340): require('/home/2025DIFAL3/e22308557/public_html/V1/ci/app/Config/Routes.php')
 4 SYSTEMPATH/CodeIgniter.php(823): CodeIgniter\Router\RouteCollection->loadRoutes()
 5 SYSTEMPATH/CodeIgniter.php(457): CodeIgniter\CodeIgniter->tryToRouteIt(null)
 6 SYSTEMPATH/CodeIgniter.php(355): CodeIgniter\CodeIgniter->handleRequest(null, Object(Config\Cache), false)
 7 SYSTEMPATH/Boot.php(325): CodeIgniter\CodeIgniter->run()
 8 SYSTEMPATH/Boot.php(67): CodeIgniter\Boot::runCodeIgniter(Object(CodeIgniter\CodeIgniter))
 9 FCPATH/index.php(56): CodeIgniter\Boot::bootWeb(Object(Config\Paths))
WARNING - 2025-11-27 15:03:34 --> [DEPRECATED] Passing lowercase HTTP method "post" is deprecated. Use uppercase HTTP method like "POST". in SYSTEMPATH/Router/RouteCollection.php on line 1027.
 1 SYSTEMPATH/Router/RouteCollection.php(1027): trigger_error('Passing lowercase HTTP method "post" is deprecated. Use uppercase HTTP method like "POST".', 16384)
 2 APPPATH/Config/Routes.php(52): CodeIgniter\Router\RouteCollection->match([...], 'compte/repondre/(:num)', 'Compte::repondre/$1')
 3 SYSTEMPATH/Router/RouteCollection.php(340): require('/home/2025DIFAL3/e22308557/public_html/V1/ci/app/Config/Routes.php')
 4 SYSTEMPATH/CodeIgniter.php(823): CodeIgniter\Router\RouteCollection->loadRoutes()
 5 SYSTEMPATH/CodeIgniter.php(457): CodeIgniter\CodeIgniter->tryToRouteIt(null)
 6 SYSTEMPATH/CodeIgniter.php(355): CodeIgniter\CodeIgniter->handleRequest(null, Object(Config\Cache), false)
 7 SYSTEMPATH/Boot.php(325): CodeIgniter\CodeIgniter->run()
 8 SYSTEMPATH/Boot.php(67): CodeIgniter\Boot::runCodeIgniter(Object(CodeIgniter\CodeIgniter))
 9 FCPATH/index.php(56): CodeIgniter\Boot::bootWeb(Object(Config\Paths))
WARNING - 2025-11-27 15:03:34 --> [DEPRECATED] Creation of dynamic property App\Controllers\Compte::$model is deprecated in APPPATH/Controllers/Compte.php on line 11.
 1 SYSTEMPATH/CodeIgniter.php(903): App\Controllers\Compte->__construct()
 2 SYSTEMPATH/CodeIgniter.php(500): CodeIgniter\CodeIgniter->createController()
 3 SYSTEMPATH/CodeIgniter.php(355): CodeIgniter\CodeIgniter->handleRequest(null, Object(Config\Cache), false)
 4 SYSTEMPATH/Boot.php(325): CodeIgniter\CodeIgniter->run()
 5 SYSTEMPATH/Boot.php(67): CodeIgniter\Boot::runCodeIgniter(Object(CodeIgniter\CodeIgniter))
 6 FCPATH/index.php(56): CodeIgniter\Boot::bootWeb(Object(Config\Paths))
INFO - 2025-11-27 15:03:34 --> Session: Class initialized using 'CodeIgniter\Session\Handlers\FileHandler' driver.
WARNING - 2025-11-27 15:04:07 --> [DEPRECATED] Passing lowercase HTTP method "get" is deprecated. Use uppercase HTTP method like "GET". in SYSTEMPATH/Router/RouteCollection.php on line 1027.
 1 SYSTEMPATH/Router/RouteCollection.php(1027): trigger_error('Passing lowercase HTTP method "get" is deprecated. Use uppercase HTTP method like "GET".', 16384)
 2 APPPATH/Config/Routes.php(52): CodeIgniter\Router\RouteCollection->match([...], 'compte/repondre/(:num)', 'Compte::repondre/$1')
 3 SYSTEMPATH/Router/RouteCollection.php(340): require('/home/2025DIFAL3/e22308557/public_html/V1/ci/app/Config/Routes.php')
 4 SYSTEMPATH/CodeIgniter.php(823): CodeIgniter\Router\RouteCollection->loadRoutes()
 5 SYSTEMPATH/CodeIgniter.php(457): CodeIgniter\CodeIgniter->tryToRouteIt(null)
 6 SYSTEMPATH/CodeIgniter.php(355): CodeIgniter\CodeIgniter->handleRequest(null, Object(Config\Cache), false)
 7 SYSTEMPATH/Boot.php(325): CodeIgniter\CodeIgniter->run()
 8 SYSTEMPATH/Boot.php(67): CodeIgniter\Boot::runCodeIgniter(Object(CodeIgniter\CodeIgniter))
 9 FCPATH/index.php(56): CodeIgniter\Boot::bootWeb(Object(Config\Paths))
WARNING - 2025-11-27 15:04:07 --> [DEPRECATED] Passing lowercase HTTP method "post" is deprecated. Use uppercase HTTP method like "POST". in SYSTEMPATH/Router/RouteCollection.php on line 1027.
 1 SYSTEMPATH/Router/RouteCollection.php(1027): trigger_error('Passing lowercase HTTP method "post" is deprecated. Use uppercase HTTP method like "POST".', 16384)
 2 APPPATH/Config/Routes.php(52): CodeIgniter\Router\RouteCollection->match([...], 'compte/repondre/(:num)', 'Compte::repondre/$1')
 3 SYSTEMPATH/Router/RouteCollection.php(340): require('/home/2025DIFAL3/e22308557/public_html/V1/ci/app/Config/Routes.php')
 4 SYSTEMPATH/CodeIgniter.php(823): CodeIgniter\Router\RouteCollection->loadRoutes()
 5 SYSTEMPATH/CodeIgniter.php(457): CodeIgniter\CodeIgniter->tryToRouteIt(null)
 6 SYSTEMPATH/CodeIgniter.php(355): CodeIgniter\CodeIgniter->handleRequest(null, Object(Config\Cache), false)
 7 SYSTEMPATH/Boot.php(325): CodeIgniter\CodeIgniter->run()
 8 SYSTEMPATH/Boot.php(67): CodeIgniter\Boot::runCodeIgniter(Object(CodeIgniter\CodeIgniter))
 9 FCPATH/index.php(56): CodeIgniter\Boot::bootWeb(Object(Config\Paths))
WARNING - 2025-11-27 15:04:07 --> [DEPRECATED] Creation of dynamic property App\Controllers\Compte::$model is deprecated in APPPATH/Controllers/Compte.php on line 11.
 1 SYSTEMPATH/CodeIgniter.php(903): App\Controllers\Compte->__construct()
 2 SYSTEMPATH/CodeIgniter.php(500): CodeIgniter\CodeIgniter->createController()
 3 SYSTEMPATH/CodeIgniter.php(355): CodeIgniter\CodeIgniter->handleRequest(null, Object(Config\Cache), false)
 4 SYSTEMPATH/Boot.php(325): CodeIgniter\CodeIgniter->run()
 5 SYSTEMPATH/Boot.php(67): CodeIgniter\Boot::runCodeIgniter(Object(CodeIgniter\CodeIgniter))
 6 FCPATH/index.php(56): CodeIgniter\Boot::bootWeb(Object(Config\Paths))
INFO - 2025-11-27 15:04:07 --> Session: Class initialized using 'CodeIgniter\Session\Handlers\FileHandler' driver.
WARNING - 2025-11-27 15:05:14 --> [DEPRECATED] Passing lowercase HTTP method "get" is deprecated. Use uppercase HTTP method like "GET". in SYSTEMPATH/Router/RouteCollection.php on line 1027.
 1 SYSTEMPATH/Router/RouteCollection.php(1027): trigger_error('Passing lowercase HTTP method "get" is deprecated. Use uppercase HTTP method like "GET".', 16384)
 2 APPPATH/Config/Routes.php(52): CodeIgniter\Router\RouteCollection->match([...], 'compte/repondre/(:num)', 'Compte::repondre/$1')
 3 SYSTEMPATH/Router/RouteCollection.php(340): require('/home/2025DIFAL3/e22308557/public_html/V1/ci/app/Config/Routes.php')
 4 SYSTEMPATH/CodeIgniter.php(823): CodeIgniter\Router\RouteCollection->loadRoutes()
 5 SYSTEMPATH/CodeIgniter.php(457): CodeIgniter\CodeIgniter->tryToRouteIt(null)
 6 SYSTEMPATH/CodeIgniter.php(355): CodeIgniter\CodeIgniter->handleRequest(null, Object(Config\Cache), false)
 7 SYSTEMPATH/Boot.php(325): CodeIgniter\CodeIgniter->run()
 8 SYSTEMPATH/Boot.php(67): CodeIgniter\Boot::runCodeIgniter(Object(CodeIgniter\CodeIgniter))
 9 FCPATH/index.php(56): CodeIgniter\Boot::bootWeb(Object(Config\Paths))
WARNING - 2025-11-27 15:05:14 --> [DEPRECATED] Passing lowercase HTTP method "post" is deprecated. Use uppercase HTTP method like "POST". in SYSTEMPATH/Router/RouteCollection.php on line 1027.
 1 SYSTEMPATH/Router/RouteCollection.php(1027): trigger_error('Passing lowercase HTTP method "post" is deprecated. Use uppercase HTTP method like "POST".', 16384)
 2 APPPATH/Config/Routes.php(52): CodeIgniter\Router\RouteCollection->match([...], 'compte/repondre/(:num)', 'Compte::repondre/$1')
 3 SYSTEMPATH/Router/RouteCollection.php(340): require('/home/2025DIFAL3/e22308557/public_html/V1/ci/app/Config/Routes.php')
 4 SYSTEMPATH/CodeIgniter.php(823): CodeIgniter\Router\RouteCollection->loadRoutes()
 5 SYSTEMPATH/CodeIgniter.php(457): CodeIgniter\CodeIgniter->tryToRouteIt(null)
 6 SYSTEMPATH/CodeIgniter.php(355): CodeIgniter\CodeIgniter->handleRequest(null, Object(Config\Cache), false)
 7 SYSTEMPATH/Boot.php(325): CodeIgniter\CodeIgniter->run()
 8 SYSTEMPATH/Boot.php(67): CodeIgniter\Boot::runCodeIgniter(Object(CodeIgniter\CodeIgniter))
 9 FCPATH/index.php(56): CodeIgniter\Boot::bootWeb(Object(Config\Paths))
WARNING - 2025-11-27 15:05:14 --> [DEPRECATED] Creation of dynamic property App\Controllers\Compte::$model is deprecated in APPPATH/Controllers/Compte.php on line 11.
 1 SYSTEMPATH/CodeIgniter.php(903): App\Controllers\Compte->__construct()
 2 SYSTEMPATH/CodeIgniter.php(500): CodeIgniter\CodeIgniter->createController()
 3 SYSTEMPATH/CodeIgniter.php(355): CodeIgniter\CodeIgniter->handleRequest(null, Object(Config\Cache), false)
 4 SYSTEMPATH/Boot.php(325): CodeIgniter\CodeIgniter->run()
 5 SYSTEMPATH/Boot.php(67): CodeIgniter\Boot::runCodeIgniter(Object(CodeIgniter\CodeIgniter))
 6 FCPATH/index.php(56): CodeIgniter\Boot::bootWeb(Object(Config\Paths))
INFO - 2025-11-27 15:05:14 --> Session: Class initialized using 'CodeIgniter\Session\Handlers\FileHandler' driver.
WARNING - 2025-11-27 15:11:51 --> [DEPRECATED] Passing lowercase HTTP method "get" is deprecated. Use uppercase HTTP method like "GET". in SYSTEMPATH/Router/RouteCollection.php on line 1027.
 1 SYSTEMPATH/Router/RouteCollection.php(1027): trigger_error('Passing lowercase HTTP method "get" is deprecated. Use uppercase HTTP method like "GET".', 16384)
 2 APPPATH/Config/Routes.php(52): CodeIgniter\Router\RouteCollection->match([...], 'compte/repondre/(:num)', 'Compte::repondre/$1')
 3 SYSTEMPATH/Router/RouteCollection.php(340): require('/home/2025DIFAL3/e22308557/public_html/V1/ci/app/Config/Routes.php')
 4 SYSTEMPATH/CodeIgniter.php(823): CodeIgniter\Router\RouteCollection->loadRoutes()
 5 SYSTEMPATH/CodeIgniter.php(457): CodeIgniter\CodeIgniter->tryToRouteIt(null)
 6 SYSTEMPATH/CodeIgniter.php(355): CodeIgniter\CodeIgniter->handleRequest(null, Object(Config\Cache), false)
 7 SYSTEMPATH/Boot.php(325): CodeIgniter\CodeIgniter->run()
 8 SYSTEMPATH/Boot.php(67): CodeIgniter\Boot::runCodeIgniter(Object(CodeIgniter\CodeIgniter))
 9 FCPATH/index.php(56): CodeIgniter\Boot::bootWeb(Object(Config\Paths))
WARNING - 2025-11-27 15:11:51 --> [DEPRECATED] Passing lowercase HTTP method "post" is deprecated. Use uppercase HTTP method like "POST". in SYSTEMPATH/Router/RouteCollection.php on line 1027.
 1 SYSTEMPATH/Router/RouteCollection.php(1027): trigger_error('Passing lowercase HTTP method "post" is deprecated. Use uppercase HTTP method like "POST".', 16384)
 2 APPPATH/Config/Routes.php(52): CodeIgniter\Router\RouteCollection->match([...], 'compte/repondre/(:num)', 'Compte::repondre/$1')
 3 SYSTEMPATH/Router/RouteCollection.php(340): require('/home/2025DIFAL3/e22308557/public_html/V1/ci/app/Config/Routes.php')
 4 SYSTEMPATH/CodeIgniter.php(823): CodeIgniter\Router\RouteCollection->loadRoutes()
 5 SYSTEMPATH/CodeIgniter.php(457): CodeIgniter\CodeIgniter->tryToRouteIt(null)
 6 SYSTEMPATH/CodeIgniter.php(355): CodeIgniter\CodeIgniter->handleRequest(null, Object(Config\Cache), false)
 7 SYSTEMPATH/Boot.php(325): CodeIgniter\CodeIgniter->run()
 8 SYSTEMPATH/Boot.php(67): CodeIgniter\Boot::runCodeIgniter(Object(CodeIgniter\CodeIgniter))
 9 FCPATH/index.php(56): CodeIgniter\Boot::bootWeb(Object(Config\Paths))
WARNING - 2025-11-27 15:11:51 --> [DEPRECATED] Creation of dynamic property App\Controllers\Compte::$model is deprecated in APPPATH/Controllers/Compte.php on line 11.
 1 SYSTEMPATH/CodeIgniter.php(903): App\Controllers\Compte->__construct()
 2 SYSTEMPATH/CodeIgniter.php(500): CodeIgniter\CodeIgniter->createController()
 3 SYSTEMPATH/CodeIgniter.php(355): CodeIgniter\CodeIgniter->handleRequest(null, Object(Config\Cache), false)
 4 SYSTEMPATH/Boot.php(325): CodeIgniter\CodeIgniter->run()
 5 SYSTEMPATH/Boot.php(67): CodeIgniter\Boot::runCodeIgniter(Object(CodeIgniter\CodeIgniter))
 6 FCPATH/index.php(56): CodeIgniter\Boot::bootWeb(Object(Config\Paths))
INFO - 2025-11-27 15:11:51 --> Session: Class initialized using 'CodeIgniter\Session\Handlers\FileHandler' driver.
WARNING - 2025-11-27 15:12:03 --> [DEPRECATED] Passing lowercase HTTP method "get" is deprecated. Use uppercase HTTP method like "GET". in SYSTEMPATH/Router/RouteCollection.php on line 1027.
 1 SYSTEMPATH/Router/RouteCollection.php(1027): trigger_error('Passing lowercase HTTP method "get" is deprecated. Use uppercase HTTP method like "GET".', 16384)
 2 APPPATH/Config/Routes.php(52): CodeIgniter\Router\RouteCollection->match([...], 'compte/repondre/(:num)', 'Compte::repondre/$1')
 3 SYSTEMPATH/Router/RouteCollection.php(340): require('/home/2025DIFAL3/e22308557/public_html/V1/ci/app/Config/Routes.php')
 4 SYSTEMPATH/CodeIgniter.php(823): CodeIgniter\Router\RouteCollection->loadRoutes()
 5 SYSTEMPATH/CodeIgniter.php(457): CodeIgniter\CodeIgniter->tryToRouteIt(null)
 6 SYSTEMPATH/CodeIgniter.php(355): CodeIgniter\CodeIgniter->handleRequest(null, Object(Config\Cache), false)
 7 SYSTEMPATH/Boot.php(325): CodeIgniter\CodeIgniter->run()
 8 SYSTEMPATH/Boot.php(67): CodeIgniter\Boot::runCodeIgniter(Object(CodeIgniter\CodeIgniter))
 9 FCPATH/index.php(56): CodeIgniter\Boot::bootWeb(Object(Config\Paths))
WARNING - 2025-11-27 15:12:03 --> [DEPRECATED] Passing lowercase HTTP method "post" is deprecated. Use uppercase HTTP method like "POST". in SYSTEMPATH/Router/RouteCollection.php on line 1027.
 1 SYSTEMPATH/Router/RouteCollection.php(1027): trigger_error('Passing lowercase HTTP method "post" is deprecated. Use uppercase HTTP method like "POST".', 16384)
 2 APPPATH/Config/Routes.php(52): CodeIgniter\Router\RouteCollection->match([...], 'compte/repondre/(:num)', 'Compte::repondre/$1')
 3 SYSTEMPATH/Router/RouteCollection.php(340): require('/home/2025DIFAL3/e22308557/public_html/V1/ci/app/Config/Routes.php')
 4 SYSTEMPATH/CodeIgniter.php(823): CodeIgniter\Router\RouteCollection->loadRoutes()
 5 SYSTEMPATH/CodeIgniter.php(457): CodeIgniter\CodeIgniter->tryToRouteIt(null)
 6 SYSTEMPATH/CodeIgniter.php(355): CodeIgniter\CodeIgniter->handleRequest(null, Object(Config\Cache), false)
 7 SYSTEMPATH/Boot.php(325): CodeIgniter\CodeIgniter->run()
 8 SYSTEMPATH/Boot.php(67): CodeIgniter\Boot::runCodeIgniter(Object(CodeIgniter\CodeIgniter))
 9 FCPATH/index.php(56): CodeIgniter\Boot::bootWeb(Object(Config\Paths))
WARNING - 2025-11-27 15:12:03 --> [DEPRECATED] Creation of dynamic property App\Controllers\Compte::$model is deprecated in APPPATH/Controllers/Compte.php on line 11.
 1 SYSTEMPATH/CodeIgniter.php(903): App\Controllers\Compte->__construct()
 2 SYSTEMPATH/CodeIgniter.php(500): CodeIgniter\CodeIgniter->createController()
 3 SYSTEMPATH/CodeIgniter.php(355): CodeIgniter\CodeIgniter->handleRequest(null, Object(Config\Cache), false)
 4 SYSTEMPATH/Boot.php(325): CodeIgniter\CodeIgniter->run()
 5 SYSTEMPATH/Boot.php(67): CodeIgniter\Boot::runCodeIgniter(Object(CodeIgniter\CodeIgniter))
 6 FCPATH/index.php(56): CodeIgniter\Boot::bootWeb(Object(Config\Paths))
INFO - 2025-11-27 15:12:03 --> Session: Class initialized using 'CodeIgniter\Session\Handlers\FileHandler' driver.
WARNING - 2025-11-27 15:12:26 --> [DEPRECATED] Passing lowercase HTTP method "get" is deprecated. Use uppercase HTTP method like "GET". in SYSTEMPATH/Router/RouteCollection.php on line 1027.
 1 SYSTEMPATH/Router/RouteCollection.php(1027): trigger_error('Passing lowercase HTTP method "get" is deprecated. Use uppercase HTTP method like "GET".', 16384)
 2 APPPATH/Config/Routes.php(52): CodeIgniter\Router\RouteCollection->match([...], 'compte/repondre/(:num)', 'Compte::repondre/$1')
 3 SYSTEMPATH/Router/RouteCollection.php(340): require('/home/2025DIFAL3/e22308557/public_html/V1/ci/app/Config/Routes.php')
 4 SYSTEMPATH/CodeIgniter.php(823): CodeIgniter\Router\RouteCollection->loadRoutes()
 5 SYSTEMPATH/CodeIgniter.php(457): CodeIgniter\CodeIgniter->tryToRouteIt(null)
 6 SYSTEMPATH/CodeIgniter.php(355): CodeIgniter\CodeIgniter->handleRequest(null, Object(Config\Cache), false)
 7 SYSTEMPATH/Boot.php(325): CodeIgniter\CodeIgniter->run()
 8 SYSTEMPATH/Boot.php(67): CodeIgniter\Boot::runCodeIgniter(Object(CodeIgniter\CodeIgniter))
 9 FCPATH/index.php(56): CodeIgniter\Boot::bootWeb(Object(Config\Paths))
WARNING - 2025-11-27 15:12:26 --> [DEPRECATED] Passing lowercase HTTP method "post" is deprecated. Use uppercase HTTP method like "POST". in SYSTEMPATH/Router/RouteCollection.php on line 1027.
 1 SYSTEMPATH/Router/RouteCollection.php(1027): trigger_error('Passing lowercase HTTP method "post" is deprecated. Use uppercase HTTP method like "POST".', 16384)
 2 APPPATH/Config/Routes.php(52): CodeIgniter\Router\RouteCollection->match([...], 'compte/repondre/(:num)', 'Compte::repondre/$1')
 3 SYSTEMPATH/Router/RouteCollection.php(340): require('/home/2025DIFAL3/e22308557/public_html/V1/ci/app/Config/Routes.php')
 4 SYSTEMPATH/CodeIgniter.php(823): CodeIgniter\Router\RouteCollection->loadRoutes()
 5 SYSTEMPATH/CodeIgniter.php(457): CodeIgniter\CodeIgniter->tryToRouteIt(null)
 6 SYSTEMPATH/CodeIgniter.php(355): CodeIgniter\CodeIgniter->handleRequest(null, Object(Config\Cache), false)
 7 SYSTEMPATH/Boot.php(325): CodeIgniter\CodeIgniter->run()
 8 SYSTEMPATH/Boot.php(67): CodeIgniter\Boot::runCodeIgniter(Object(CodeIgniter\CodeIgniter))
 9 FCPATH/index.php(56): CodeIgniter\Boot::bootWeb(Object(Config\Paths))
WARNING - 2025-11-27 15:12:26 --> [DEPRECATED] Creation of dynamic property App\Controllers\Compte::$model is deprecated in APPPATH/Controllers/Compte.php on line 11.
 1 SYSTEMPATH/CodeIgniter.php(903): App\Controllers\Compte->__construct()
 2 SYSTEMPATH/CodeIgniter.php(500): CodeIgniter\CodeIgniter->createController()
 3 SYSTEMPATH/CodeIgniter.php(355): CodeIgniter\CodeIgniter->handleRequest(null, Object(Config\Cache), false)
 4 SYSTEMPATH/Boot.php(325): CodeIgniter\CodeIgniter->run()
 5 SYSTEMPATH/Boot.php(67): CodeIgniter\Boot::runCodeIgniter(Object(CodeIgniter\CodeIgniter))
 6 FCPATH/index.php(56): CodeIgniter\Boot::bootWeb(Object(Config\Paths))
INFO - 2025-11-27 15:12:26 --> Session: Class initialized using 'CodeIgniter\Session\Handlers\FileHandler' driver.
WARNING - 2025-11-27 15:17:43 --> [DEPRECATED] Passing lowercase HTTP method "get" is deprecated. Use uppercase HTTP method like "GET". in SYSTEMPATH/Router/RouteCollection.php on line 1027.
 1 SYSTEMPATH/Router/RouteCollection.php(1027): trigger_error('Passing lowercase HTTP method "get" is deprecated. Use uppercase HTTP method like "GET".', 16384)
 2 APPPATH/Config/Routes.php(52): CodeIgniter\Router\RouteCollection->match([...], 'compte/repondre/(:num)', 'Compte::repondre/$1')
 3 SYSTEMPATH/Router/RouteCollection.php(340): require('/home/2025DIFAL3/e22308557/public_html/V1/ci/app/Config/Routes.php')
 4 SYSTEMPATH/CodeIgniter.php(823): CodeIgniter\Router\RouteCollection->loadRoutes()
 5 SYSTEMPATH/CodeIgniter.php(457): CodeIgniter\CodeIgniter->tryToRouteIt(null)
 6 SYSTEMPATH/CodeIgniter.php(355): CodeIgniter\CodeIgniter->handleRequest(null, Object(Config\Cache), false)
 7 SYSTEMPATH/Boot.php(325): CodeIgniter\CodeIgniter->run()
 8 SYSTEMPATH/Boot.php(67): CodeIgniter\Boot::runCodeIgniter(Object(CodeIgniter\CodeIgniter))
 9 FCPATH/index.php(56): CodeIgniter\Boot::bootWeb(Object(Config\Paths))
WARNING - 2025-11-27 15:17:43 --> [DEPRECATED] Passing lowercase HTTP method "post" is deprecated. Use uppercase HTTP method like "POST". in SYSTEMPATH/Router/RouteCollection.php on line 1027.
 1 SYSTEMPATH/Router/RouteCollection.php(1027): trigger_error('Passing lowercase HTTP method "post" is deprecated. Use uppercase HTTP method like "POST".', 16384)
 2 APPPATH/Config/Routes.php(52): CodeIgniter\Router\RouteCollection->match([...], 'compte/repondre/(:num)', 'Compte::repondre/$1')
 3 SYSTEMPATH/Router/RouteCollection.php(340): require('/home/2025DIFAL3/e22308557/public_html/V1/ci/app/Config/Routes.php')
 4 SYSTEMPATH/CodeIgniter.php(823): CodeIgniter\Router\RouteCollection->loadRoutes()
 5 SYSTEMPATH/CodeIgniter.php(457): CodeIgniter\CodeIgniter->tryToRouteIt(null)
 6 SYSTEMPATH/CodeIgniter.php(355): CodeIgniter\CodeIgniter->handleRequest(null, Object(Config\Cache), false)
 7 SYSTEMPATH/Boot.php(325): CodeIgniter\CodeIgniter->run()
 8 SYSTEMPATH/Boot.php(67): CodeIgniter\Boot::runCodeIgniter(Object(CodeIgniter\CodeIgniter))
 9 FCPATH/index.php(56): CodeIgniter\Boot::bootWeb(Object(Config\Paths))
WARNING - 2025-11-27 15:17:43 --> [DEPRECATED] Creation of dynamic property App\Controllers\Compte::$model is deprecated in APPPATH/Controllers/Compte.php on line 11.
 1 SYSTEMPATH/CodeIgniter.php(903): App\Controllers\Compte->__construct()
 2 SYSTEMPATH/CodeIgniter.php(500): CodeIgniter\CodeIgniter->createController()
 3 SYSTEMPATH/CodeIgniter.php(355): CodeIgniter\CodeIgniter->handleRequest(null, Object(Config\Cache), false)
 4 SYSTEMPATH/Boot.php(325): CodeIgniter\CodeIgniter->run()
 5 SYSTEMPATH/Boot.php(67): CodeIgniter\Boot::runCodeIgniter(Object(CodeIgniter\CodeIgniter))
 6 FCPATH/index.php(56): CodeIgniter\Boot::bootWeb(Object(Config\Paths))
INFO - 2025-11-27 15:17:43 --> Session: Class initialized using 'CodeIgniter\Session\Handlers\FileHandler' driver.
WARNING - 2025-11-27 15:18:18 --> [DEPRECATED] Passing lowercase HTTP method "get" is deprecated. Use uppercase HTTP method like "GET". in SYSTEMPATH/Router/RouteCollection.php on line 1027.
 1 SYSTEMPATH/Router/RouteCollection.php(1027): trigger_error('Passing lowercase HTTP method "get" is deprecated. Use uppercase HTTP method like "GET".', 16384)
 2 APPPATH/Config/Routes.php(52): CodeIgniter\Router\RouteCollection->match([...], 'compte/repondre/(:num)', 'Compte::repondre/$1')
 3 SYSTEMPATH/Router/RouteCollection.php(340): require('/home/2025DIFAL3/e22308557/public_html/V1/ci/app/Config/Routes.php')
 4 SYSTEMPATH/CodeIgniter.php(823): CodeIgniter\Router\RouteCollection->loadRoutes()
 5 SYSTEMPATH/CodeIgniter.php(457): CodeIgniter\CodeIgniter->tryToRouteIt(null)
 6 SYSTEMPATH/CodeIgniter.php(355): CodeIgniter\CodeIgniter->handleRequest(null, Object(Config\Cache), false)
 7 SYSTEMPATH/Boot.php(325): CodeIgniter\CodeIgniter->run()
 8 SYSTEMPATH/Boot.php(67): CodeIgniter\Boot::runCodeIgniter(Object(CodeIgniter\CodeIgniter))
 9 FCPATH/index.php(56): CodeIgniter\Boot::bootWeb(Object(Config\Paths))
WARNING - 2025-11-27 15:18:18 --> [DEPRECATED] Passing lowercase HTTP method "post" is deprecated. Use uppercase HTTP method like "POST". in SYSTEMPATH/Router/RouteCollection.php on line 1027.
 1 SYSTEMPATH/Router/RouteCollection.php(1027): trigger_error('Passing lowercase HTTP method "post" is deprecated. Use uppercase HTTP method like "POST".', 16384)
 2 APPPATH/Config/Routes.php(52): CodeIgniter\Router\RouteCollection->match([...], 'compte/repondre/(:num)', 'Compte::repondre/$1')
 3 SYSTEMPATH/Router/RouteCollection.php(340): require('/home/2025DIFAL3/e22308557/public_html/V1/ci/app/Config/Routes.php')
 4 SYSTEMPATH/CodeIgniter.php(823): CodeIgniter\Router\RouteCollection->loadRoutes()
 5 SYSTEMPATH/CodeIgniter.php(457): CodeIgniter\CodeIgniter->tryToRouteIt(null)
 6 SYSTEMPATH/CodeIgniter.php(355): CodeIgniter\CodeIgniter->handleRequest(null, Object(Config\Cache), false)
 7 SYSTEMPATH/Boot.php(325): CodeIgniter\CodeIgniter->run()
 8 SYSTEMPATH/Boot.php(67): CodeIgniter\Boot::runCodeIgniter(Object(CodeIgniter\CodeIgniter))
 9 FCPATH/index.php(56): CodeIgniter\Boot::bootWeb(Object(Config\Paths))
WARNING - 2025-11-27 15:18:18 --> [DEPRECATED] Creation of dynamic property App\Controllers\Compte::$model is deprecated in APPPATH/Controllers/Compte.php on line 11.
 1 SYSTEMPATH/CodeIgniter.php(903): App\Controllers\Compte->__construct()
 2 SYSTEMPATH/CodeIgniter.php(500): CodeIgniter\CodeIgniter->createController()
 3 SYSTEMPATH/CodeIgniter.php(355): CodeIgniter\CodeIgniter->handleRequest(null, Object(Config\Cache), false)
 4 SYSTEMPATH/Boot.php(325): CodeIgniter\CodeIgniter->run()
 5 SYSTEMPATH/Boot.php(67): CodeIgniter\Boot::runCodeIgniter(Object(CodeIgniter\CodeIgniter))
 6 FCPATH/index.php(56): CodeIgniter\Boot::bootWeb(Object(Config\Paths))
INFO - 2025-11-27 15:18:18 --> Session: Class initialized using 'CodeIgniter\Session\Handlers\FileHandler' driver.
WARNING - 2025-11-27 15:23:24 --> [DEPRECATED] Passing lowercase HTTP method "get" is deprecated. Use uppercase HTTP method like "GET". in SYSTEMPATH/Router/RouteCollection.php on line 1027.
 1 SYSTEMPATH/Router/RouteCollection.php(1027): trigger_error('Passing lowercase HTTP method "get" is deprecated. Use uppercase HTTP method like "GET".', 16384)
 2 APPPATH/Config/Routes.php(52): CodeIgniter\Router\RouteCollection->match([...], 'compte/repondre/(:num)', 'Compte::repondre/$1')
 3 SYSTEMPATH/Router/RouteCollection.php(340): require('/home/2025DIFAL3/e22308557/public_html/V1/ci/app/Config/Routes.php')
 4 SYSTEMPATH/CodeIgniter.php(823): CodeIgniter\Router\RouteCollection->loadRoutes()
 5 SYSTEMPATH/CodeIgniter.php(457): CodeIgniter\CodeIgniter->tryToRouteIt(null)
 6 SYSTEMPATH/CodeIgniter.php(355): CodeIgniter\CodeIgniter->handleRequest(null, Object(Config\Cache), false)
 7 SYSTEMPATH/Boot.php(325): CodeIgniter\CodeIgniter->run()
 8 SYSTEMPATH/Boot.php(67): CodeIgniter\Boot::runCodeIgniter(Object(CodeIgniter\CodeIgniter))
 9 FCPATH/index.php(56): CodeIgniter\Boot::bootWeb(Object(Config\Paths))
WARNING - 2025-11-27 15:23:24 --> [DEPRECATED] Passing lowercase HTTP method "post" is deprecated. Use uppercase HTTP method like "POST". in SYSTEMPATH/Router/RouteCollection.php on line 1027.
 1 SYSTEMPATH/Router/RouteCollection.php(1027): trigger_error('Passing lowercase HTTP method "post" is deprecated. Use uppercase HTTP method like "POST".', 16384)
 2 APPPATH/Config/Routes.php(52): CodeIgniter\Router\RouteCollection->match([...], 'compte/repondre/(:num)', 'Compte::repondre/$1')
 3 SYSTEMPATH/Router/RouteCollection.php(340): require('/home/2025DIFAL3/e22308557/public_html/V1/ci/app/Config/Routes.php')
 4 SYSTEMPATH/CodeIgniter.php(823): CodeIgniter\Router\RouteCollection->loadRoutes()
 5 SYSTEMPATH/CodeIgniter.php(457): CodeIgniter\CodeIgniter->tryToRouteIt(null)
 6 SYSTEMPATH/CodeIgniter.php(355): CodeIgniter\CodeIgniter->handleRequest(null, Object(Config\Cache), false)
 7 SYSTEMPATH/Boot.php(325): CodeIgniter\CodeIgniter->run()
 8 SYSTEMPATH/Boot.php(67): CodeIgniter\Boot::runCodeIgniter(Object(CodeIgniter\CodeIgniter))
 9 FCPATH/index.php(56): CodeIgniter\Boot::bootWeb(Object(Config\Paths))
WARNING - 2025-11-27 15:23:24 --> [DEPRECATED] Creation of dynamic property App\Controllers\Compte::$model is deprecated in APPPATH/Controllers/Compte.php on line 11.
 1 SYSTEMPATH/CodeIgniter.php(903): App\Controllers\Compte->__construct()
 2 SYSTEMPATH/CodeIgniter.php(500): CodeIgniter\CodeIgniter->createController()
 3 SYSTEMPATH/CodeIgniter.php(355): CodeIgniter\CodeIgniter->handleRequest(null, Object(Config\Cache), false)
 4 SYSTEMPATH/Boot.php(325): CodeIgniter\CodeIgniter->run()
 5 SYSTEMPATH/Boot.php(67): CodeIgniter\Boot::runCodeIgniter(Object(CodeIgniter\CodeIgniter))
 6 FCPATH/index.php(56): CodeIgniter\Boot::bootWeb(Object(Config\Paths))
INFO - 2025-11-27 15:23:24 --> Session: Class initialized using 'CodeIgniter\Session\Handlers\FileHandler' driver.
WARNING - 2025-11-27 15:23:54 --> [DEPRECATED] Passing lowercase HTTP method "get" is deprecated. Use uppercase HTTP method like "GET". in SYSTEMPATH/Router/RouteCollection.php on line 1027.
 1 SYSTEMPATH/Router/RouteCollection.php(1027): trigger_error('Passing lowercase HTTP method "get" is deprecated. Use uppercase HTTP method like "GET".', 16384)
 2 APPPATH/Config/Routes.php(52): CodeIgniter\Router\RouteCollection->match([...], 'compte/repondre/(:num)', 'Compte::repondre/$1')
 3 SYSTEMPATH/Router/RouteCollection.php(340): require('/home/2025DIFAL3/e22308557/public_html/V1/ci/app/Config/Routes.php')
 4 SYSTEMPATH/CodeIgniter.php(823): CodeIgniter\Router\RouteCollection->loadRoutes()
 5 SYSTEMPATH/CodeIgniter.php(457): CodeIgniter\CodeIgniter->tryToRouteIt(null)
 6 SYSTEMPATH/CodeIgniter.php(355): CodeIgniter\CodeIgniter->handleRequest(null, Object(Config\Cache), false)
 7 SYSTEMPATH/Boot.php(325): CodeIgniter\CodeIgniter->run()
 8 SYSTEMPATH/Boot.php(67): CodeIgniter\Boot::runCodeIgniter(Object(CodeIgniter\CodeIgniter))
 9 FCPATH/index.php(56): CodeIgniter\Boot::bootWeb(Object(Config\Paths))
WARNING - 2025-11-27 15:23:54 --> [DEPRECATED] Passing lowercase HTTP method "post" is deprecated. Use uppercase HTTP method like "POST". in SYSTEMPATH/Router/RouteCollection.php on line 1027.
 1 SYSTEMPATH/Router/RouteCollection.php(1027): trigger_error('Passing lowercase HTTP method "post" is deprecated. Use uppercase HTTP method like "POST".', 16384)
 2 APPPATH/Config/Routes.php(52): CodeIgniter\Router\RouteCollection->match([...], 'compte/repondre/(:num)', 'Compte::repondre/$1')
 3 SYSTEMPATH/Router/RouteCollection.php(340): require('/home/2025DIFAL3/e22308557/public_html/V1/ci/app/Config/Routes.php')
 4 SYSTEMPATH/CodeIgniter.php(823): CodeIgniter\Router\RouteCollection->loadRoutes()
 5 SYSTEMPATH/CodeIgniter.php(457): CodeIgniter\CodeIgniter->tryToRouteIt(null)
 6 SYSTEMPATH/CodeIgniter.php(355): CodeIgniter\CodeIgniter->handleRequest(null, Object(Config\Cache), false)
 7 SYSTEMPATH/Boot.php(325): CodeIgniter\CodeIgniter->run()
 8 SYSTEMPATH/Boot.php(67): CodeIgniter\Boot::runCodeIgniter(Object(CodeIgniter\CodeIgniter))
 9 FCPATH/index.php(56): CodeIgniter\Boot::bootWeb(Object(Config\Paths))
WARNING - 2025-11-27 15:23:54 --> [DEPRECATED] Creation of dynamic property App\Controllers\Compte::$model is deprecated in APPPATH/Controllers/Compte.php on line 11.
 1 SYSTEMPATH/CodeIgniter.php(903): App\Controllers\Compte->__construct()
 2 SYSTEMPATH/CodeIgniter.php(500): CodeIgniter\CodeIgniter->createController()
 3 SYSTEMPATH/CodeIgniter.php(355): CodeIgniter\CodeIgniter->handleRequest(null, Object(Config\Cache), false)
 4 SYSTEMPATH/Boot.php(325): CodeIgniter\CodeIgniter->run()
 5 SYSTEMPATH/Boot.php(67): CodeIgniter\Boot::runCodeIgniter(Object(CodeIgniter\CodeIgniter))
 6 FCPATH/index.php(56): CodeIgniter\Boot::bootWeb(Object(Config\Paths))
INFO - 2025-11-27 15:23:54 --> Session: Class initialized using 'CodeIgniter\Session\Handlers\FileHandler' driver.
